candidate_id,cite_key,entry_type,key_author,authors,author_kinds,title,year,venue_field,venue,doi,url
C0091,AIRacingTech2020AIRacing,misc,AIRacingTech,AI Racing Tech,corporate,AI Racing Tech,2020,howpublished,Official team website,,https://www.airacingtech.com/about-us
C0095,ALSunni2025LLAMPC,misc,AL-Sunni,Maitham F. AL-Sunni; Hassan Almubarak; Katherine Horng; John M. Dolan,personal;personal;personal;personal,LLA-MPC: Fast Adaptive Control for Autonomous Racing,2025,howpublished,arXiv,10.48550/arxiv.2505.19512,https://arxiv.org/abs/2505.19512
C0128,Althoff2017CommonRoadComposable,inproceedings,Althoff,Matthias Althoff; Markus Koschi; Stefanie Manzinger,personal;personal;personal,CommonRoad: Composable Benchmarks for Motion Planning on Roads,2017,booktitle,2017 IEEE Intelligent Vehicles Symposium (IV),10.1109/ivs.2017.7995802,
C0012,Alyaseri2024ComparativeAnalysis,article,Alyaseri,Sana Alyaseri; Andy Conner,personal;personal,Comparative Analysis of Metaheuristic Algorithms for Procedural Race Track Generation in Games,2024,journal,International Journal of Applied Metaheuristic Computing,10.4018/ijamc.350330,
C0081,Amini2022VISTA2,inproceedings,Amini,Alexander Amini; Tsun-Hsuan Wang; Igor Gilitschenski; Wilko Schwarting; Zhijian Liu; Song Han; Sertac Karaman; Daniela Rus,personal;personal;personal;personal;personal;personal;personal;personal,"VISTA 2.0: An Open, Data-driven Simulator for Multimodal Sensing and Policy Learning for Autonomous Vehicles",2022,booktitle,2022 International Conference on Robotics and Automation (ICRA),10.1109/icra46639.2022.9812276,
C0110,Arcaini2024CRAGCombinatorial,article,Arcaini,Paolo Arcaini; Ahmet Cetinkaya,personal;personal,CRAG – a combinatorial testing-based generator of road geometries for ADS testing,2024,journal,Science of Computer Programming,10.1016/j.scico.2024.103171,
C0102,Arnold2013TestingAutonomous,inproceedings,Arnold,James Arnold; Rob Alexander,personal;personal,Testing Autonomous Robot Control Software Using Procedural Content Generation,2013,booktitle,"Computer Safety, Reliability, and Security",10.1007/978-3-642-40793-2_4,
C0170,ASAM2024ASAMOpenDRIVE,misc,ASAM,ASAM e.V.,corporate,"ASAM OpenDRIVE BS 1.8.1 Specification, 2024-11-21",2024,howpublished,ASAM standard,,https://publications.pages.asam.net/standards/ASAM_OpenDRIVE/ASAM_OpenDRIVE_Specification/v1.8.1/specification/index.html
C0172,ASAM2024ASAMOpenSCENARIO,misc,ASAM,ASAM e.V.,corporate,"ASAM OpenSCENARIO® XML BS 1.3.0 Specification, 2024-03-07",2024,howpublished,ASAM standard,,https://publications.pages.asam.net/standards/ASAM_OpenSCENARIO/ASAM_OpenSCENARIO_XML/v1.3.0/index.html
C0169,ASAM2026ASAMOpenCRG,misc,ASAM,ASAM e.V.,corporate,ASAM OpenCRG 2.0.1,2026,howpublished,ASAM standard,,https://www.asam.net/standards/detail/opencrg/
C0007,ASAM2026ASAMOpenDRIVEa,misc,ASAM,ASAM e.V.,corporate,ASAM OpenDRIVE,2026,howpublished,ASAM,,https://www.asam.net/standards/detail/opendrive/
C0171,ASAM2026ASAMOpenDRIVEb,misc,ASAM,ASAM e.V.,corporate,ASAM OpenDRIVE BS 1.9.0 Specification,2026,howpublished,ASAM,,https://publications.pages.asam.net/standards/ASAM_OpenDRIVE/ASAM_OpenDRIVE_Specification/v1.9.0/specification/index.html
C0113,Ashlock2006EvolvingDiverse,inproceedings,Ashlock,D. A. Ashlock; T. W. Manikas; K. Ashenayi,personal;personal;personal,Evolving A Diverse Collection of Robot Path Planning Problems,2006,booktitle,2006 IEEE International Conference on Evolutionary Computation,10.1109/cec.2006.1688530,
C0134,Ayerdi2023RoadSignSBFT,inproceedings,Ayerdi,Jon Ayerdi; Aitor Arrieta; Miren Illarramendi,personal;personal;personal,RoadSign at the SBFT 2023 Tool Competition Cyber-Physical Systems Track,2023,booktitle,2023 IEEE/ACM International Workshop on Search-Based and Fuzz Testing (SBFT),10.1109/sbft59156.2023.00006,
C0018,Azad2023CLUTRCurriculum,inproceedings,Azad,Abdus Salam Azad; Izzeddin Gur; Jasper Emhoff; Nathaniel Alexis; Aleksandra Faust; Pieter Abbeel; Ion Stoica,personal;personal;personal;personal;personal;personal;personal,CLUTR: Curriculum Learning via Unsupervised Task Representation Learning,2023,booktitle,Proceedings of the 40th International Conference on Machine Learning,,https://proceedings.mlr.press/v202/azad23a.html
C0005,Barthet2023SolidRally,misc,Barthet,Matthew Barthet,personal,Solid-Rally-Plus,2023,howpublished,Official GitHub repository,,https://github.com/DiogoAABranco/Solid-Rally-Plus
C0004,Barthet2024ClosingAffective,inproceedings,Barthet,Matthew Barthet;Diogo Branco;Roberto Gallotta;Ahmed Khalifa;Georgios N. Yannakakis,personal;personal;personal;personal;personal,Closing the Affective Loop via Experience-Driven Reinforcement Learning Designers,2024,booktitle,2024 12th International Conference on Affective Computing and Intelligent Interaction (ACII),10.1109/acii63134.2024.00034,
C0096,Betz2022AutonomousVehicles,article,Betz,Johannes Betz; Hongrui Zheng; Alexander Liniger; Ugo Rosolia; Phillip Karle; Madhur Behl; Venkat Krovi; Rahul Mangharam,personal;personal;personal;personal;personal;personal;personal;personal,Autonomous Vehicles on the Edge: A Survey on Autonomous Vehicle Racing,2022,journal,IEEE Open Journal of Intelligent Transportation Systems,10.1109/ojits.2022.3181510,
C0086,Betz2023TUMAutonomous,article,Betz,Johannes Betz; Tobias Betz; Felix Fent; Maximilian Geisslinger; Alexander Heilmeier; Leonhard Hermansdorfer; Thomas Herrmann; Sebastian Huch; Phillip Karle; Markus Lienkamp; Boris Lohmann; Felix Nobis; Levent Ögretmen; Matthias Rowold; Florian Sauerbeck; Tim Stahl; Rainer Trauth; Frederik Werner; Alexander Wischnewski,personal;personal;personal;personal;personal;personal;personal;personal;personal;personal;personal;personal;personal;personal;personal;personal;personal;personal;personal,TUM autonomous motorsport: An autonomous racing software for the Indy Autonomous Challenge,2023,journal,Journal of Field Robotics,10.1002/rob.22153,
C0147,Bingham2019TowardMaritime,inproceedings,Bingham,Brian Bingham;Carlos Agüero;Michael McCarrin;Joseph Klamo;Joshua Malia;Kevin Allen;Tyler Lum;Marshall Rawson;Rumman Waqar,personal;personal;personal;personal;personal;personal;personal;personal;personal,Toward Maritime Robotic Simulation in Gazebo,2019,booktitle,OCEANS 2019 MTS/IEEE SEATTLE,10.23919/oceans40490.2019.8962724,
C0103,Birchler2023MachineLearning,article,Birchler,Christian Birchler;Sajad Khatiri;Bill Bosshard;Alessio Gambi;Sebastiano Panichella,personal;personal;personal;personal;personal,Machine learning-based test selection for simulation-based testing of self-driving cars software,2023,journal,Empirical Software Engineering,10.1007/s10664-023-10286-y,
C0024,Blattner2024DiversityGuided,inproceedings,Blattner,Timo Blattner;Christian Birchler;Timo Kehrer;Sebastiano Panichella,personal;personal;personal;personal,Diversity-guided Search Exploration for Self-driving Cars Test Generation through Frenet Space Encoding,2024,booktitle,Proceedings of the 17th ACM/IEEE International Workshop on Search-Based and Fuzz Testing,10.1145/3643659.3643926,
C0044,Bonab2019OptimizationBased,inproceedings,Bonab,Saeed Amirfarhangi Bonab; Ali Emadi,personal; personal,Optimization-based Path Planning for an Autonomous Vehicle in a Racing Track,2019,booktitle,IECON 2019 - 45th Annual Conference of the IEEE Industrial Electronics Society,10.1109/iecon.2019.8926856,
C0037,Braghin2008RaceDriver,article,Braghin,F. Braghin; F. Cheli; S. Melzi; E. Sabbioni,personal;personal;personal;personal,Race driver model,2008,journal,Computers & Structures,10.1016/j.compstruc.2007.04.028,
C0153,Brockman2016OpenAIGym,misc,Brockman,Greg Brockman; Vicki Cheung; Ludwig Pettersson; Jonas Schneider; John Schulman; Jie Tang; Wojciech Zaremba,personal;personal;personal;personal;personal;personal;personal,OpenAI Gym,2016,howpublished,arXiv,10.48550/arxiv.1606.01540,https://arxiv.org/abs/1606.01540
C0080,Brunnbauer2022LatentImagination,inproceedings,Brunnbauer,Axel Brunnbauer; Luigi Berducci; Andreas Brandstätter; Mathias Lechner; Ramin Hasani; Daniela Rus; Radu Grosu,personal; personal; personal; personal; personal; personal; personal,Latent Imagination Facilitates Zero-Shot Transfer in Autonomous Racing,2022,booktitle,2022 International Conference on Robotics and Automation (ICRA),10.1109/icra46639.2022.9811650,
C0187,BYUFRoStLabNodateHoloOcean1,misc,BYU FRoStLab,BYU FRoStLab,corporate,HoloOcean 1.0.0: Scenarios,,howpublished,HoloOcean 1.0.0 official documentation,,https://byu-holoocean.github.io/holoocean-docs/v1.0.0/usage/scenarios.html
C0151,Campos2015ProceduralGeneration,article,Campos,Carlos Campos; João Miguel Leitão; António Fernando Coelho,personal; personal; personal,Procedural Generation of Road Paths for Driving Simulation,2015,journal,International Journal of Creative Interfaces and Computer Graphics,10.4018/ijcicg.2015070103,
C0056,Cantarella2002MinimumRopelength,article,Cantarella,Jason Cantarella; Robert B. Kusner; John M. Sullivan,personal;personal;personal,On the minimum ropelength of knots and links,2002,journal,Inventiones mathematicae,10.1007/s00222-002-0234-y,
C0040,Cardamone2010SearchingOptimal,inproceedings,Cardamone,Luigi Cardamone;Daniele Loiacono;Pier Luca Lanzi;Alessandro Pietro Bardelli,personal;personal;personal;personal,Searching for the optimal racing line using genetic algorithms,2010,booktitle,Proceedings of the 2010 IEEE Conference on Computational Intelligence and Games,10.1109/itw.2010.5593330,
C0141,Cardamone2011InteractiveEvolution,inproceedings,Cardamone,Luigi Cardamone; Daniele Loiacono; Pier Luca Lanzi,personal;personal;personal,Interactive Evolution for the Procedural Generation of Tracks in a High-End Racing Game,2011,booktitle,Proceedings of the 13th annual conference on Genetic and evolutionary computation,10.1145/2001576.2001631,
C0003,Cardamone2015TrackGenInteractive,article,Cardamone,Luigi Cardamone; Pier Luca Lanzi; Daniele Loiacono,personal;personal;personal,TrackGen: An interactive track generator for TORCS and Speed-Dreams,2015,journal,Applied Soft Computing,10.1016/j.asoc.2014.11.010,
C0192,CARLA2021OpenDRIVEStandalone,misc,CARLA,CARLA Team,corporate,OpenDRIVE standalone mode,2021,howpublished,CARLA 0.9.12 documentation,,https://carla.readthedocs.io/en/0.9.12/adv_opendrive/
C0175,CARLANodateCARLAAutonomous,misc,CARLA,CARLA Leaderboard Team,corporate,CARLA Autonomous Driving Leaderboard 2.0,,howpublished,CARLA Leaderboard documentation and repositories,,https://leaderboard.carla.org/get_started_v2_0/
C0133,Castellano2021AnalysisRoad,inproceedings,Castellano,Ezequiel Castellano; Ahmet Cetinkaya; Paolo Arcaini,personal;personal;personal,Analysis of Road Representations in Search-Based Testing of Autonomous Driving Systems,2021,booktitle,"2021 IEEE 21st International Conference on Software Quality, Reliability and Security (QRS)",10.1109/qrs54544.2021.00028,https://ieeexplore.ieee.org/document/9724804/
C0045,CattoNodateBox2D,misc,Catto,Erin Catto,personal,Box2D,,howpublished,GitHub,,https://github.com/erincatto/box2d
C0084,Charles2025AdvancingAutonomous,inproceedings,Charles,Israel Charles; Hossein Maghsoumi; Yaser Fallah,personal;personal;personal,Advancing Autonomous Racing: A Comprehensive Survey of the Roboracer (F1TENTH) Platform,2025,booktitle,"2025 6th International Conference on Artificial Intelligence, Robotics and Control (AIRC)",10.1109/airc64931.2025.11077481,
C0054,Chen2008InteractiveProcedural,article,Chen,Guoning Chen; Gregory Esch; Peter Wonka; Pascal Müller; Eugene Zhang,personal;personal;personal;personal;personal,Interactive procedural street modeling,2008,journal,ACM Transactions on Graphics,10.1145/1360612.1360702,
C0140,Cheng2024ExtremeParkour,inproceedings,Cheng,Xuxin Cheng; Kexin Shi; Ananye Agarwal; Deepak Pathak,personal;personal;personal;personal,Extreme Parkour with Legged Robots,2024,booktitle,2024 IEEE International Conference on Robotics and Automation (ICRA),10.1109/icra57147.2024.10610200,https://arxiv.org/abs/2309.14341
C0047,ChickenKorma2022ChickenKormaTrack,misc,ChickenKorma,ChickenKorma,personal,ChickenKorma/Track-Generator,2022,howpublished,GitHub repository,,https://github.com/ChickenKorma/Track-Generator
C0205,Chitta2025SLEDGESynthesizing,inproceedings,Chitta,Kashyap Chitta;Daniel Dauner;Andreas Geiger,personal;personal;personal,SLEDGE: Synthesizing Driving Environments with Generative Models and Rule-Based Traffic,2025,booktitle,Computer Vision - ECCV 2024,10.1007/978-3-031-73235-5_4,
C0041,Christ2021TimeOptimal,article,Christ,Fabian Christ; Alexander Wischnewski; Alexander Heilmeier; Boris Lohmann,personal;personal;personal;personal,Time-optimal trajectory planning for a race car considering variable tyre-road friction coefficients,2021,journal,Vehicle System Dynamics,10.1080/00423114.2019.1704804,
C0090,CMURI2024DriverlessIntelligent,misc,CMURI,Carnegie Mellon University Robotics Institute,corporate,Driverless Intelligent Vehicles Lab,2024,howpublished,Robotics Institute Carnegie Mellon University,,https://www.ri.cmu.edu/robotics-groups/driverless-intelligent-vehicles-lab/
C0071,Cobbe2020LeveragingProcedural,inproceedings,Cobbe,Karl Cobbe; Chris Hesse; Jacob Hilton; John Schulman,personal;personal;personal;personal,Leveraging Procedural Generation to Benchmark Reinforcement Learning,2020,booktitle,Proceedings of the 37th International Conference on Machine Learning,,https://proceedings.mlr.press/v119/cobbe20a.html
C0020,Dennis2020EmergentComplexity,inproceedings,Dennis,Michael Dennis; Natasha Jaques; Eugene Vinitsky; Alexandre Bayen; Stuart J. Russell; Andrew Critch; Sergey Levine,personal; personal; personal; personal; personal; personal; personal,Emergent Complexity and Zero-shot Transfer via Unsupervised Environment Design,2020,booktitle,Advances in Neural Information Processing Systems 33,,https://proceedings.neurips.cc/paper_files/paper/2020/hash/985e9a46e10005356bbaf194249f6856-Abstract.html
C0135,DeVivo2023SpiraleSBFT,inproceedings,DeVivo,Domenico De Vivo; Anna Rita Fasolino,personal;personal,Spirale at the SBFT 2023 Tool Competiton - Cyber-Physical Systems Track,2023,booktitle,2023 IEEE/ACM International Workshop on Search-Based and Fuzz Testing (SBFT),10.1109/sbft59156.2023.00007,https://ieeexplore.ieee.org/document/10190397/
C0013,doNascimento2021ProceduralGeneration,inproceedings,do Nascimento,Erik Jhones F. do Nascimento; Tassiana M. Castro; Ana Carolina S. Abreu; Filipe A. Lira; Amauri H. Souza,personal;personal;personal;personal;personal,Procedural Generation of Isometric Racetracks Using Chain Code for Racing Games,2021,booktitle,2021 20th Brazilian Symposium on Computer Games and Digital Entertainment (SBGames),10.1109/sbgames54170.2021.00025,
C0049,DralligNodateProceduralRace,misc,Gillard,Luke Gillard,personal,Procedural Race Track Generator,,howpublished,GitHub,,https://github.com/Drallig/ProceduralTrack
C0191,EclipseSUMONodateNetgenerate,misc,EclipseSUMO,Eclipse SUMO contributors,corporate,netgenerate,,howpublished,SUMO Documentation,,https://sumo.dlr.de/docs/netgenerate.html
C0066,Ecoffet2021FirstReturn,article,Ecoffet,Adrien Ecoffet; Joost Huizinga; Joel Lehman; Kenneth O. Stanley; Jeff Clune,personal;personal;personal;personal;personal,"First return, then explore",2021,journal,Nature,10.1038/s41586-020-03157-9,https://www.nature.com/articles/s41586-020-03157-9
C0053,EsriNodateArcGISCityEngine,misc,Esri,Esri,corporate,ArcGIS CityEngine,,howpublished,Esri,,https://www.esri.com/en-us/arcgis/products/arcgis-cityengine/overview
C0178,EUFS2023EUFSMaps,misc,EUFS,Edinburgh University Formula Student,corporate,EUFS maps,2023,howpublished,Official GitLab repository,,https://gitlab.com/eufs/public/eufs_maps
C0083,Evans2024UnifyingF1TENTH,misc,Evans,Benjamin David Evans; Raphael Trumpp; Marco Caccamo; Felix Jahncke; Johannes Betz; Hendrik Willem Jordaan; Herman Arnold Engelbrecht,personal;personal;personal;personal;personal;personal;personal,"Unifying F1TENTH Autonomous Racing: Survey, Methods and Benchmarks",2024,howpublished,arXiv,10.48550/arxiv.2402.18558,https://arxiv.org/abs/2402.18558
C0182,F1TENTH2021F1tenthF1tenth,misc,F1TENTH,F1TENTH,corporate,f1tenth/f1tenth_racetracks,2021,howpublished,GitHub repository,,https://github.com/f1tenth/f1tenth_racetracks
C0075,Foehn2022AlphaPilotAutonomous,article,Foehn,Philipp Foehn; Dario Brescianini; Elia Kaufmann; Titus Cieslewski; Mathias Gehrig; Manasi Muglikar; Davide Scaramuzza,personal;personal;personal;personal;personal;personal;personal,AlphaPilot: autonomous drone racing,2022,journal,Autonomous Robots,10.1007/s10514-021-10011-y,
C0196,FormulaStudentTeamDelft2026RandomTrack,misc,FormulaStudentTeamDelft,Formula Student Team Delft,corporate,Random Track Generator,2026,howpublished,Python Package Index,,https://pypi.org/project/random-track-generator/
C0184,FSDriverless2023FormulaStudent,misc,FS-Driverless,FS-Driverless,corporate,Formula Student Driverless Simulator 2.2.0,2023,howpublished,GitHub release and official documentation,,https://github.com/FS-Driverless/Formula-Student-Driverless-Simulator/releases/tag/v2.2.0
C0031,Fuchs2021SuperHuman,article,Fuchs,Florian Fuchs; Yunlong Song; Elia Kaufmann; Davide Scaramuzza; Peter Dürr,personal;personal;personal;personal;personal,Super-Human Performance in Gran Turismo Sport Using Deep Reinforcement Learning,2021,journal,IEEE Robotics and Automation Letters,10.1109/lra.2021.3064284,
C0022,Gambi2019AutomaticallyTesting,inproceedings,Gambi,Alessio Gambi; Marc Mueller; Gordon Fraser,personal;personal;personal,Automatically Testing Self-Driving Cars with Search-Based Procedural Content Generation,2019,booktitle,Proceedings of the 28th ACM SIGSOFT International Symposium on Software Testing and Analysis,10.1145/3293882.3330566,
C0115,Georgiou2016PersonalisedTrack,inproceedings,Georgiou,Theodosis Georgiou; Yiannis Demiris,personal; personal,Personalised track design in car racing games,2016,booktitle,2016 IEEE Conference on Computational Intelligence and Games (CIG),10.1109/cig.2016.7860435,
C0089,Goldfain2019AutoRallyOpen,article,Goldfain,Brian Goldfain;Paul Drews;Changxi You;Matthew Barulic;Orlin Velev;Panagiotis Tsiotras;James M. Rehg,personal;personal;personal;personal;personal;personal;personal,AutoRally: An Open Platform for Aggressive Autonomous Driving,2019,journal,IEEE Control Systems,10.1109/mcs.2018.2876958,
C0055,Gonzalez1999GlobalCurvature,article,Gonzalez,Oscar Gonzalez; John H. Maddocks,personal; personal,"Global Curvature, Thickness, and the Ideal Shapes of Knots",1999,journal,Proceedings of the National Academy of Sciences,10.1073/pnas.96.9.4769,
C0051,h3h3h0h02023Racetrackgen2,misc,h3h3h0h0,h3h3h0h0,corporate,Racetrackgen2,2023,howpublished,GitHub repository,,https://github.com/h3h3h0h0/Racetrackgen2
C0137,Han2021PreliminaryEvaluation,inproceedings,Han,Seunghee Han; Jaeuk Kim; Geon Kim; Jaemin Cho; Jiin Kim; Shin Yoo,personal;personal;personal;personal;personal;personal,Preliminary Evaluation of Path-aware Crossover Operators for Search-Based Test Data Generation for Autonomous Driving,2021,booktitle,2021 IEEE/ACM 14th International Workshop on Search-Based Software Testing (SBST),10.1109/sbst52555.2021.00020,
C0149,Havenstrm2021DeepReinforcement,article,Havenstrøm,Simen Theie Havenstrøm; Adil Rasheed; Omer San,personal;personal;personal,Deep Reinforcement Learning Controller for 3D Path Following and Collision Avoidance by Autonomous Underwater Vehicles,2021,journal,Frontiers in Robotics and AI,10.3389/frobt.2020.566037,https://www.frontiersin.org/journals/robotics-and-ai/articles/10.3389/frobt.2020.566037/full
C0038,Heilmeier2020MinimumCurvature,article,Heilmeier,Alexander Heilmeier; Alexander Wischnewski; Leonhard Hermansdorfer; Johannes Betz; Markus Lienkamp; Boris Lohmann,personal;personal;personal;personal;personal;personal,Minimum curvature trajectory planning and control for an autonomous race car,2020,journal,Vehicle System Dynamics,10.1080/00423114.2019.1631455,
C0070,Hendrikx2013ProceduralContent,article,Hendrikx,Mark Hendrikx; Sebastiaan Meijer; Joeri Van Der Velden; Alexandru Iosup,personal; personal; personal; personal,Procedural Content Generation for Games: A Survey,2013,journal,"ACM Transactions on Multimedia Computing, Communications, and Applications",10.1145/2422956.2422957,
C0058,Henrich2025GenerationGameplay,article,Henrich,Lasse Henrich;Falko Kötter,personal;personal,From Generation to Gameplay: Authoring Race Tracks With Repulsive Curves,2025,journal,IEEE Transactions on Games,10.1109/tg.2025.3561107,
C0119,Herman2021LearnRace,inproceedings,Herman,James Herman; Jonathan Francis; Siddha Ganju; Bingqing Chen; Anirudh Koul; Abhinav Gupta; Alexey Skabelkin; Ivan Zhukov; Max Kumskoy; Eric Nyberg,personal; personal; personal; personal; personal; personal; personal; personal; personal; personal,Learn-To-Race: A Multimodal Control Environment for Autonomous Racing,2021,booktitle,Proceedings of the IEEE/CVF International Conference on Computer Vision (ICCV),10.1109/iccv48922.2021.00965,https://openaccess.thecvf.com/content/ICCV2021/html/Herman_Learn-To-Race_A_Multimodal_Control_Environment_for_Autonomous_Racing_ICCV_2021_paper.html
C0138,Herremans2023AutonomousPort,inproceedings,Herremans,Siemen Herremans;Ali Anwar;Arne Troch;Ian Ravijts;Maarten Vangeneugden;Siegfried Mercelis;Peter Hellinckx,personal;personal;personal;personal;personal;personal;personal,Autonomous Port Navigation With Ranging Sensors Using Model-Based Reinforcement Learning,2023,booktitle,"ASME 2023 42nd International Conference on Ocean, Offshore and Arctic Engineering",10.1115/omae2023-104455,
C0107,Humeniuk2022SearchBased,article,Humeniuk,Dmytro Humeniuk; Foutse Khomh; Giuliano Antoniol,personal;personal;personal,A Search-Based Framework for Automatic Generation of Testing Environments for Cyber-Physical Systems,2022,journal,Information and Software Technology,10.1016/j.infsof.2022.106936,
C0108,Humeniuk2023AmbieGenSearch,article,Humeniuk,Dmytro Humeniuk; Foutse Khomh; Giuliano Antoniol,personal;personal;personal,AmbieGen: A search-based framework for autonomous systems testing,2023,journal,Science of Computer Programming,10.1016/j.scico.2023.102990,
C0145,Humeniuk2024ReinforcementLearning,article,Humeniuk,Dmytro Humeniuk;Foutse Khomh;Giuliano Antoniol,personal;personal;personal,Reinforcement Learning Informed Evolutionary Search for Autonomous Systems Testing,2024,journal,ACM Transactions on Software Engineering and Methodology,10.1145/3680468,
C0150,Hwang2022NavigationScenario,article,Hwang,Taemin Hwang; Ik-Hyun Youn,personal;personal,Navigation Scenario Permutation Model for Training of Maritime Autonomous Surface Ship Remote Operators,2022,journal,Applied Sciences,10.3390/app12031651,https://www.mdpi.com/2076-3417/12/3/1651
C0008,Ikram2023ProceduralGeneration,inproceedings,Ikram,Zarif Ikram; Golam Md Muktadir; Jim Whitehead,personal;personal;personal,Procedural Generation of Complex Roundabouts for Autonomous Vehicle Testing,2023,booktitle,2023 IEEE Intelligent Vehicles Symposium (IV),10.1109/iv55152.2023.10186533,
C0088,IndyAutonomousChallengeNodateIndyAutonomous,misc,IndyAutonomousChallenge,Indy Autonomous Challenge,corporate,Indy Autonomous Challenge,,howpublished,Official competition website,,https://www.indyautonomouschallenge.com/
C0188,IsaacLabNodateIsaacLab,misc,IsaacLab,The Isaac Lab Project Developers,corporate,isaaclab.terrains.terrain_generator,2026,howpublished,Isaac Lab Documentation,,https://isaac-sim.github.io/IsaacLab/main/_modules/isaaclab/terrains/terrain_generator.html
C0123,Jahangirova2021QualityMetrics,inproceedings,Jahangirova,Gunel Jahangirova; Andrea Stocco; Paolo Tonella,personal;personal;personal,Quality Metrics and Oracles for Autonomous Vehicles Testing,2021,booktitle,"2021 14th IEEE Conference on Software Testing, Verification and Validation (ICST)",10.1109/icst49551.2021.00030,
C0042,Jain2020ComputingRacing,inproceedings,Jain,Achin Jain; Manfred Morari,personal;personal,Computing the racing line using Bayesian optimization,2020,booktitle,2020 59th IEEE Conference on Decision and Control (CDC),10.1109/cdc42340.2020.9304147,
C0173,Jain2021BayesRaceLearning,inproceedings,Jain,Achin Jain;Matthew O'Kelly;Pratik Chaudhari;Manfred Morari,personal;personal;personal;personal,BayesRace: Learning to race autonomously using prior experience,2021,booktitle,Proceedings of the 2020 Conference on Robot Learning,,https://proceedings.mlr.press/v155/jain21b.html
C0019,Jiang2021PrioritizedLevel,inproceedings,Jiang,Minqi Jiang; Edward Grefenstette; Tim Rocktäschel,personal;personal;personal,Prioritized Level Replay,2021,booktitle,Proceedings of the 38th International Conference on Machine Learning,,https://proceedings.mlr.press/v139/jiang21b.html
C0016,Jiang2021ReplayGuided,inproceedings,Jiang,Minqi Jiang; Michael Dennis; Jack Parker-Holder; Jakob Foerster; Edward Grefenstette; Tim Rocktäschel,personal; personal; personal; personal; personal; personal,Replay-Guided Adversarial Environment Design,2021,booktitle,Advances in Neural Information Processing Systems 34,,https://proceedings.neurips.cc/paper_files/paper/2021/hash/0e915db6326b6fb6a3c56546980a8c93-Abstract.html
C0157,Joshi2023SimReal,misc,Joshi,Bhaskar Joshi; Dhruv Kapur; Harikumar Kandath,personal;personal;personal,Sim-to-Real Deep Reinforcement Learning based Obstacle Avoidance for UAVs under Measurement Uncertainty,2023,howpublished,arXiv,10.48550/arxiv.2303.07243,https://arxiv.org/abs/2303.07243
C0185,Kabzan2019FSSIM,misc,Kabzan,Juraj Kabzan,personal,FSSIM,2019,howpublished,Official GitHub repository,,https://github.com/AMZ-Racing/fssim
C0094,Kalaria2023AdaptivePlanning,misc,Kalaria,Dvij Kalaria; Qin Lin; John M. Dolan,personal;personal;personal,Adaptive Planning and Control with Time-Varying Tire Models for Autonomous Racing Using Extreme Learning Machine,2023,howpublished,arXiv,10.48550/arxiv.2303.08235,https://arxiv.org/abs/2303.08235
C0093,Kalaria2023TowardsSafety,misc,Kalaria,Dvij Kalaria; Qin Lin; John M. Dolan,personal;personal;personal,Towards Safety Assured End-to-End Vision-Based Control for Autonomous Racing,2023,howpublished,arXiv,10.48550/arxiv.2303.02267,https://arxiv.org/abs/2303.02267
C0043,Kapania2020LearningRacetrack,article,Kapania,Nitin R. Kapania;J. Christian Gerdes,personal;personal,Learning at the Racetrack: Data-Driven Methods to Improve Racing Performance Over Multiple Laps,2020,journal,IEEE Transactions on Vehicular Technology,10.1109/tvt.2020.2998065,
C0073,Kaufmann2018DeepDrone,inproceedings,Kaufmann,Elia Kaufmann; Antonio Loquercio; Rene Ranftl; Alexey Dosovitskiy; Vladlen Koltun; Davide Scaramuzza,personal;personal;personal;personal;personal;personal,Deep Drone Racing: Learning Agile Flight in Dynamic Environments,2018,booktitle,Proceedings of The 2nd Conference on Robot Learning,,https://proceedings.mlr.press/v87/kaufmann18a.html
C0076,Kaufmann2023ChampionLevel,article,Kaufmann,Elia Kaufmann; Leonard Bauersfeld; Antonio Loquercio; Matthias Müller; Vladlen Koltun; Davide Scaramuzza,personal;personal;personal;personal;personal;personal,Champion-level drone racing using deep reinforcement learning,2023,journal,Nature,10.1038/s41586-023-06419-4,
C0101,Klampfl2022UsingGenetic,article,Klampfl,Lorenz Klampfl; Florian Klück; Franz Wotawa,personal;personal;personal,Using Genetic Algorithms for Automating Automated Lane-Keeping System Testing,2022,journal,Journal of Software: Evolution and Process,10.1002/smr.2520,
C0109,Klikovits2023FreneticLib,article,Klikovits,Stefan Klikovits; Ezequiel Castellano; Ahmet Cetinkaya; Paolo Arcaini,personal;personal;personal;personal,Frenetic-lib: An extensible framework for search-based generation of road structures for ADS testing,2023,journal,Science of Computer Programming,10.1016/j.scico.2023.102996,
C0017,KlimovNodateCarRacing,misc,Klimov,Oleg Klimov,personal,Car Racing,,howpublished,Gymnasium Documentation,,https://gymnasium.farama.org/environments/box2d/car_racing/
C0014,Kluck2021AutomaticGeneration,misc,Klück,Florian Klück;Lorenz Klampfl;Franz Wotawa,personal;personal;personal,Automatic Generation of Challenging Road Networks for ALKS Testing based on Bezier Curves and Search,2021,howpublished,arXiv,10.48550/arxiv.2103.01288,https://arxiv.org/abs/2103.01288
C0078,Krinner2024MPCCModel,inproceedings,Krinner,Maria Krinner;Angel Romero;Leonard Bauersfeld;Melanie Zeilinger;Andrea Carron;Davide Scaramuzza,personal;personal;personal;personal;personal;personal,MPCC++: Model Predictive Contouring Control for Time-Optimal Flight with Safety Constraints,2024,booktitle,Robotics: Science and Systems XX,10.15607/rss.2024.xx.109,
C0104,Krishnan2021AirLearning,article,Krishnan,Srivatsan Krishnan; Behzad Boroujerdian; William Fu; Aleksandra Faust; Vijay Janapa Reddi,personal;personal;personal;personal;personal,Air Learning: a deep reinforcement learning gym for autonomous aerial robot visual navigation,2021,journal,Machine Learning,10.1007/s10994-021-06006-6,
C0159,Kulkarni2024ReinforcementLearning,inproceedings,Kulkarni,Mihir Kulkarni; Kostas Alexis,personal; personal,Reinforcement Learning for Collision-free Flight Exploiting Deep Collision Encoding,2024,booktitle,2024 IEEE International Conference on Robotics and Automation (ICRA),10.1109/icra57147.2024.10610287,
C0131,Kulkarni2025AerialGym,article,Kulkarni,Mihir Kulkarni;Welf Rehberg;Kostas Alexis,personal;personal;personal,Aerial Gym Simulator: A Framework for Highly Parallelized Simulation of Aerial Robots,2025,journal,IEEE Robotics and Automation Letters,10.1109/lra.2025.3548507,
C0059,Lagemann2023TangentPoint,article,Lagemann,Anna Lagemann; Heiko von der Mosel,personal;personal,Tangent-point energies and ropelength as Gamma-limits of discrete tangent-point energies on biarc curves,2023,journal,Advances in Continuous and Discrete Models,10.1186/s13662-022-03750-4,https://arxiv.org/abs/2203.16383
C0132,LeBars2015WorldRobotic,inproceedings,LeBars,Fabrice Le Bars; Luc Jaulin,personal; personal,"The World Robotic Sailing Championship, a Competition to Stimulate the Development of Autonomous Sailboats",2015,booktitle,OCEANS 2015 - Genova,10.1109/oceans-genova.2015.7271767,
C0033,Lee2025ChampionLevel,article,Lee,Hojoon Lee; Takuma Seno; Jun Jet Tai; Kaushik Subramanian; Kenta Kawamoto; Peter Stone; Peter R. Wurman,personal;personal;personal;personal;personal;personal;personal,A Champion-Level Vision-Based Reinforcement Learning Agent for Competitive Racing in Gran Turismo 7,2025,journal,IEEE Robotics and Automation Letters,10.1109/lra.2025.3560873,
C0112,Lesy2026ASVSimAirSim,article,Lesy,Bavo Lesy; Siemen Herremans; Robin Kerstens; Jan Steckel; Walter Daems; Siegfried Mercelis; Ali Anwar,personal;personal;personal;personal;personal;personal;personal,ASVSim (AirSim for Surface Vehicles): A High-Fidelity Simulation Framework for Autonomous Surface Vehicle Research,2026,journal,IEEE Access,10.1109/access.2026.3687084,
C0006,Li2020ImprovingGeneralization,misc,Li,Quanyi Li; Zhenghao Peng; Qihang Zhang; Chunxiao Liu; Bolei Zhou,personal;personal;personal;personal;personal,Improving the Generalization of End-to-End Driving through Procedural Generation,2020,howpublished,arXiv,10.48550/arxiv.2012.13681,https://arxiv.org/abs/2012.13681
C0046,Li2023MetaDriveComposing,article,Li,Quanyi Li; Zhenghao Peng; Lan Feng; Qihang Zhang; Zhenghai Xue; Bolei Zhou,personal;personal;personal;personal;personal;personal,MetaDrive: Composing Diverse Driving Scenarios for Generalizable Reinforcement Learning,2023,journal,IEEE Transactions on Pattern Analysis and Machine Intelligence,10.1109/tpami.2022.3190471,
C0161,Liang2025EnvironmentCurriculum,inproceedings,Liang,William Liang; Sam Wang; Hung-Ju Wang; Osbert Bastani; Dinesh Jayaraman; Yecheng Jason Ma,personal;personal;personal;personal;personal;personal,Environment Curriculum Generation via Large Language Models,2025,booktitle,Proceedings of The 8th Conference on Robot Learning,,https://proceedings.mlr.press/v270/liang25a.html
C0085,Liniger2015OptimizationBased,article,Liniger,Alexander Liniger;Alexander Domahidi;Manfred Morari,personal;personal;personal,Optimization-based autonomous racing of 1:43 scale RC cars,2015,journal,Optimal Control Applications and Methods,10.1002/oca.2123,
C0062,Liu2023RoboticManipulation,article,Liu,Fei Liu;Entong Su;Jingpei Lu;Mingen Li;Michael C. Yip,personal;personal;personal;personal;personal,Robotic Manipulation of Deformable Rope-Like Objects Using Differentiable Compliant Position-Based Dynamics,2023,journal,IEEE Robotics and Automation Letters,10.1109/lra.2023.3264766,
C0027,Liu2024LearningGeneralizable,misc,Liu,Yueqian Liu,personal,Learning Generalizable Policy for Obstacle-Aware Autonomous Drone Racing,2024,howpublished,arXiv,10.48550/arxiv.2411.04246,https://arxiv.org/abs/2411.04246
C0009,Loiacono2011AutomaticTrack,article,Loiacono,Daniele Loiacono; Luigi Cardamone; Pier Luca Lanzi,personal;personal;personal,Automatic Track Generation for High-End Racing Games Using Evolutionary Computation,2011,journal,IEEE Transactions on Computational Intelligence and AI in Games,10.1109/tciaig.2011.2163692,
C0074,Loquercio2020DeepDrone,article,Loquercio,Antonio Loquercio;Elia Kaufmann;René Ranftl;Alexey Dosovitskiy;Vladlen Koltun;Davide Scaramuzza,personal;personal;personal;personal;personal;personal,Deep Drone Racing: From Simulation to Reality With Domain Randomization,2020,journal,IEEE Transactions on Robotics,10.1109/tro.2019.2942989,
C0139,Loquercio2021LearningHigh,article,Loquercio,Antonio Loquercio; Elia Kaufmann; René Ranftl; Matthias Müller; Vladlen Koltun; Davide Scaramuzza,personal;personal;personal;personal;personal;personal,Learning high-speed flight in the wild,2021,journal,Science Robotics,10.1126/scirobotics.abg5810,
C0061,Macklin2016XPBDPosition,inproceedings,Macklin,Miles Macklin; Matthias Müller; Nuttapong Chentanez,personal;personal;personal,XPBD: Position-Based Simulation of Compliant Constrained Dynamics,2016,booktitle,Proceedings of the 9th International Conference on Motion in Games,10.1145/2994258.2994272,
C0064,Macklin2022WarpHigh,misc,Macklin,Miles Macklin,personal,Warp: A High-performance Python Framework for GPU Simulation and Graphics,2022,howpublished,NVIDIA GPU Technology Conference (GTC),,https://github.com/NVIDIA/warp
C0025,Madaan2020AirSimDrone,inproceedings,Madaan,Ratnesh Madaan; Nicholas Gyde; Sai Vemprala; Matthew Brown; Keiko Nagami; Tim Taubner; Eric Cristofalo; Davide Scaramuzza; Mac Schwager; Ashish Kapoor,personal;personal;personal;personal;personal;personal;personal;personal;personal;personal,AirSim Drone Racing Lab,2020,booktitle,Proceedings of the NeurIPS 2019 Competition and Demonstration Track,,https://proceedings.mlr.press/v123/madaan20a.html
C0176,Maierhofer2021CommonRoadScenario,inproceedings,Maierhofer,Sebastian Maierhofer; Moritz Klischat; Matthias Althoff,personal;personal;personal,CommonRoad Scenario Designer: An Open-Source Toolbox for Map Conversion and Scenario Creation for Autonomous Vehicles,2021,booktitle,2021 IEEE International Intelligent Transportation Systems Conference (ITSC),10.1109/itsc48978.2021.9564885,
C0100,Marsh2024Uv,misc,Marsh,Charlie Marsh,personal,uv,2024,howpublished,Astral,,https://docs.astral.sh/uv/
C0050,meraccos2023MeraccosRandom,misc,meraccos,meraccos,personal,meraccos/random_car_racing_track_generator,2023,howpublished,GitHub repository,,https://github.com/meraccos/random_car_racing_track_generator
C0097,Mi2021HDMapGenHierarchical,inproceedings,Mi,Lu Mi; Hang Zhao; Charlie Nash; Xiaohan Jin; Jiyang Gao; Chen Sun; Cordelia Schmid; Nir Shavit; Yuning Chai; Dragomir Anguelov,personal; personal; personal; personal; personal; personal; personal; personal; personal; personal,HDMapGen: A Hierarchical Graph Generative Model of High Definition Maps,2021,booktitle,Proceedings of the IEEE/CVF Conference on Computer Vision and Pattern Recognition (CVPR),10.1109/cvpr46437.2021.00421,https://openaccess.thecvf.com/content/CVPR2021/html/Mi_HDMapGen_A_Hierarchical_Graph_Generative_Model_of_High_Definition_Maps_CVPR_2021_paper.html
C0082,MIT2017MITRACECAR,misc,MIT,Massachusetts Institute of Technology,corporate,MIT RACECAR,2015,howpublished,MIT RACECAR project website,,https://mit-racecar.github.io/
C0039,Muhlmeier2002OptimizationDriving,inproceedings,Mühlmeier,Martin Mühlmeier; Norbert Müller,personal; personal,Optimization of the Driving Line on a Race Track,2002,booktitle,Motorsports Engineering Conference & Exhibition,10.4271/2002-01-3339,
C0152,Muktadir2023ProceduralGeneration,article,Muktadir,Golam Md Muktadir; Abdul Jawad; Ishaan Paranjape; Jim Whitehead; Aleksey Shepelev,personal;personal;personal;personal;personal,Procedural Generation of High-Definition Road Networks for Autonomous Vehicle Testing and Traffic Simulations,2023,journal,SAE International Journal of Connected and Automated Vehicles,10.4271/12-06-01-0007,https://saemobilus.sae.org/articles/procedural-generation-high-definition-road-networks-autonomous-vehicle-testing-traffic-simulations-12-06-01-0007
C0060,Muller2007PositionBased,article,Müller,Matthias Müller; Bruno Heidelberger; Marcus Hennix; John Ratcliff,personal; personal; personal; personal,Position Based Dynamics,2007,journal,Journal of Visual Communication and Image Representation,10.1016/j.jvcir.2007.01.005,
C0206,Njord2026TeamHandbook,misc,Njord,Njord - The Autonomous Ship Challenge,corporate,Team Handbook Njord 2026,2026,howpublished,Official competition handbook,,https://njord.gitbook.io/2026/
C0028,NVIDIA2020IsaacGym,misc,NVIDIA,NVIDIA Corporation,corporate,Isaac Gym,2020,howpublished,NVIDIA Developer,,https://developer.nvidia.com/isaac-gym
C0065,NVIDIANodateCUDAGraphs,misc,NVIDIA,NVIDIA Corporation,corporate,CUDA Graphs,,howpublished,CUDA Programming Guide,,https://docs.nvidia.com/cuda/cuda-programming-guide/04-special-topics/cuda-graphs.html
C0146,Nylnder2025SearchBased,inproceedings,Nylænder,Karoline Nylænder; Aitor Arrieta; Shaukat Ali; Paolo Arcaini,personal; personal; personal; personal,Search-based Generation of Waypoints for Triggering Self-Adaptations in Maritime Autonomous Vessels,2025,booktitle,Proceedings of the Genetic and Evolutionary Computation Conference,10.1145/3712256.3726399,
C0180,OKelly2020F1TENTHOpen,inproceedings,OKelly,Matthew O'Kelly; Hongrui Zheng; Dhruv Karthik; Rahul Mangharam,personal; personal; personal; personal,F1TENTH: An Open-source Evaluation Environment for Continuous Control and Reinforcement Learning,2020,booktitle,Proceedings of the NeurIPS 2019 Competition and Demonstration Track,,https://proceedings.mlr.press/v123/o-kelly20a.html
C0203,OpenRoboticsNodateSDFWorlds,misc,OpenRobotics,Open Robotics,corporate,SDF worlds,,howpublished,Gazebo Harmonic Documentation,,https://gazebosim.org/docs/harmonic/sdf_worlds/
C0210,OpenRoboticsNodateVRXAutomated,misc,OpenRobotics,Open Robotics,corporate,VRX Automated Evaluation,,howpublished,GitHub,,https://github.com/osrf/vrx-docker
C0204,OpenSourceRoboticsFoundation2020PoseFrame,misc,Open Source Robotics Foundation,Open Source Robotics Foundation,corporate,Pose Frame Semantics Tutorial,2020,howpublished,SDFormat 1.7 official documentation,,https://sdformat.org/tutorials/specification/pose_frame_semantics/1.7/
C0098,OpenStreetMapNodateOpenStreetMap,misc,OpenStreetMap,OpenStreetMap contributors,corporate,OpenStreetMap,,howpublished,OpenStreetMap project,,https://www.openstreetmap.org/
C0136,Panichella2021SBSTTool,inproceedings,Panichella,Sebastiano Panichella; Alessio Gambi; Fiorella Zampetti; Vincenzo Riccio,personal;personal;personal;personal,SBST Tool Competition 2021,2021,booktitle,2021 IEEE/ACM 14th International Workshop on Search-Based Software Testing (SBST),10.1109/sbst52555.2021.00011,https://ieeexplore.ieee.org/document/9476243/
C0052,Parish2001ProceduralModeling,inproceedings,Parish,Yoav I. H. Parish; Pascal Müller,personal;personal,Procedural modeling of cities,2001,booktitle,Proceedings of the 28th annual conference on Computer graphics and interactive techniques,10.1145/383259.383292,
C0021,ParkerHolder2022EvolvingCurricula,inproceedings,ParkerHolder,Jack Parker-Holder; Minqi Jiang; Michael Dennis; Mikayel Samvelyan; Jakob Foerster; Edward Grefenstette; Tim Rocktäschel,personal; personal; personal; personal; personal; personal; personal,Evolving Curricula with Regret-Based Environment Design,2022,booktitle,Proceedings of the 39th International Conference on Machine Learning,,https://proceedings.mlr.press/v162/parker-holder22a.html
C0126,Poggenhans2018Lanelet2High,inproceedings,Poggenhans,Fabian Poggenhans; Jan-Hendrik Pauls; Johannes Janosovits; Stefan Orf; Maximilian Naumann; Florian Kuhnt; Matthias Mayr,personal;personal;personal;personal;personal;personal;personal,Lanelet2: A high-definition map framework for the future of automated driving,2018,booktitle,2018 21st International Conference on Intelligent Transportation Systems (ITSC),10.1109/itsc.2018.8569929,
C0030,PolyphonyDigital1997GranTurismo,misc,Polyphony Digital,Polyphony Digital Inc.,corporate,Gran Turismo,1997,howpublished,PlayStation,,https://www.polyphony.co.jp/products/
C0034,PolyphonyDigital2017GranTurismo,misc,PolyphonyDigital,Polyphony Digital Inc.,corporate,Gran Turismo Sport,2017,howpublished,PlayStation 4,,https://www.gran-turismo.com/us/products/gtsport/
C0035,PolyphonyDigital2022GranTurismo,misc,PolyphonyDigital,Polyphony Digital Inc.,corporate,Gran Turismo 7,2022,howpublished,Sony Interactive Entertainment,,https://www.gran-turismo.com/us/products/gt7/
C0011,Prasetya2016SearchBased,article,Prasetya,Hafizh Adi Prasetya; Nur Ulfa Maulidevi,personal;personal,Search-based Procedural Content Generation for Race Tracks in Video Games,2016,journal,International Journal on Electrical Engineering and Informatics,10.15676/ijeei.2016.8.4.6,
C0193,QGroundControlNodatePlanFile,misc,QGroundControl,QGroundControl contributors,corporate,Plan File Format,,howpublished,QGroundControl Developer Guide,,https://docs.qgroundcontrol.com/master/en/qgc-dev-guide/file_formats/plan.html
C0167,Raj2026RobotSquid,misc,Raj,Amir Hossain Raj; Dibyendu Das; Xuesu Xiao,personal;personal;personal,Robot Squid Game: Quadrupedal Locomotion for Traversing Narrow Tunnels,2026,howpublished,arXiv preprint,10.48550/arxiv.2605.13665,https://arxiv.org/abs/2605.13665
C0023,Riccio2020ModelBased,inproceedings,Riccio,Vincenzo Riccio;Paolo Tonella,personal;personal,Model-based exploration of the frontier of behaviours for deep learning system testing,2020,booktitle,Proceedings of the 28th ACM Joint Meeting on European Software Engineering Conference and Symposium on the Foundations of Software Engineering,10.1145/3368089.3409730,
C0063,Richard2026TrackGen,misc,Richard,Antoine Richard,personal,TrackGen,2026,howpublished,GitHub repository,,https://github.com/AntoineRichard/TrackGen
C0207,RoboNation2021VRXCompetition,misc,RoboNation,RoboNation; Open Robotics,corporate;corporate,VRX Competition Technical Guide: Virtual RobotX 2022 Competition,2021,howpublished,Virtual RobotX 2022 competition documentation,,https://robonation.org/app/uploads/sites/2/2021/11/VRX2022_Technical-Guide_v1.1.pdf
C0168,RoboNation20222022Maritime,misc,RoboNation,RoboNation,corporate,2022 Maritime RobotX Challenge Team Handbook,2022,howpublished,Maritime RobotX Challenge official documentation,,https://robonation.org/app/uploads/sites/2/2022/10/2022-RobotX_Team-Handbook_v3.0.pdf
C0209,RoboNation2023VRX2023,misc,RoboNation,RoboNation,corporate,VRX 2023 Task Descriptions,2023,howpublished,Virtual RobotX 2023 Competition,,https://robonation.org/app/uploads/sites/2/2023/07/VRX2023_Task-Descriptions_v1.2.pdf
C0198,RoboNation2026RoboBoat2026,misc,RoboNation,RoboNation,corporate,RoboBoat 2026 | Team Handbook,2026,howpublished,RoboBoat official handbook,,https://robonation.org/app/uploads/sites/3/2025/10/RoboBoat-2026-Team-Handbook_111125.pdf
C0200,RoboNation2026RobotX2026,misc,RoboNation,"RoboNation, Inc.; U.S. Office of Naval Research",corporate; corporate,RobotX 2026 | Team Handbook,2026,howpublished,Maritime RobotX Challenge,,https://robonation.org/app/uploads/sites/2/2026/06/RobotX-2026_Team-Handbook-20260625.pdf
C0202,Rowe2025ScenarioDreamer,inproceedings,Rowe,Luke Rowe; Roger Girgis; Anthony Gosselin; Liam Paull; Christopher Pal; Felix Heide,personal;personal;personal;personal;personal;personal,Scenario Dreamer: Vectorized Latent Diffusion for Generating Driving Simulation Environments,2025,booktitle,Proceedings of the IEEE/CVF Conference on Computer Vision and Pattern Recognition,10.1109/cvpr52734.2025.01604,https://openaccess.thecvf.com/content/CVPR2025/html/Rowe_Scenario_Dreamer_Vectorized_Latent_Diffusion_for_Generating_Driving_Simulation_Environments_CVPR_2025_paper.html
C0190,Rudin2022LearningWalk,inproceedings,Rudin,Nikita Rudin; David Hoeller; Philipp Reist; Marco Hutter,personal;personal;personal;personal,Learning to Walk in Minutes Using Massively Parallel Deep Reinforcement Learning,2022,booktitle,Proceedings of the 5th Conference on Robot Learning,,https://proceedings.mlr.press/v164/rudin22a.html
C0201,SailBot2022SailBot2022,misc,SailBot,SailBot Organizing Committee,corporate,SailBot 2022 Events,2022,howpublished,SailBot official competition event specification,,https://www.sailbot.org/wp-content/uploads/2022/05/SailBot-2022-Events.pdf
C0079,Schwarting2021DeepLatent,inproceedings,Schwarting,Wilko Schwarting;Tim Seyde;Igor Gilitschenski;Lucas Liebenwein;Ryan Sander;Sertac Karaman;Daniela Rus,personal;personal;personal;personal;personal;personal;personal,Deep Latent Competition: Learning to Race Using Visual Control Policies in Latent Space,2021,booktitle,Proceedings of the 2020 Conference on Robot Learning,,https://proceedings.mlr.press/v155/schwarting21a.html
C0026,Song2021AutonomousDrone,inproceedings,Song,Yunlong Song; Mats Steinweg; Elia Kaufmann; Davide Scaramuzza,personal;personal;personal;personal,Autonomous Drone Racing with Deep Reinforcement Learning,2021,booktitle,2021 IEEE/RSJ International Conference on Intelligent Robots and Systems (IROS),10.1109/iros51168.2021.9636053,
C0183,Song2021FlightmareFlexible,inproceedings,Song,Yunlong Song; Selim Naji; Elia Kaufmann; Antonio Loquercio; Davide Scaramuzza,personal; personal; personal; personal; personal,Flightmare: A Flexible Quadrotor Simulator,2021,booktitle,Proceedings of the 2020 Conference on Robot Learning,,https://proceedings.mlr.press/v155/song21a.html
C0077,Song2023ReachingLimit,article,Song,Yunlong Song; Angel Romero; Matthias Müller; Vladlen Koltun; Davide Scaramuzza,personal; personal; personal; personal; personal,Reaching the Limit in Autonomous Racing: Optimal Control versus Reinforcement Learning,2023,journal,Science Robotics,10.1126/scirobotics.adg1462,
C0118,Sotiropoulos2016VirtualWorlds,inproceedings,Sotiropoulos,Thierry Sotiropoulos; Jérémie Guiochet; Félix Ingrand; Hélène Waeselynck,personal;personal;personal;personal,Virtual Worlds for Testing Robot Navigation: A Study on the Difficulty Level,2016,booktitle,2016 12th European Dependable Computing Conference (EDCC),10.1109/edcc.2016.14,
C0002,SpeedDreamsNodateSpeedDreams,misc,SpeedDreams,Speed Dreams Development Team,corporate,Speed Dreams,,howpublished,Speed Dreams project,,https://forge.a-lec.org/speed-dreams/speed-dreams-code
C0144,Starace2022GenRLSBST,inproceedings,Starace,Luigi Libero Lucio Starace; Andrea Romdhana; Sergio Di Martino,personal;personal;personal,GenRL at the SBST 2022 Tool Competition,2022,booktitle,Proceedings of the 15th Workshop on Search-Based Software Testing,10.1145/3526072.3527533,
C0122,Steininger2025AutomaticallyGenerating,inproceedings,Steininger,Benedikt Steininger; Chrysanthi Papamichail; David Stark; Dejan Nickovic; Alessio Gambi,personal;personal;personal;personal;personal,Automatically Generating Content for Testing Autonomous Vehicles from User Descriptions,2025,booktitle,2025 IEEE/ACM 47th International Conference on Software Engineering: New Ideas and Emerging Results (ICSE-NIER),10.1109/icse-nier66352.2025.00021,https://ieeexplore.ieee.org/document/11023959/
C0158,Sun2024DriveSceneGenGenerating,article,Sun,Shuo Sun; Zekai Gu; Tianchen Sun; Jiawei Sun; Chengran Yuan; Yuhang Han; Dongen Li; Marcelo H. Ang Jr.,personal;personal;personal;personal;personal;personal;personal;personal,DriveSceneGen: Generating Diverse and Realistic Driving Scenarios from Scratch,2024,journal,IEEE Robotics and Automation Letters,10.1109/lra.2024.3416792,https://arxiv.org/abs/2309.14685
C0166,Sun2026CurriculumReinforcement,misc,Sun,Fangyu Sun; Fanxing Li; Yu Hu; Linzuo Zhang; Yueqian Liu; Wenxian Yu; Danping Zou,personal;personal;personal;personal;personal;personal;personal,Curriculum Reinforcement Learning for Quadrotor Racing with Random Obstacles,2026,howpublished,arXiv preprint,10.48550/arxiv.2602.24030,https://arxiv.org/abs/2602.24030
C0194,Tai2023PyFlytUAV,misc,Tai,Jun Jet Tai; Jim Wong; Mauro Innocente; Nadjim Horri; James Brusey; Swee King Phang,personal;personal;personal;personal;personal;personal,PyFlyt -- UAV Simulation Environments for Reinforcement Learning Research,2023,howpublished,arXiv,10.48550/arxiv.2304.01305,https://arxiv.org/abs/2304.01305
C0125,Tang2023EvoScenarioIntegrating,inproceedings,Tang,Shuncheng Tang; Zhenya Zhang; Jixiang Zhou; Yuan Zhou; Yan-Fu Li; Yinxing Xue,personal; personal; personal; personal; personal; personal,EvoScenario: Integrating Road Structures into Critical Scenario Generation for Autonomous Driving System Testing,2023,booktitle,2023 IEEE 34th International Symposium on Software Reliability Engineering (ISSRE),10.1109/issre59848.2023.00054,
C0036,Theodosis2011GeneratingRacing,inproceedings,Theodosis,Paul A. Theodosis; J. Christian Gerdes,personal;personal,Generating a Racing Line for an Autonomous Racecar Using Professional Driving Techniques,2011,booktitle,"ASME 2011 Dynamic Systems and Control Conference and Bath/ASME Symposium on Fluid Power and Motion Control, Volume 2",10.1115/dscc2011-6097,
C0010,Togelius2006MakingRacing,inproceedings,Togelius,Julian Togelius; Renzo De Nardi; Simon M. Lucas,personal;personal;personal,Making Racing Fun Through Player Modeling and Track Evolution,2006,booktitle,Proceedings of the SAB'06 Workshop on Adaptive Approaches for Optimizing Player Satisfaction in Computer and Physical Games,,https://web-archive.southampton.ac.uk/cogprints.org/5221/
C0067,Togelius2007TowardsAutomatic,inproceedings,Togelius,Julian Togelius; Renzo De Nardi; Simon M. Lucas,personal;personal;personal,Towards automatic personalised content creation for racing games,2007,booktitle,2007 IEEE Symposium on Computational Intelligence and Games,10.1109/cig.2007.368106,
C0068,Togelius2011SearchBased,article,Togelius,Julian Togelius; Georgios N. Yannakakis; Kenneth O. Stanley; Cameron Browne,personal;personal;personal;personal,Search-Based Procedural Content Generation: A Taxonomy and Survey,2011,journal,IEEE Transactions on Computational Intelligence and AI in Games,10.1109/tciaig.2011.2148116,
C0001,TORCSNodateTORCSOpen,misc,TORCS,TORCS Project,corporate,TORCS - The Open Racing Car Simulator,,howpublished,SourceForge project,,https://sourceforge.net/projects/torcs/
C0189,TUMFTM2020LapTime,misc,TUMFTM,TUM - Institute of Automotive Technology,corporate,TUMFTM/laptime-simulation,2020,howpublished,GitHub repository,,https://github.com/TUMFTM/laptime-simulation
C0195,TUMFTM2020RaceTrack,misc,TUMFTM,TUMFTM contributors,corporate,Race Track Database,2020,howpublished,GitHub repository,,https://github.com/TUMFTM/racetrack-database
C0015,UNECE2021UNRegulation,misc,UNECE,United Nations Economic Commission for Europe,corporate,UN Regulation No. 157 - Automated Lane Keeping Systems (ALKS),2021,howpublished,United Nations Regulation No. 157,,https://unece.org/transport/documents/2021/03/standards/un-regulation-no-157-automated-lane-keeping-systems-alks
C0048,UnityTechnologiesNodateUnity,misc,UnityTechnologies,Unity Technologies,corporate,Unity,,howpublished,Unity User Manual,,https://docs.unity3d.com/Manual/UnityManual.html
C0032,Vasco2024SuperHuman,article,Vasco,Miguel Vasco; Takuma Seno; Kenta Kawamoto; Kaushik Subramanian; Peter R. Wurman; Peter Stone,personal;personal;personal;personal;personal;personal,A Super-human Vision-based Reinforcement Learning Agent for Autonomous Racing in Gran Turismo,2024,journal,Reinforcement Learning Journal,,https://rlj.cs.umass.edu/2024/papers/Paper213.html
C0164,Wan2025GenTeGenerative,misc,Wan,Hanwen Wan; Mengkang Li; Donghao Wu; Yebin Zhong; Yixuan Deng; Zhenglong Sun; Xiaoqiang Ji,personal;personal;personal;personal;personal;personal;personal,GenTe: Generative Real-world Terrains for General Legged Robot Locomotion Control,2025,howpublished,arXiv,10.48550/arxiv.2504.09997,https://arxiv.org/abs/2504.09997
C0114,Wang2014RacingTracks,inproceedings,Wang,Jiao Jian Wang; Olana Missura,personal; personal,Racing tracks improvisation,2014,booktitle,2014 IEEE Conference on Computational Intelligence and Games,10.1109/cig.2014.6932899,
C0154,Wang2019POETOpen,inproceedings,Wang,Rui Wang; Joel Lehman; Jeff Clune; Kenneth O. Stanley,personal;personal;personal;personal,POET: Open-Ended Coevolution of Environments and their Optimized Solutions,2019,booktitle,The Genetic and Evolutionary Computation Conference (GECCO 2019),10.1145/3321707.3321799,
C0177,Wang2020EnhancedPOET,inproceedings,Wang,Rui Wang; Joel Lehman; Aditya Rawal; Jiale Zhi; Yulun Li; Jeffrey Clune; Kenneth Stanley,personal;personal;personal;personal;personal;personal;personal,Enhanced POET: Open-ended Reinforcement Learning through Unbounded Invention of Learning Challenges and their Solutions,2020,booktitle,Proceedings of the 37th International Conference on Machine Learning,,https://proceedings.mlr.press/v119/wang20l.html
C0121,Wang2025EnvironmentPolicy,inproceedings,Wang,Hongze Wang; Jiaxu Xing; Nico Messikommer; Davide Scaramuzza,personal; personal; personal; personal,Environment as Policy: Learning to Race in Unseen Tracks,2025,booktitle,2025 IEEE International Conference on Robotics and Automation (ICRA),10.1109/icra55743.2025.11127376,
C0099,Weiss2017PositionBased,inproceedings,Weiss,Tomer Weiss; Alan Litteneker; Chenfanfu Jiang; Demetri Terzopoulos,personal;personal;personal;personal,Position-Based Multi-Agent Dynamics for Real-Time Crowd Simulation,2017,booktitle,Proceedings of the Tenth International Conference on Motion in Games,10.1145/3136457.3136462,
C0087,Wischnewski2022IndyAutonomous,inproceedings,Wischnewski,Alexander Wischnewski; Maximilian Geisslinger; Johannes Betz; Tobias Betz; Felix Fent; Alexander Heilmeier; Leonhard Hermansdorfer; Thomas Herrmann; Sebastian Huch; Phillip Karle; Felix Nobis; Levent Ögretmen; Matthias Rowold; Florian Sauerbeck; Tim Stahl; Rainer Trauth; Markus Lienkamp; Boris Lohmann,personal;personal;personal;personal;personal;personal;personal;personal;personal;personal;personal;personal;personal;personal;personal;personal;personal;personal,Indy Autonomous Challenge - Autonomous Race Cars at the Handling Limits,2022,booktitle,12th International Munich Chassis Symposium 2021,10.1007/978-3-662-64550-5_10,
C0211,WRSCIRSCOrganizingCommittee2019WorldRobotic,misc,WRSC IRSC Organizing Committee,WRSC/IRSC 2019 Organizing Committee,corporate,World Robotic Sailing Championship 2019 Notice of Race and Competition Rules,2019,howpublished,World Robotic Sailing Championship official rules,,https://www.roboticsailing.org/2019/rules/
C0029,Wurman2022OutracingChampion,article,Wurman,Peter R. Wurman; Samuel Barrett; Kenta Kawamoto; James MacGlashan; Kaushik Subramanian; Thomas J. Walsh; Roberto Capobianco; Alisa Devlic; Franziska Eckert; Florian Fuchs; Leilani Gilpin; Piyush Khandelwal; Varun Kompella; HaoChih Lin; Patrick MacAlpine; Declan Oller; Takuma Seno; Craig Sherstan; Michael D. Thomure; Houmehr Aghabozorgi; Leon Barrett; Rory Douglas; Dion Whitehead; Peter Dürr; Peter Stone; Michael Spranger; Hiroaki Kitano,personal;personal;personal;personal;personal;personal;personal;personal;personal;personal;personal;personal;personal;personal;personal;personal;personal;personal;personal;personal;personal;personal;personal;personal;personal;personal;personal,Outracing champion Gran Turismo drivers with deep reinforcement learning,2022,journal,Nature,10.1038/s41586-021-04357-7,https://www.nature.com/articles/s41586-021-04357-7
C0129,Xu2024OmniDronesEfficient,article,Xu,Botian Xu; Feng Gao; Chao Yu; Ruize Zhang; Yi Wu; Yu Wang,personal;personal;personal;personal;personal;personal,OmniDrones: An Efficient and Flexible Platform for Reinforcement Learning in Drone Control,2024,journal,IEEE Robotics and Automation Letters,10.1109/lra.2024.3356168,https://arxiv.org/abs/2309.12825
C0092,Xue2024LearningModel,inproceedings,Xue,Haoru Xue;Edward L. Zhu;John M. Dolan;Francesco Borrelli,personal;personal;personal;personal,Learning Model Predictive Control with Error Dynamics Regression for Autonomous Racing,2024,booktitle,2024 IEEE International Conference on Robotics and Automation (ICRA),10.1109/icra57147.2024.10611628,
C0163,Yang2024RoadGenGenerating,misc,Yang,Fan Yang; You Lu; Bihuan Chen; Peng Qin; Xin Peng,personal;personal;personal;personal;personal,RoadGen: Generating Road Scenarios for Autonomous Vehicle Testing,2024,howpublished,arXiv,10.48550/arxiv.2411.19577,https://arxiv.org/abs/2411.19577
C0069,Yannakakis2011ExperienceDriven,article,Yannakakis,Georgios N. Yannakakis; Julian Togelius,personal;personal,Experience-Driven Procedural Content Generation,2011,journal,IEEE Transactions on Affective Computing,10.1109/t-affc.2011.6,
C0057,Yu2021RepulsiveCurves,article,Yu,Chris Yu; Henrik Schumacher; Keenan Crane,personal;personal;personal,Repulsive Curves,2021,journal,ACM Transactions on Graphics,10.1145/3439429,
C0120,Yu2023AvoidBenchHigh,inproceedings,Yu,Hang Yu; Guido C. H. E. de Croon; Christophe De Wagter,personal;personal;personal,AvoidBench: A high-fidelity vision-based obstacle avoidance benchmarking suite for multi-rotors,2023,booktitle,2023 IEEE International Conference on Robotics and Automation (ICRA),10.1109/icra48891.2023.10161097,https://arxiv.org/abs/2301.07430
C0165,Yu2025MasteringDiverse,article,Yu,Feng Yu; Yang Su; Yu Hu; Yang Deng; Linzuo Zhang; Danping Zou,personal;personal;personal;personal;personal;personal,"Mastering Diverse, Unknown, and Cluttered Tracks for Robust Vision-Based Drone Racing",2026,journal,IEEE Robotics and Automation Letters,10.1109/lra.2025.3643267,
C0130,Yu2025MAVRLLearn,article,Yu,Hang Yu; Christophe De Wagter; Guido C. H. E. de Croon,personal;personal;personal,MAVRL: Learn to Fly in Cluttered Environments With Varying Speed,2025,journal,IEEE Robotics and Automation Letters,10.1109/lra.2024.3522778,
C0111,Zhang2025LearningVision,article,Zhang,Yuang Zhang; Yu Hu; Yunlong Song; Danping Zou; Weiyao Lin,personal; personal; personal; personal; personal,Learning vision-based agile flight via differentiable physics,2025,journal,Nature Machine Intelligence,10.1038/s42256-025-01048-0,https://www.nature.com/articles/s42256-025-01048-0
C0106,Zhang2025VoyagePlanning,article,Zhang,Chengqian Zhang; Chi Zhang; Fabian Thies; Wengang Mao; Jonas W. Ringsberg,personal;personal;personal;personal;personal,A voyage planning framework for energy performance analysis of autonomous inland waterway vessels,2025,journal,Energy,10.1016/j.energy.2025.137906,https://www.sciencedirect.com/science/article/pii/S0360544225035480
C0160,Zhao2024LearningSpeed,article,Zhao,Guangyu Zhao; Tianyue Wu; Yeke Chen; Fei Gao,personal;personal;personal;personal,Learning Speed Adaptation for Flight in Clutter,2024,journal,IEEE Robotics and Automation Letters,10.1109/lra.2024.3421789,
C0155,Zhou2022OpenEnded,misc,Zhou,Fangqin Zhou; Joaquin Vanschoren,personal; personal,Open-Ended Learning Strategies for Learning Complex Locomotion Skills,2022,howpublished,arXiv,10.48550/arxiv.2206.06796,https://arxiv.org/abs/2206.06796
C0156,Zhou2023FLYOVERModel,misc,Zhou,Yuan Zhou; Gengjie Lin; Yun Tang; Kairui Yang; Wei Jing; Ping Zhang; Junbo Chen; Liang Gong; Yang Liu,personal;personal;personal;personal;personal;personal;personal;personal;personal,FLYOVER: A Model-Driven Method to Generate Diverse Highway Interchanges for Autonomous Vehicle Testing,2023,howpublished,arXiv,10.48550/arxiv.2301.12738,https://arxiv.org/abs/2301.12738
C0162,Zhou2024DiffRoadRealistic,misc,Zhou,Junjie Zhou; Lin Wang; Qiang Meng; Xiaofan Wang,personal; personal; personal; personal,DiffRoad: Realistic and Diverse Road Scenario Generation for Autonomous Vehicle Testing,2024,howpublished,arXiv,10.48550/arxiv.2411.09451,https://arxiv.org/abs/2411.09451
C0148,Zhu2026ComplexityControllable,article,Zhu,Yu Zhu; Jiaxin Wang; Shaoxin Yuan; Zhigang Xu; Xiaobo Qu,personal;personal;personal;personal;personal,Complexity controllable road network generation for virtual testing of autonomous driving,2026,journal,Communications in Transportation Research,10.26599/commtr.2026.9640024,
C0199,Zhuang2023RobotParkour,inproceedings,Zhuang,Ziwen Zhuang; Zipeng Fu; Jianren Wang; Christopher G. Atkeson; Sören Schwertfeger; Chelsea Finn; Hang Zhao,personal;personal;personal;personal;personal;personal;personal,Robot Parkour Learning,2023,booktitle,Proceedings of The 7th Conference on Robot Learning,,https://proceedings.mlr.press/v229/zhuang23a.html
C0142,Zohdinasab2021DeepHyperionExploring,inproceedings,Zohdinasab,Tahereh Zohdinasab; Vincenzo Riccio; Alessio Gambi; Paolo Tonella,personal;personal;personal;personal,DeepHyperion: Exploring the Feature Space of Deep Learning-Based Systems through Illumination Search,2021,booktitle,Proceedings of the 30th ACM SIGSOFT International Symposium on Software Testing and Analysis,10.1145/3460319.3464811,
