candidate_id,artifact_id,artifact_role,source_url,evidence_version,evidence_retrieved_on,access_status,evidence_archive_url,evidence_sha256,local_filename,redistribution_status,retrieval_notes
C0001,provisional-metadata,metadata-only,https://sourceforge.net/projects/torcs/,unversioned@2026-07-03,2026-07-06,abstract_only,NR,NR,NR,metadata-only,attempted: doi_or_publisher=normalizer did not download bytes | title_author=metadata audit row inspected | scholarly_index_or_repository=no verified local artifact | official_page=Official project/source endpoint  no v8 archived artifact.; outcome: metadata-only record requires acquisition
C0002,provisional-metadata,metadata-only,https://forge.a-lec.org/speed-dreams/speed-dreams-code,unversioned@2026-07-03,2026-07-06,abstract_only,NR,NR,NR,metadata-only,attempted: doi_or_publisher=normalizer did not download bytes | title_author=metadata audit row inspected | scholarly_index_or_repository=no verified local artifact | official_page=Official code forge  no v8 archived artifact.; outcome: metadata-only record requires acquisition
C0003,provisional-metadata,metadata-only,https://doi.org/10.1016/j.asoc.2014.11.010,DOI-10.1016-j.asoc.2014.11.010,2026-07-06,abstract_only,NR,NR,NR,metadata-only,attempted: doi_or_publisher=normalizer did not download bytes | title_author=metadata audit row inspected | scholarly_index_or_repository=no verified local artifact | official_page=No v8 primary report  DOI/publisher record only.; outcome: metadata-only record requires acquisition
C0004,provisional-metadata,metadata-only,https://doi.org/10.1109/acii63134.2024.00034,DOI-10.1109-acii63134.2024.00034,2026-07-06,abstract_only,NR,NR,NR,metadata-only,attempted: doi_or_publisher=normalizer did not download bytes | title_author=metadata audit row inspected | scholarly_index_or_repository=no verified local artifact | official_page=No v8 primary report  IEEE record only.; outcome: metadata-only record requires acquisition
C0005,provisional-metadata,metadata-only,https://github.com/DiogoAABranco/Solid-Rally-Plus,repository-HEAD@2026-07-03,2026-07-06,abstract_only,NR,NR,NR,metadata-only,attempted: doi_or_publisher=normalizer did not download bytes | title_author=metadata audit row inspected | scholarly_index_or_repository=no verified local artifact | official_page=Official repository  no v8 archived revision.; outcome: metadata-only record requires acquisition
C0006,primary-pdf,primary-report,https://arxiv.org/pdf/2012.13681,arXiv:2012.13681v2,2026-07-06,full_text,NR,35fab1daecfccb222c2feac79cc5b019ebdc99f9b1b8d0efa300cbe542606fa0,C0006/improving_generalization_procedural_generation_arxiv_2012.13681.pdf,local-restricted,"Primary public PDF; file, pdfinfo, and pdftotext confirmed title, author, and topic identity."
C0007,provisional-metadata,metadata-only,https://www.asam.net/standards/detail/opendrive/,unversioned@2026-07-03,2026-07-06,abstract_only,NR,NR,NR,metadata-only,attempted: doi_or_publisher=normalizer did not download bytes | title_author=metadata audit row inspected | scholarly_index_or_repository=no verified local artifact | official_page=Official standard landing page  specification text was not locally archived.; outcome: metadata-only record requires acquisition
C0008,primary-pdf,primary-report,https://arxiv.org/pdf/2303.17900,arXiv:2303.17900v2,2026-07-06,full_text,NR,a16724999de0aa16fbdd1ee5d178a77a1dbd7cdbf31ed7efeaa30b6c1aa518f8,C0008/complex_roundabouts_autonomous_vehicle_testing_arxiv_2303.17900.pdf,local-restricted,"Primary public PDF; file, pdfinfo, and pdftotext confirmed title, author, and topic identity."
C0009,primary-report,primary-report,https://ieeexplore.ieee.org/document/5975206/,IEEE-T-CIAIG-3-3-2011,2026-07-03,full_text,NR,96c04acf36aa8db5ac156d363258a029007f67fca270b77d5504928314941aa9,C0009/C0009.pdf,local-restricted,NR
C0010,primary-pdf,primary-report,https://web-archive.southampton.ac.uk/cogprints.org/5221/1/Togelius2006Making.pdf,CogPrints 5221 (2006),2026-07-06,full_text,NR,61363a18d5bc8842654cdd49b656e8c0bee3a6aa6a3f185b92eb4a705bd61c97,C0010/making_racing_fun_player_modeling_track_evolution_cogprints.pdf,local-restricted,"Primary public PDF; file, pdfinfo, and pdftotext confirmed title, author, and topic identity."
C0011,primary-report,primary-report,https://www.ijeei.org/docs-1804133866588e9f62ade3b.pdf,IJEEI-8-4-2016,2026-07-02,full_text,NR,653c84ca93cecdadc6614e817765da0422340cf249b5fb7824c6c83fbb5a632a,C0011/prasetya-2016-ijeei-8-4.pdf,local-restricted,NR
C0012,provisional-metadata,metadata-only,https://doi.org/10.4018/ijamc.350330,DOI-10.4018-ijamc.350330,2026-07-06,abstract_only,NR,NR,NR,metadata-only,attempted: doi_or_publisher=normalizer did not download bytes | title_author=metadata audit row inspected | scholarly_index_or_repository=no verified local artifact | official_page=No v8 primary report  DOI/publisher record only.; outcome: metadata-only record requires acquisition
C0013,primary-pdf,primary-report,https://www.sbgames.org/proceedings2021/ComputacaoFull/217347.pdf,SBGames 2021 proceedings,2026-07-06,full_text,NR,d168baea43c3fc567c71cf0036eeecb85c0fc90f4fee3678f4adc8125b5d00ed,C0013/isometric_racetracks_chain_code_sbgames_2021.pdf,local-restricted,"Primary public PDF; file, pdfinfo, and pdftotext confirmed title, author, and topic identity."
C0014,primary-pdf,primary-report,https://arxiv.org/pdf/2103.01288,arXiv:2103.01288v1,2026-07-06,full_text,NR,c1eb38f0251917c99e5a9081239dc2863789c98a32ff68ada04d0e677ce79d66,C0014/challenging_road_networks_alks_testing_arxiv_2103.01288.pdf,local-restricted,"Primary public PDF; file, pdfinfo, and pdftotext confirmed title, author, and topic identity."
C0015,official-documentation,official-documentation,https://unece.org/transport/documents/2021/03/standards/un-regulation-no-157-automated-lane-keeping-systems-alks,UN-Regulation-No-157-2021,2026-07-03,official_documentation,NR,22ed8b3070f28d578d665356c194a8b64e049750ba6cfb7c6812275a8a830c7a,C0015/C0015.pdf,local-restricted,NR
C0016,primary-pdf,primary-report,https://proceedings.neurips.cc/paper_files/paper/2021/file/0e915db6326b6fb6a3c56546980a8c93-Paper.pdf,NeurIPS 2021 proceedings,2026-07-06,full_text,NR,4d6dac8a6ac16e29e063ac6e47a3e8b6b7b860dd845dafd430574df55f780d93,C0016/replay_guided_adversarial_environment_design_neurips_2021.pdf,local-restricted,"Primary public PDF; file, pdfinfo, and pdftotext confirmed title, author, and topic identity."
C0017,official-source,official-documentation,https://raw.githubusercontent.com/Farama-Foundation/Gymnasium/v1.2.3/gymnasium/envs/box2d/car_racing.py,Gymnasium-v1.2.3,2026-07-02,official_documentation,NR,d0d8c61ba32101d480b46c416b6a0854614efd6f7180aba1276ac0ec4e7f3662,C0017/gymnasium-v1.2.3-car-racing.py,public-redistributable,NR
C0018,provisional-metadata,metadata-only,https://proceedings.mlr.press/v202/azad23a/azad23a.pdf,PMLR-v202-2023,2026-07-06,abstract_only,NR,NR,NR,metadata-only,attempted: doi_or_publisher=normalizer did not download bytes | title_author=metadata audit row inspected | scholarly_index_or_repository=no verified local artifact | official_page=Public proceedings PDF  no v8 archived copy.; outcome: metadata-only record requires acquisition
C0019,provisional-metadata,metadata-only,https://proceedings.mlr.press/v139/jiang21b/jiang21b.pdf,PMLR-v139-2021,2026-07-06,abstract_only,NR,NR,NR,metadata-only,attempted: doi_or_publisher=normalizer did not download bytes | title_author=metadata audit row inspected | scholarly_index_or_repository=no verified local artifact | official_page=Public proceedings PDF  no v8 archived copy.; outcome: metadata-only record requires acquisition
C0020,primary-pdf,primary-report,https://proceedings.neurips.cc/paper_files/paper/2020/file/985e9a46e10005356bbaf194249f6856-Paper.pdf,NeurIPS 2020 proceedings,2026-07-06,full_text,NR,06b29c20bada539ceac41556b78831f13ee296c4dccda8f2512dccd4b843624e,C0020/emergent_complexity_zero_shot_transfer_neurips_2020.pdf,local-restricted,"Primary public PDF; file, pdfinfo, and pdftotext confirmed title, author, and topic identity."
C0021,primary-pdf,primary-report,https://proceedings.mlr.press/v162/parker-holder22a/parker-holder22a.pdf,PMLR volume 162 (ICML 2022),2026-07-06,full_text,NR,592e2a3fa44fbd0d652b234fe38ac70d754e0199a1e808b2e671b1685a457938,C0021/evolving_curricula_regret_based_environment_design_icml_2022.pdf,local-restricted,"Primary public PDF; file, pdfinfo, and pdftotext confirmed title, author, and topic identity."
C0022,provisional-metadata,metadata-only,https://doi.org/10.1145/3293882.3330566,DOI-10.1145-3293882.3330566,2026-07-06,abstract_only,NR,NR,NR,metadata-only,attempted: doi_or_publisher=normalizer did not download bytes | title_author=metadata audit row inspected | scholarly_index_or_repository=no verified local artifact | official_page=No v8 primary report  ACM/DOI record only.; outcome: metadata-only record requires acquisition
C0023,primary-report,primary-report,https://arxiv.org/pdf/2007.02787v1,arXiv-2007.02787v1,2026-07-02,full_text,NR,54ff312599150d891d4544961a92a26c8a783b30e69598ca3642f2f7fc74fe9c,C0023/riccio-2020-arxiv-2007.02787v1.pdf,local-restricted,NR
C0024,primary-pdf,primary-report,https://arxiv.org/abs/2401.14682,arXiv:2401.14682v1,2026-07-06,full_text,NR,c7602a67fca9bbe3f8f555847aeab907871484d2343e08f662113a8e95d70015,C0024/diversity_guided_frenet_arxiv_2401.14682.pdf,local-restricted,"Public arXiv preprint; file, pdfinfo, and pdftotext confirm the exact title and listed authors."
C0025,primary-report,primary-report,https://proceedings.mlr.press/v123/madaan20a/madaan20a.pdf,PMLR-v123-2020,2026-07-02,full_text,NR,ed3a9384cec193068e9c1631b7076a8eae1f8eaed2cbe704cdda7bac50e8ab7c,C0025/madaan-2020-pmlr123.pdf,local-restricted,NR
C0026,provisional-metadata,metadata-only,https://doi.org/10.1109/IROS51168.2021.9636053,DOI-10.1109-IROS51168.2021.9636053,2026-07-06,abstract_only,NR,NR,NR,metadata-only,attempted: doi_or_publisher=normalizer did not download bytes | title_author=metadata audit row inspected | scholarly_index_or_repository=no verified local artifact | official_page=No v8 primary report  IEEE/DOI record only.; outcome: metadata-only record requires acquisition
C0027,provisional-metadata,metadata-only,https://arxiv.org/pdf/2411.04246,arXiv-2411.04246@2026-07-03,2026-07-06,abstract_only,NR,NR,NR,metadata-only,attempted: doi_or_publisher=normalizer did not download bytes | title_author=metadata audit row inspected | scholarly_index_or_repository=no verified local artifact | official_page=Public preprint endpoint  no v8 archived copy.; outcome: metadata-only record requires acquisition
C0028,provisional-metadata,metadata-only,https://developer.nvidia.com/isaac-gym,unversioned@2026-07-03,2026-07-06,abstract_only,NR,NR,NR,metadata-only,attempted: doi_or_publisher=normalizer did not download bytes | title_author=metadata audit row inspected | scholarly_index_or_repository=no verified local artifact | official_page=Official NVIDIA product documentation  no v8 archived artifact.; outcome: metadata-only record requires acquisition
C0029,provisional-metadata,metadata-only,https://doi.org/10.1038/s41586-021-04357-7,DOI-10.1038-s41586-021-04357-7,2026-07-06,abstract_only,NR,NR,NR,metadata-only,attempted: doi_or_publisher=normalizer did not download bytes | title_author=metadata audit row inspected | scholarly_index_or_repository=no verified local artifact | official_page=No v8 primary report  publisher/DOI record only.; outcome: metadata-only record requires acquisition
C0030,provisional-metadata,metadata-only,https://www.polyphony.co.jp/products/,unversioned@2026-07-03,2026-07-06,abstract_only,NR,NR,NR,metadata-only,attempted: doi_or_publisher=normalizer did not download bytes | title_author=metadata audit row inspected | scholarly_index_or_repository=no verified local artifact | official_page=Official product catalogue  no v8 archived artifact.; outcome: metadata-only record requires acquisition
C0031,provisional-metadata,metadata-only,https://doi.org/10.1109/lra.2021.3064284,DOI-10.1109-lra.2021.3064284,2026-07-06,abstract_only,NR,NR,NR,metadata-only,attempted: doi_or_publisher=normalizer did not download bytes | title_author=metadata audit row inspected | scholarly_index_or_repository=no verified local artifact | official_page=No v8 primary report  IEEE/DOI record only.; outcome: metadata-only record requires acquisition
C0032,provisional-metadata,metadata-only,https://rlj.cs.umass.edu/2024/papers/Paper213.html,RLJ-2024-Paper213,2026-07-06,abstract_only,NR,NR,NR,metadata-only,attempted: doi_or_publisher=normalizer did not download bytes | title_author=metadata audit row inspected | scholarly_index_or_repository=no verified local artifact | official_page=Public Reinforcement Learning Journal paper page  no v8 archived copy.; outcome: metadata-only record requires acquisition
C0033,provisional-metadata,metadata-only,https://doi.org/10.1109/lra.2025.3560873,DOI-10.1109-lra.2025.3560873,2026-07-06,abstract_only,NR,NR,NR,metadata-only,attempted: doi_or_publisher=normalizer did not download bytes | title_author=metadata audit row inspected | scholarly_index_or_repository=no verified local artifact | official_page=No v8 primary report  IEEE/DOI record only.; outcome: metadata-only record requires acquisition
C0034,provisional-metadata,metadata-only,https://www.gran-turismo.com/us/products/gtsport/,unversioned@2026-07-03,2026-07-06,abstract_only,NR,NR,NR,metadata-only,attempted: doi_or_publisher=normalizer did not download bytes | title_author=metadata audit row inspected | scholarly_index_or_repository=no verified local artifact | official_page=Official product page  no v8 archived artifact.; outcome: metadata-only record requires acquisition
C0035,provisional-metadata,metadata-only,https://www.gran-turismo.com/us/products/gt7/,unversioned@2026-07-03,2026-07-06,abstract_only,NR,NR,NR,metadata-only,attempted: doi_or_publisher=normalizer did not download bytes | title_author=metadata audit row inspected | scholarly_index_or_repository=no verified local artifact | official_page=Official product page  no v8 archived artifact.; outcome: metadata-only record requires acquisition
C0036,provisional-metadata,metadata-only,https://doi.org/10.1115/DSCC2011-6097,DOI-10.1115-DSCC2011-6097,2026-07-06,abstract_only,NR,NR,NR,metadata-only,attempted: doi_or_publisher=normalizer did not download bytes | title_author=metadata audit row inspected | scholarly_index_or_repository=no verified local artifact | official_page=No v8 primary report  ASME/DOI record only.; outcome: metadata-only record requires acquisition
C0037,provisional-metadata,metadata-only,https://doi.org/10.1016/j.compstruc.2007.04.028,DOI-10.1016-j.compstruc.2007.04.028,2026-07-06,abstract_only,NR,NR,NR,metadata-only,attempted: doi_or_publisher=normalizer did not download bytes | title_author=metadata audit row inspected | scholarly_index_or_repository=no verified local artifact | official_page=No v8 primary report  DOI/publisher record only.; outcome: metadata-only record requires acquisition
C0038,provisional-metadata,metadata-only,https://doi.org/10.1080/00423114.2019.1631455,DOI-10.1080-00423114.2019.1631455,2026-07-06,abstract_only,NR,NR,NR,metadata-only,attempted: doi_or_publisher=normalizer did not download bytes | title_author=metadata audit row inspected | scholarly_index_or_repository=no verified local artifact | official_page=No v8 primary report  DOI/publisher record only.; outcome: metadata-only record requires acquisition
C0039,provisional-metadata,metadata-only,https://doi.org/10.4271/2002-01-3339,DOI-10.4271-2002-01-3339,2026-07-06,abstract_only,NR,NR,NR,metadata-only,attempted: doi_or_publisher=normalizer did not download bytes | title_author=metadata audit row inspected | scholarly_index_or_repository=no verified local artifact | official_page=No v8 primary report  SAE/DOI record only.; outcome: metadata-only record requires acquisition
C0040,provisional-metadata,metadata-only,https://doi.org/10.1109/itw.2010.5593330,DOI-10.1109-itw.2010.5593330,2026-07-06,abstract_only,NR,NR,NR,metadata-only,attempted: doi_or_publisher=normalizer did not download bytes | title_author=metadata audit row inspected | scholarly_index_or_repository=no verified local artifact | official_page=No v8 primary report  IEEE/DOI record only.; outcome: metadata-only record requires acquisition
C0041,provisional-metadata,metadata-only,https://doi.org/10.1080/00423114.2019.1704804,DOI-10.1080-00423114.2019.1704804,2026-07-06,abstract_only,NR,NR,NR,metadata-only,attempted: doi_or_publisher=normalizer did not download bytes | title_author=metadata audit row inspected | scholarly_index_or_repository=no verified local artifact | official_page=No v8 primary report  DOI/publisher record only.; outcome: metadata-only record requires acquisition
C0042,provisional-metadata,metadata-only,https://doi.org/10.1109/cdc42340.2020.9304147,DOI-10.1109-cdc42340.2020.9304147,2026-07-06,abstract_only,NR,NR,NR,metadata-only,attempted: doi_or_publisher=normalizer did not download bytes | title_author=metadata audit row inspected | scholarly_index_or_repository=no verified local artifact | official_page=No v8 primary report  IEEE/DOI record only.; outcome: metadata-only record requires acquisition
C0043,provisional-metadata,metadata-only,https://doi.org/10.1109/tvt.2020.2998065,DOI-10.1109-tvt.2020.2998065,2026-07-06,abstract_only,NR,NR,NR,metadata-only,attempted: doi_or_publisher=normalizer did not download bytes | title_author=metadata audit row inspected | scholarly_index_or_repository=no verified local artifact | official_page=No v8 primary report  IEEE/DOI record only.; outcome: metadata-only record requires acquisition
C0044,provisional-metadata,metadata-only,https://doi.org/10.1109/iecon.2019.8926856,DOI-10.1109-iecon.2019.8926856,2026-07-06,abstract_only,NR,NR,NR,metadata-only,attempted: doi_or_publisher=normalizer did not download bytes | title_author=metadata audit row inspected | scholarly_index_or_repository=no verified local artifact | official_page=No v8 primary report  IEEE/DOI record only.; outcome: metadata-only record requires acquisition
C0045,provisional-metadata,metadata-only,https://github.com/erincatto/box2d,repository-HEAD@2026-07-03,2026-07-06,abstract_only,NR,NR,NR,metadata-only,attempted: doi_or_publisher=normalizer did not download bytes | title_author=metadata audit row inspected | scholarly_index_or_repository=no verified local artifact | official_page=Official repository  no v8 archived revision.; outcome: metadata-only record requires acquisition
C0046,primary-pdf,primary-report,https://arxiv.org/pdf/2109.12674v3,arXiv:2109.12674v3,2026-07-06,full_text,NR,ae04f7e4a3976f977ccff136a218d0daca5a84224f68ded684a6a734f8a87e2e,C0046/metadrive_composing_diverse_driving_scenarios_arxiv_2109.12674v3.pdf,local-restricted,"Replacement public PDF; file, pdfinfo, and pdftotext confirmed title, author, and topic identity."
C0047,source-snapshot,repository-source,https://github.com/ChickenKorma/Track-Generator,commit 8cf5fe26df607dcd5796e799eb219a3462d61431 (default branch main),2026-07-06,official_documentation,https://codeload.github.com/ChickenKorma/Track-Generator/tar.gz/8cf5fe26df607dcd5796e799eb219a3462d61431,c83195500a9608a2148c92ab3c5176c507db8676b3120fba5a5213d8bee0b496,C0047/track_generator_8cf5fe26df607dcd5796e799eb219a3462d61431.tar.gz,local-restricted,Official GitHub default branch resolved to the recorded commit; tar listing contains the commit-rooted Track-Generator source tree.
C0048,provisional-metadata,metadata-only,https://docs.unity3d.com/Manual/UnityManual.html,unversioned@2026-07-03,2026-07-06,abstract_only,NR,NR,NR,metadata-only,attempted: doi_or_publisher=normalizer did not download bytes | title_author=metadata audit row inspected | scholarly_index_or_repository=no verified local artifact | official_page=Official Unity manual  no v8 archived artifact.; outcome: metadata-only record requires acquisition
C0049,source-snapshot,repository-source,https://github.com/Drallig/ProceduralTrack,commit 1653b3816698effdd61254af63a839023747dcbf (default branch master),2026-07-06,official_documentation,https://codeload.github.com/Drallig/ProceduralTrack/tar.gz/1653b3816698effdd61254af63a839023747dcbf,cdfa2f69676f58ed141ede70b191536fc39f33ef55fc1150005f5aad6fb3c536,C0049/procedural_track_1653b3816698effdd61254af63a839023747dcbf.tar.gz,local-restricted,Official GitHub default branch resolved to the recorded commit; tar listing contains the commit-rooted ProceduralTrack source tree.
C0050,source-snapshot,repository-source,https://github.com/meraccos/random_car_racing_track_generator,commit 45848d15554a2da85e5b3b93322ba364908837e0 (default branch main),2026-07-06,official_documentation,https://codeload.github.com/meraccos/random_car_racing_track_generator/tar.gz/45848d15554a2da85e5b3b93322ba364908837e0,9dde7ddb971f993ddb05900f01b07819d4fb41615d1c1f1a3bd8254c3da306d8,C0050/random_car_racing_track_generator_45848d15554a2da85e5b3b93322ba364908837e0.tar.gz,public-redistributable,"Official GitHub default branch resolved to the recorded commit; tar listing contains the commit-rooted source tree and LICENSE, while repository metadata declares Apache-2.0."
C0051,source-snapshot,repository-source,https://github.com/h3h3h0h0/Racetrackgen2,commit b51edbc4195550bdf04f8ec5567259e03675f05b (default branch main),2026-07-06,official_documentation,https://codeload.github.com/h3h3h0h0/Racetrackgen2/tar.gz/b51edbc4195550bdf04f8ec5567259e03675f05b,16d149b62d50f710e01a793e9fcde56af493cf19a4d8dacd5b978b073d948e47,C0051/racetrackgen2_b51edbc4195550bdf04f8ec5567259e03675f05b.tar.gz,local-restricted,Official GitHub default branch resolved to the recorded commit; tar listing contains the commit-rooted Racetrackgen2 source tree.
C0052,primary-pdf,primary-report,https://people.eecs.berkeley.edu/~sequin/CS285/PAPERS/Parish_Muller01.pdf,SIGGRAPH 2001 paper,2026-07-06,full_text,NR,43108a9ebd3ebe9ae2947fe5aeda11834efe973fdc32fcced55e044f98a15dc7,C0052/procedural_modeling_cities_siggraph_2001.pdf,local-restricted,"UC Berkeley EECS-hosted paper; file, pdfinfo, and pdftotext confirm the title and Parish/Mueller author identity."
C0053,provisional-metadata,metadata-only,https://www.esri.com/en-us/arcgis/products/arcgis-cityengine/overview,official web checked 2026-07-03,2026-07-06,abstract_only,NR,NR,NR,metadata-only,attempted: doi_or_publisher=normalizer did not download bytes | title_author=metadata audit row inspected | scholarly_index_or_repository=no verified local artifact | official_page=Current product overview  no versioned local documentation snapshot.; outcome: metadata-only record requires acquisition
C0054,primary-pdf,primary-report,https://peterwonka.net/Publications/pdfs/2008.SG.Chen.InteractiveProceduralStreetModeling.pdf,ACM TOG 27(3) author PDF (2008),2026-07-06,full_text,NR,fa3271884023ebf8d1442e8626d649bbb5ebe1e9043dc48ff5a62ad291674665,C0054/interactive_procedural_street_modeling_2008.pdf,local-restricted,"Author-hosted PDF; file, pdfinfo, and pdftotext confirm the exact article title and author list."
C0055,provisional-metadata,metadata-only,https://pmc.ncbi.nlm.nih.gov/articles/PMC21766/,PMC full text checked 2026-07-03,2026-07-06,abstract_only,NR,NR,NR,metadata-only,attempted: doi_or_publisher=normalizer did not download bytes | title_author=metadata audit row inspected | scholarly_index_or_repository=no verified local artifact | official_page=PMC full text verified  no local archive copy.; outcome: metadata-only record requires acquisition
C0056,provisional-metadata,metadata-only,https://link.springer.com/article/10.1007/s00222-002-0234-y,publisher record checked 2026-07-03,2026-07-06,abstract_only,NR,NR,NR,metadata-only,attempted: doi_or_publisher=normalizer did not download bytes | title_author=metadata audit row inspected | scholarly_index_or_repository=no verified local artifact | official_page=No local or independently verified public full text.; outcome: metadata-only record requires acquisition
C0057,provisional-metadata,metadata-only,https://www.cs.cmu.edu/~kmcrane/Projects/RepulsiveCurves/,author project PDF checked 2026-07-03,2026-07-06,abstract_only,NR,NR,NR,metadata-only,attempted: doi_or_publisher=normalizer did not download bytes | title_author=metadata audit row inspected | scholarly_index_or_repository=no verified local artifact | official_page=Author project page exposes the paper PDF  no local archive copy.; outcome: metadata-only record requires acquisition
C0058,provisional-metadata,metadata-only,https://ieeexplore.ieee.org/document/10965488/,publisher record checked 2026-07-03,2026-07-06,abstract_only,NR,NR,NR,metadata-only,attempted: doi_or_publisher=normalizer did not download bytes | title_author=metadata audit row inspected | scholarly_index_or_repository=no verified local artifact | official_page=No local or independently verified public full text.; outcome: metadata-only record requires acquisition
C0059,provisional-metadata,metadata-only,https://arxiv.org/abs/2203.16383,arXiv:2203.16383 checked 2026-07-03,2026-07-06,abstract_only,NR,NR,NR,metadata-only,attempted: doi_or_publisher=normalizer did not download bytes | title_author=metadata audit row inspected | scholarly_index_or_repository=no verified local artifact | official_page=Public preprint verified  it may differ from the journal version.; outcome: metadata-only record requires acquisition
C0060,provisional-metadata,metadata-only,https://matthias-research.github.io/pages/publications/posBasedDyn.pdf,author PDF checked 2026-07-03,2026-07-06,abstract_only,NR,NR,NR,metadata-only,attempted: doi_or_publisher=normalizer did not download bytes | title_author=metadata audit row inspected | scholarly_index_or_repository=no verified local artifact | official_page=Author-hosted PDF verified  no local archive copy.; outcome: metadata-only record requires acquisition
C0061,primary-report,primary-report,https://dl.acm.org/doi/10.1145/2994258.2994272,ACM-MIG-2016,2026-07-02,full_text,NR,cd96241fe2cce7816c3fa1cb2b9e862e5a610263fd38cc8560bb51b7f6ecd502,C0061/xpbd-mig2016.pdf,local-restricted,NR
C0062,provisional-metadata,metadata-only,https://ieeexplore.ieee.org/document/10093017/,publisher record checked 2026-07-03,2026-07-06,abstract_only,NR,NR,NR,metadata-only,attempted: doi_or_publisher=normalizer did not download bytes | title_author=metadata audit row inspected | scholarly_index_or_repository=no verified local artifact | official_page=No local or independently verified public full text.; outcome: metadata-only record requires acquisition
C0063,official-source,official-documentation,https://github.com/AntoineRichard/TrackGen/blob/cf9e9433eafa30c8311476cf75a356dd42c541cd/track_gen/_src/track_generator.py,git-cf9e9433eafa30c8311476cf75a356dd42c541cd,2026-07-02,official_documentation,NR,c130ac12a1f94cb2514c17bcbb485747499bc31878d4d01aa72f0b587419dafd,C0063/trackgen-track-generator-cf9e9433.py,local-restricted,NR
C0064,provisional-metadata,metadata-only,https://github.com/NVIDIA/warp,official repository checked 2026-07-03,2026-07-06,abstract_only,NR,NR,NR,metadata-only,attempted: doi_or_publisher=normalizer did not download bytes | title_author=metadata audit row inspected | scholarly_index_or_repository=no verified local artifact | official_page=Repository evidence rather than an archived GTC paper.; outcome: metadata-only record requires acquisition
C0065,provisional-metadata,metadata-only,https://docs.nvidia.com/cuda/cuda-programming-guide/04-special-topics/cuda-graphs.html,official documentation checked 2026-07-03,2026-07-06,abstract_only,NR,NR,NR,metadata-only,attempted: doi_or_publisher=normalizer did not download bytes | title_author=metadata audit row inspected | scholarly_index_or_repository=no verified local artifact | official_page=Current documentation  no pinned local documentation version.; outcome: metadata-only record requires acquisition
C0066,provisional-metadata,metadata-only,https://www.nature.com/articles/s41586-020-03157-9,publisher record checked 2026-07-03,2026-07-06,abstract_only,NR,NR,NR,metadata-only,attempted: doi_or_publisher=normalizer did not download bytes | title_author=metadata audit row inspected | scholarly_index_or_repository=no verified local artifact | official_page=No local full text  direct PDF retrieval did not yield a PDF in this audit.; outcome: metadata-only record requires acquisition
C0067,provisional-metadata,metadata-only,https://ieeexplore.ieee.org/document/4219051/,publisher record checked 2026-07-03,2026-07-06,abstract_only,NR,NR,NR,metadata-only,attempted: doi_or_publisher=normalizer did not download bytes | title_author=metadata audit row inspected | scholarly_index_or_repository=no verified local artifact | official_page=No local or independently verified public full text.; outcome: metadata-only record requires acquisition
C0068,provisional-metadata,metadata-only,https://ieeexplore.ieee.org/document/5756645/,publisher record checked 2026-07-03,2026-07-06,abstract_only,NR,NR,NR,metadata-only,attempted: doi_or_publisher=normalizer did not download bytes | title_author=metadata audit row inspected | scholarly_index_or_repository=no verified local artifact | official_page=No local or independently verified public full text.; outcome: metadata-only record requires acquisition
C0069,primary-pdf,primary-report,https://yannakakis.net/wp-content/uploads/2015/11/PID3821875.pdf,IEEE CIG invited-paper extended abstract (2011),2026-07-06,full_text,NR,e83cab4249994972e08756f313d6218f0a9dc4ff021174a312a98feb0c88732a,C0069/experience_driven_procedural_content_generation_2011.pdf,local-restricted,"Author-hosted PDF; file, pdfinfo, and pdftotext confirm the exact title and Yannakakis/Togelius author identity."
C0070,provisional-metadata,metadata-only,https://dl.acm.org/doi/10.1145/2422956.2422957,publisher record checked 2026-07-03,2026-07-06,abstract_only,NR,NR,NR,metadata-only,attempted: doi_or_publisher=normalizer did not download bytes | title_author=metadata audit row inspected | scholarly_index_or_repository=no verified local artifact | official_page=No local or independently verified public full text for this exact survey.; outcome: metadata-only record requires acquisition
C0071,primary-pdf,primary-report,https://proceedings.mlr.press/v119/cobbe20a/cobbe20a.pdf,PMLR volume 119 (ICML 2020),2026-07-06,full_text,NR,1a3292f3dbf2187a2254cceb8af970c1022154ce90b9ae1ebb7de5a4d51c712a,C0071/leveraging_procedural_generation_benchmark_rl_icml_2020.pdf,local-restricted,"Primary public PDF; file, pdfinfo, and pdftotext confirmed title, author, and topic identity."
C0073,primary-pdf,primary-report,https://proceedings.mlr.press/v87/kaufmann18a/kaufmann18a.pdf,PMLR volume 87 (CoRL 2018),2026-07-06,full_text,NR,9be82e11d0c3d2ee4c9d1cb745a62c27131f4e804fd73a12f192d2d2a203d48d,C0073/deep_drone_racing_dynamic_environments_corl_2018.pdf,local-restricted,"Primary public PDF; file, pdfinfo, and pdftotext confirmed title, author, and topic identity."
C0074,provisional-metadata,metadata-only,https://arxiv.org/abs/1905.09727,arXiv:1905.09727 checked 2026-07-03,2026-07-06,abstract_only,NR,NR,NR,metadata-only,attempted: doi_or_publisher=normalizer did not download bytes | title_author=metadata audit row inspected | scholarly_index_or_repository=no verified local artifact | official_page=Public author preprint verified  it may differ from the IEEE version.; outcome: metadata-only record requires acquisition
C0075,provisional-metadata,metadata-only,https://arxiv.org/abs/2005.12813,arXiv:2005.12813 checked 2026-07-03,2026-07-06,abstract_only,NR,NR,NR,metadata-only,attempted: doi_or_publisher=normalizer did not download bytes | title_author=metadata audit row inspected | scholarly_index_or_repository=no verified local artifact | official_page=Public author preprint verified  it may differ from the journal version.; outcome: metadata-only record requires acquisition
C0076,provisional-metadata,metadata-only,https://www.nature.com/articles/s41586-023-06419-4,Nature PDF checked 2026-07-03,2026-07-06,abstract_only,NR,NR,NR,metadata-only,attempted: doi_or_publisher=normalizer did not download bytes | title_author=metadata audit row inspected | scholarly_index_or_repository=no verified local artifact | official_page=Official PDF endpoint returned a public PDF  no local archive copy.; outcome: metadata-only record requires acquisition
C0077,provisional-metadata,metadata-only,https://arxiv.org/abs/2310.10943,arXiv:2310.10943 checked 2026-07-03,2026-07-06,abstract_only,NR,NR,NR,metadata-only,attempted: doi_or_publisher=normalizer did not download bytes | title_author=metadata audit row inspected | scholarly_index_or_repository=no verified local artifact | official_page=Public author preprint verified  it may differ from the Science Robotics version.; outcome: metadata-only record requires acquisition
C0078,provisional-metadata,metadata-only,https://www.roboticsproceedings.org/rss20/p109.pdf,RSS 2024 proceedings PDF checked 2026-07-03,2026-07-06,abstract_only,NR,NR,NR,metadata-only,attempted: doi_or_publisher=normalizer did not download bytes | title_author=metadata audit row inspected | scholarly_index_or_repository=no verified local artifact | official_page=Official proceedings PDF verified  no local archive copy.; outcome: metadata-only record requires acquisition
C0079,provisional-metadata,metadata-only,https://proceedings.mlr.press/v155/schwarting21a.html,PMLR full text checked 2026-07-03,2026-07-06,abstract_only,NR,NR,NR,metadata-only,attempted: doi_or_publisher=normalizer did not download bytes | title_author=metadata audit row inspected | scholarly_index_or_repository=no verified local artifact | official_page=Official proceedings page exposes downloadable PDF  no local archive copy.; outcome: metadata-only record requires acquisition
C0080,provisional-metadata,metadata-only,https://arxiv.org/abs/2103.04909,arXiv:2103.04909 checked 2026-07-03,2026-07-06,abstract_only,NR,NR,NR,metadata-only,attempted: doi_or_publisher=normalizer did not download bytes | title_author=metadata audit row inspected | scholarly_index_or_repository=no verified local artifact | official_page=Public author preprint verified  it may differ from the ICRA version.; outcome: metadata-only record requires acquisition
C0081,provisional-metadata,metadata-only,https://arxiv.org/abs/2111.12083,arXiv:2111.12083 checked 2026-07-03,2026-07-06,abstract_only,NR,NR,NR,metadata-only,attempted: doi_or_publisher=normalizer did not download bytes | title_author=metadata audit row inspected | scholarly_index_or_repository=no verified local artifact | official_page=Public author preprint verified  it may differ from the ICRA version.; outcome: metadata-only record requires acquisition
C0082,provisional-metadata,metadata-only,https://mit-racecar.github.io/,official project site checked 2026-07-03,2026-07-06,abstract_only,NR,NR,NR,metadata-only,attempted: doi_or_publisher=normalizer did not download bytes | title_author=metadata audit row inspected | scholarly_index_or_repository=no verified local artifact | official_page=Current project documentation  no versioned local snapshot.; outcome: metadata-only record requires acquisition
C0083,provisional-metadata,metadata-only,https://arxiv.org/abs/2402.18558,arXiv:2402.18558 checked 2026-07-03,2026-07-06,abstract_only,NR,NR,NR,metadata-only,attempted: doi_or_publisher=normalizer did not download bytes | title_author=metadata audit row inspected | scholarly_index_or_repository=no verified local artifact | official_page=Public survey preprint verified  no local archive copy.; outcome: metadata-only record requires acquisition
C0084,provisional-metadata,metadata-only,https://arxiv.org/abs/2506.15899,arXiv:2506.15899 checked 2026-07-03,2026-07-06,abstract_only,NR,NR,NR,metadata-only,attempted: doi_or_publisher=normalizer did not download bytes | title_author=metadata audit row inspected | scholarly_index_or_repository=no verified local artifact | official_page=Public author preprint verified  it may differ from the AIRC version.; outcome: metadata-only record requires acquisition
C0085,provisional-metadata,metadata-only,https://arxiv.org/abs/1711.07300,arXiv:1711.07300 checked 2026-07-03,2026-07-06,abstract_only,NR,NR,NR,metadata-only,attempted: doi_or_publisher=normalizer did not download bytes | title_author=metadata audit row inspected | scholarly_index_or_repository=no verified local artifact | official_page=Public author preprint verified  it may differ from the journal version.; outcome: metadata-only record requires acquisition
C0086,provisional-metadata,metadata-only,https://arxiv.org/abs/2205.15979,arXiv:2205.15979 checked 2026-07-03,2026-07-06,abstract_only,NR,NR,NR,metadata-only,attempted: doi_or_publisher=normalizer did not download bytes | title_author=metadata audit row inspected | scholarly_index_or_repository=no verified local artifact | official_page=Public author preprint verified  it may differ from the journal version.; outcome: metadata-only record requires acquisition
C0087,provisional-metadata,metadata-only,https://arxiv.org/abs/2202.03807,arXiv:2202.03807 checked 2026-07-03,2026-07-06,abstract_only,NR,NR,NR,metadata-only,attempted: doi_or_publisher=normalizer did not download bytes | title_author=metadata audit row inspected | scholarly_index_or_repository=no verified local artifact | official_page=Public author preprint verified  it may differ from the book-chapter version.; outcome: metadata-only record requires acquisition
C0088,official-rules,official-documentation,https://www.indyautonomouschallenge.com/s/2022-ACTMS-Rules-v100.pdf,IAC-ACTMS-Rules-v1.0.0,2026-07-02,official_documentation,NR,57488a57951b046b43e41de56ef5a6fdaf1bc4d4199895a387d4cc96a75bff0c,C0088/iac-actms-rules-v1.0.0.pdf,local-restricted,NR
C0089,provisional-metadata,metadata-only,https://arxiv.org/abs/1806.00678,arXiv:1806.00678 checked 2026-07-03,2026-07-06,abstract_only,NR,NR,NR,metadata-only,attempted: doi_or_publisher=normalizer did not download bytes | title_author=metadata audit row inspected | scholarly_index_or_repository=no verified local artifact | official_page=Public author preprint verified  it may differ from the IEEE Control Systems version.; outcome: metadata-only record requires acquisition
C0090,official-documentation,official-documentation,https://www.ri.cmu.edu/robotics-groups/driverless-intelligent-vehicles-lab/,unversioned@2026-07-02,2026-07-02,official_documentation,NR,5907b2e622bdcdbaeb210b785b5143a460c7b65661bdc1c48efaf1bc8f49e957,C0090/drive-lab-profile-2026-07-02.html,local-restricted,NR
C0091,provisional-metadata,metadata-only,https://www.airacingtech.com/about-us,official team site checked 2026-07-03,2026-07-06,abstract_only,NR,NR,NR,metadata-only,attempted: doi_or_publisher=normalizer did not download bytes | title_author=metadata audit row inspected | scholarly_index_or_repository=no verified local artifact | official_page=Current team webpage  no versioned local snapshot.; outcome: metadata-only record requires acquisition
C0092,provisional-metadata,metadata-only,https://arxiv.org/abs/2309.10716,arXiv:2309.10716 checked 2026-07-03,2026-07-06,abstract_only,NR,NR,NR,metadata-only,attempted: doi_or_publisher=normalizer did not download bytes | title_author=metadata audit row inspected | scholarly_index_or_repository=no verified local artifact | official_page=Public author preprint verified  it may differ from the ICRA version.; outcome: metadata-only record requires acquisition
C0093,provisional-metadata,metadata-only,https://arxiv.org/abs/2303.02267,arXiv:2303.02267 checked 2026-07-03,2026-07-06,abstract_only,NR,NR,NR,metadata-only,attempted: doi_or_publisher=normalizer did not download bytes | title_author=metadata audit row inspected | scholarly_index_or_repository=no verified local artifact | official_page=Public preprint PDF verified  no local archive copy.; outcome: metadata-only record requires acquisition
C0094,provisional-metadata,metadata-only,https://arxiv.org/abs/2303.08235,arXiv:2303.08235 checked 2026-07-03,2026-07-06,abstract_only,NR,NR,NR,metadata-only,attempted: doi_or_publisher=normalizer did not download bytes | title_author=metadata audit row inspected | scholarly_index_or_repository=no verified local artifact | official_page=Public preprint PDF verified  no local archive copy.; outcome: metadata-only record requires acquisition
C0095,provisional-metadata,metadata-only,https://arxiv.org/abs/2505.19512,arXiv:2505.19512 checked 2026-07-03,2026-07-06,abstract_only,NR,NR,NR,metadata-only,attempted: doi_or_publisher=normalizer did not download bytes | title_author=metadata audit row inspected | scholarly_index_or_repository=no verified local artifact | official_page=Public preprint PDF verified  no local archive copy.; outcome: metadata-only record requires acquisition
C0096,provisional-metadata,metadata-only,https://arxiv.org/abs/2202.07008,arXiv:2202.07008 checked 2026-07-03,2026-07-06,abstract_only,NR,NR,NR,metadata-only,attempted: doi_or_publisher=normalizer did not download bytes | title_author=metadata audit row inspected | scholarly_index_or_repository=no verified local artifact | official_page=Public author preprint verified  it may differ from the IEEE Open Journal version.; outcome: metadata-only record requires acquisition
C0097,primary-report,primary-report,https://openaccess.thecvf.com/content/CVPR2021/papers/Mi_HDMapGen_A_Hierarchical_Graph_Generative_Model_of_High_Definition_Maps_CVPR_2021_paper.pdf,CVPR-2021,2026-07-02,full_text,NR,49217d68969ec0ad5cdd9cf1932912f666775ba88679fc989e689de8f67c0f89,C0097/hdmapgen-cvpr2021.pdf,local-restricted,NR
C0098,page-snapshot,official-documentation,https://www.openstreetmap.org/about,OpenStreetMap About page snapshot 2026-07-06,2026-07-06,official_documentation,https://www.openstreetmap.org/about,b40a85c003a30a0e2c0904cb2b03e6cfd9ad74af988f22b12a24e96d139a460f,C0098/openstreetmap_about_2026-07-06.html,local-restricted,Official HTML snapshot is nonempty and identifies OpenStreetMap and its community; SHA-256 fixes the retrieved live-page representation.
C0099,provisional-metadata,metadata-only,https://arxiv.org/abs/1802.02673,arXiv:1802.02673 checked 2026-07-03,2026-07-06,abstract_only,NR,NR,NR,metadata-only,attempted: doi_or_publisher=normalizer did not download bytes | title_author=metadata audit row inspected | scholarly_index_or_repository=no verified local artifact | official_page=Public author preprint verified  it may differ from the MiG version.; outcome: metadata-only record requires acquisition
C0100,provisional-metadata,metadata-only,https://docs.astral.sh/uv/,official documentation checked 2026-07-03,2026-07-06,abstract_only,NR,NR,NR,metadata-only,attempted: doi_or_publisher=normalizer did not download bytes | title_author=metadata audit row inspected | scholarly_index_or_repository=no verified local artifact | official_page=Current documentation  no pinned local documentation version.; outcome: metadata-only record requires acquisition
C0101,provisional-metadata,metadata-only,https://onlinelibrary.wiley.com/doi/10.1002/smr.2520,publisher record checked 2026-07-03,2026-07-06,abstract_only,NR,NR,NR,metadata-only,attempted: doi_or_publisher=normalizer did not download bytes | title_author=metadata audit row inspected | scholarly_index_or_repository=no verified local artifact | official_page=No local or independently verified public full text.; outcome: metadata-only record requires acquisition
C0102,primary-pdf,primary-report,https://eprints.whiterose.ac.uk/id/eprint/103118/,Accepted Version (2013),2026-07-06,full_text,NR,5ff2607f84aad21e94151e11c5804d423f012c81f4139aa07708459b915e9ea0,C0102/testing_autonomous_robot_control_safecomp_2013.pdf,local-restricted,"White Rose accepted manuscript; file, pdfinfo, and pdftotext confirm the title, authors, SAFECOMP venue, and accepted-version notice."
C0103,provisional-metadata,metadata-only,https://doi.org/10.1007/s10664-023-10286-y,publisher record (2026-07-06),2026-07-06,abstract_only,NR,NR,NR,metadata-only,attempted: doi_or_publisher=normalizer did not download bytes | title_author=metadata audit row inspected | scholarly_index_or_repository=no verified local artifact | official_page=No local archive  no lawful full-text copy verified in this audit.; outcome: metadata-only record requires acquisition
C0104,provisional-metadata,metadata-only,https://link.springer.com/article/10.1007/s10994-021-06006-6,publisher record (2026-07-06),2026-07-06,abstract_only,NR,NR,NR,metadata-only,attempted: doi_or_publisher=normalizer did not download bytes | title_author=metadata audit row inspected | scholarly_index_or_repository=no verified local artifact | official_page=No local archive  no independently verified full-text version recorded here.; outcome: metadata-only record requires acquisition
C0106,provisional-metadata,metadata-only,https://doi.org/10.1016/j.energy.2025.137906,publisher record (2026-07-06),2026-07-06,abstract_only,NR,NR,NR,metadata-only,attempted: doi_or_publisher=normalizer did not download bytes | title_author=metadata audit row inspected | scholarly_index_or_repository=no verified local artifact | official_page=No local archive  publisher record only.; outcome: metadata-only record requires acquisition
C0107,primary-pdf,primary-report,https://arxiv.org/abs/2203.12138,arXiv:2203.12138v1,2026-07-06,full_text,NR,eab7e6435ad35e783639a875cc04737939c2355d3c0b37226425b07d48e45c2d,C0107/ambiegen_arxiv_2203.12138.pdf,local-restricted,"Public arXiv preprint for the cited work; file, pdfinfo, and pdftotext confirm title and author identity."
C0108,provisional-metadata,metadata-only,https://doi.org/10.1016/j.scico.2023.102990,publisher record (2026-07-06),2026-07-06,abstract_only,NR,NR,NR,metadata-only,attempted: doi_or_publisher=normalizer did not download bytes | title_author=metadata audit row inspected | scholarly_index_or_repository=no verified local artifact | official_page=No local archive  publisher record only.; outcome: metadata-only record requires acquisition
C0109,provisional-metadata,metadata-only,https://doi.org/10.1016/j.scico.2023.102996,publisher record (2026-07-06),2026-07-06,abstract_only,NR,NR,NR,metadata-only,attempted: doi_or_publisher=normalizer did not download bytes | title_author=metadata audit row inspected | scholarly_index_or_repository=no verified local artifact | official_page=No local archive  publisher record only.; outcome: metadata-only record requires acquisition
C0110,provisional-metadata,metadata-only,https://doi.org/10.1016/j.scico.2024.103171,related local SBFT 2024 full text,2026-07-06,abstract_only,NR,NR,NR,metadata-only,"attempted: doi_or_publisher=normalizer did not download bytes | title_author=metadata audit row inspected | scholarly_index_or_repository=no verified local artifact | official_page=Archive is a 2024 SBFT CRAG tool paper, not the cited Science of Computer Programming article.; outcome: metadata-only record requires acquisition"
C0111,provisional-metadata,metadata-only,https://doi.org/10.1038/s42256-025-01048-0,publisher record (2026-07-06),2026-07-06,abstract_only,NR,NR,NR,metadata-only,attempted: doi_or_publisher=normalizer did not download bytes | title_author=metadata audit row inspected | scholarly_index_or_repository=no verified local artifact | official_page=No local archive  publisher record only.; outcome: metadata-only record requires acquisition
C0112,provisional-metadata,metadata-only,https://ieeexplore.ieee.org/document/11493908,IEEE Access final article,2026-07-06,abstract_only,NR,NR,NR,metadata-only,attempted: doi_or_publisher=normalizer did not download bytes | title_author=metadata audit row inspected | scholarly_index_or_repository=no verified local artifact | official_page=No local archived copy.; outcome: metadata-only record requires acquisition
C0113,provisional-metadata,metadata-only,https://doi.org/10.1109/cec.2006.1688530,publisher record (2026-07-06),2026-07-06,abstract_only,NR,NR,NR,metadata-only,attempted: doi_or_publisher=normalizer did not download bytes | title_author=metadata audit row inspected | scholarly_index_or_repository=no verified local artifact | official_page=No local archive  publisher record only.; outcome: metadata-only record requires acquisition
C0114,provisional-metadata,metadata-only,https://doi.org/10.1109/cig.2014.6932899,publisher record (2026-07-06),2026-07-06,abstract_only,NR,NR,NR,metadata-only,attempted: doi_or_publisher=normalizer did not download bytes | title_author=metadata audit row inspected | scholarly_index_or_repository=no verified local artifact | official_page=No local archive  publisher record only.; outcome: metadata-only record requires acquisition
C0115,provisional-metadata,metadata-only,https://doi.org/10.1109/cig.2016.7860435,publisher record (2026-07-06),2026-07-06,abstract_only,NR,NR,NR,metadata-only,attempted: doi_or_publisher=normalizer did not download bytes | title_author=metadata audit row inspected | scholarly_index_or_repository=no verified local artifact | official_page=No local archive  publisher record only.; outcome: metadata-only record requires acquisition
C0116,provisional-metadata,metadata-only,https://doi.org/10.1109/cog64752.2025.11114175,publisher record (2026-07-06),2026-07-06,abstract_only,NR,NR,NR,metadata-only,attempted: doi_or_publisher=normalizer did not download bytes | title_author=metadata audit row inspected | scholarly_index_or_repository=no verified local artifact | official_page=No local archive  publisher record only.; outcome: metadata-only record requires acquisition
C0118,primary-pdf,primary-report,https://hal.science/hal-01328909v1/document,HAL hal-01328909v1,2026-07-06,full_text,NR,39c9da1c20b8eb1e175ce56acd4e9906b2a414d536fc94efc49d117a45193cb9,C0118/virtual_worlds_testing_robot_navigation_hal_01328909v1.pdf,local-restricted,"Primary public PDF; file, pdfinfo, and pdftotext confirmed title, author, and topic identity."
C0119,primary-pdf,primary-report,https://openaccess.thecvf.com/content/ICCV2021/html/Herman_Learn-To-Race_A_Multimodal_Control_Environment_for_Autonomous_Racing_ICCV_2021_paper.html,ICCV 2021 paper,2026-07-06,full_text,https://openaccess.thecvf.com/content/ICCV2021/papers/Herman_Learn-To-Race_A_Multimodal_Control_Environment_for_Autonomous_Racing_ICCV_2021_paper.pdf,fe6540c38f19aedc95db9f8992cdc750b3a017e2dcb3796db3ed6c641e765fde,C0119/learn_to_race_iccv_2021.pdf,local-restricted,"Official CVF landing page links this primary PDF; file, pdfinfo, and pdftotext confirm the title and author identity."
C0120,provisional-metadata,metadata-only,https://arxiv.org/abs/2301.07430,arXiv preprint,2026-07-06,abstract_only,NR,NR,NR,metadata-only,attempted: doi_or_publisher=normalizer did not download bytes | title_author=metadata audit row inspected | scholarly_index_or_repository=no verified local artifact | official_page=Preprint may differ from final ICRA version.; outcome: metadata-only record requires acquisition
C0121,primary-pdf,primary-report,https://arxiv.org/abs/2410.22308v3,arXiv:2410.22308v3; accepted ICRA 2025 author manuscript,2026-07-06,full_text,NR,c3ddf711eb83a9e28c8ba43b45f4b558a8d017f479c8774917b9ecfe8783dd2e,C0121/environment_as_policy_arxiv_2410.22308.pdf,local-restricted,"Public arXiv v3 author manuscript; file, pdfinfo, and pdftotext confirm title, author list, and ICRA 2025 acceptance notice."
C0122,primary-pdf,primary-report,https://doi.org/10.1109/icse-nier66352.2025.00021,ICSE-NIER 2025 DOI 10.1109/icse-nier66352.2025.00021,2026-07-06,full_text,NR,8b5119b6edc8bce2bfb360a279a33b20e47fbca9d803a61a2e9cb18890cd020a,C0122/automatically_generating_content_testing_autonomous_vehicles_icse_nier_2025.pdf,local-restricted,"User supplied five-page ICSE-NIER PDF; DOI, title, page count, and SHA-256 were verified locally. Local storage does not grant redistribution rights."
C0123,provisional-metadata,metadata-only,https://doi.org/10.1109/ICST49551.2021.00030,publisher record (2026-07-06),2026-07-06,abstract_only,NR,NR,NR,metadata-only,attempted: doi_or_publisher=normalizer did not download bytes | title_author=metadata audit row inspected | scholarly_index_or_repository=no verified local artifact | official_page=No local archive  publisher record only.; outcome: metadata-only record requires acquisition
C0124,provisional-metadata,metadata-only,https://doi.org/10.1109/issre5003.2020.00012,publisher record (2026-07-06),2026-07-06,abstract_only,NR,NR,NR,metadata-only,attempted: doi_or_publisher=normalizer did not download bytes | title_author=metadata audit row inspected | scholarly_index_or_repository=no verified local artifact | official_page=No local archive  publisher record only.; outcome: metadata-only record requires acquisition
C0125,provisional-metadata,metadata-only,https://doi.org/10.1109/issre59848.2023.00054,publisher record (2026-07-06),2026-07-06,abstract_only,NR,NR,NR,metadata-only,attempted: doi_or_publisher=normalizer did not download bytes | title_author=metadata audit row inspected | scholarly_index_or_repository=no verified local artifact | official_page=No local archive  publisher record only.; outcome: metadata-only record requires acquisition
C0126,primary-pdf,primary-report,https://www.mrt.kit.edu/z/publ/download/2018/Poggenhans2018Lanelet2.pdf,ITSC 2018 author PDF,2026-07-06,full_text,NR,8bc82686455ff7edb0ea74b0ced6f05a38d7f66a062c1f768ac393535b0e1135,C0126/lanelet2_itsc_2018.pdf,local-restricted,"KIT-hosted author PDF; file, pdfinfo, and pdftotext confirm the cited title and author list."
C0127,provisional-metadata,metadata-only,https://doi.org/10.1109/itsc45102.2020.9294629,publisher record (2026-07-06),2026-07-06,abstract_only,NR,NR,NR,metadata-only,attempted: doi_or_publisher=normalizer did not download bytes | title_author=metadata audit row inspected | scholarly_index_or_repository=no verified local artifact | official_page=No local archive  publisher record only.; outcome: metadata-only record requires acquisition
C0128,primary-report,primary-report,https://doi.org/10.1109/ivs.2017.7995802,IEEE-IV-2017,2026-07-02,full_text,NR,fa78a36bb0b499551b245bf93ae44c6ea6338b49f8ab075fc6e79922fe1fab86,C0128/commonroad-iv-2017.pdf,local-restricted,NR
C0129,provisional-metadata,metadata-only,https://arxiv.org/abs/2309.12825,arXiv preprint,2026-07-06,abstract_only,NR,NR,NR,metadata-only,attempted: doi_or_publisher=normalizer did not download bytes | title_author=metadata audit row inspected | scholarly_index_or_repository=no verified local artifact | official_page=Preprint may differ from final IEEE RA-L version.; outcome: metadata-only record requires acquisition
C0130,primary-pdf,primary-report,https://arxiv.org/abs/2402.08381,arXiv:2402.08381 preprint,2026-07-06,full_text,NR,dcf4f37059ec3adea927fcec51ad3680a0a4f5a8160d6624c5036ef79808e17b,C0130/mavrl_arxiv_2402.08381.pdf,local-restricted,"Public arXiv preprint for the cited work; file, pdfinfo, and pdftotext confirm the exact title and article content."
C0131,official-documentation,official-documentation,https://github.com/ntnu-arl/aerial_gym/blob/v2.0.0/docs/2_simulation_components.md,Aerial-Gym-v2.0.0,2026-07-02,official_documentation,NR,af05e2c0e11366a6b85cabfb94e398979f03ae16a5365d5b3195a68c24f5b267,C0131/aerial-gym-v2.0.0-simulation-components.md,local-restricted,NR
C0132,primary-pdf,primary-report,https://webperso.ensta.fr/lebars/paper_wrsc_2013_oceans_2015.pdf,OCEANS 2015 conference paper,2026-07-06,full_text,NR,5f2c243af4e1d64185b8f78bf95011beeb66d83be47a03b2a880f20ded373d59,C0132/world_robotic_sailing_championship_oceans_2015.pdf,local-restricted,"ENSTA author-hosted PDF; file, pdfinfo, and pdftotext confirm title, Le Bars/Jaulin authors, and OCEANS 2015 identity."
C0133,provisional-metadata,metadata-only,https://doi.org/10.1109/qrs54544.2021.00028,publisher record (2026-07-06),2026-07-06,abstract_only,NR,NR,NR,metadata-only,attempted: doi_or_publisher=normalizer did not download bytes | title_author=metadata audit row inspected | scholarly_index_or_repository=no verified local artifact | official_page=No local archive  publisher record only.; outcome: metadata-only record requires acquisition
C0134,primary-report,primary-report,https://doi.org/10.1109/sbft59156.2023.00006,IEEE-SBFT-2023,2026-07-03,full_text,NR,f945db58780cf03f757f58865d7516412a6d598a94c2880eb238796bdf81ea3a,C0134/C0134.pdf,local-restricted,NR
C0135,provisional-metadata,metadata-only,https://doi.org/10.1109/SBFT59156.2023.00007,publisher record (2026-07-06),2026-07-06,abstract_only,NR,NR,NR,metadata-only,attempted: doi_or_publisher=normalizer did not download bytes | title_author=metadata audit row inspected | scholarly_index_or_repository=no verified local artifact | official_page=No local archive  publisher record only.; outcome: metadata-only record requires acquisition
C0136,primary-report,primary-report,https://ieeexplore.ieee.org/document/9476243/,IEEE-SBST-2021,2026-07-02,full_text,NR,e0c9723c8d01665aaec37115001bd5064b4bb40f6c0276e847cbd94a02438fec,C0136/sbst-tool-competition-2021.pdf,local-restricted,NR
C0137,primary-pdf,primary-report,https://coinse.github.io/publications/pdfs/Han2021vp.pdf,SBST 2021 author PDF,2026-07-06,full_text,NR,4a64ca9f77c3e07e413705dc57adf5e74149657adb42a2243d78ee711e1c5cba,C0137/path_aware_crossover_sbst_2021.pdf,local-restricted,"KAIST COINSE-hosted PDF; file, pdfinfo, and pdftotext confirm the exact title and author list."
C0138,provisional-metadata,metadata-only,https://doi.org/10.1115/omae2023-104455,ASME proceedings record,2026-07-06,abstract_only,NR,NR,NR,metadata-only,attempted: doi_or_publisher=normalizer did not download bytes | title_author=metadata audit row inspected | scholarly_index_or_repository=no verified local artifact | official_page=No local archive  no verified lawful full text in this audit.; outcome: metadata-only record requires acquisition
C0139,provisional-metadata,metadata-only,https://doi.org/10.1126/scirobotics.abg5810,publisher record (2026-07-06),2026-07-06,abstract_only,NR,NR,NR,metadata-only,attempted: doi_or_publisher=normalizer did not download bytes | title_author=metadata audit row inspected | scholarly_index_or_repository=no verified local artifact | official_page=No local archive  publisher record only.; outcome: metadata-only record requires acquisition
C0140,primary-report,primary-report,https://arxiv.org/pdf/2309.14341v1,arXiv-2309.14341v1,2026-07-02,full_text,NR,50f1cf2b73b9147111100994d1dfffbfd15a9a6c2412aee1921d4d3e58ee2285,C0140/cheng-2023-arxiv-2309.14341v1.pdf,local-restricted,NR
C0141,provisional-metadata,metadata-only,https://doi.org/10.1145/2001576.2001631,publisher record (2026-07-06),2026-07-06,abstract_only,NR,NR,NR,metadata-only,attempted: doi_or_publisher=normalizer did not download bytes | title_author=metadata audit row inspected | scholarly_index_or_repository=no verified local artifact | official_page=No local archive  publisher record only.; outcome: metadata-only record requires acquisition
C0142,provisional-metadata,metadata-only,https://doi.org/10.1145/3460319.3464811,publisher record (2026-07-06),2026-07-06,abstract_only,NR,NR,NR,metadata-only,attempted: doi_or_publisher=normalizer did not download bytes | title_author=metadata audit row inspected | scholarly_index_or_repository=no verified local artifact | official_page=No local archive  publisher record only.; outcome: metadata-only record requires acquisition
C0143,primary-pdf,primary-report,https://arxiv.org/abs/2205.11060,arXiv:2205.11060v1,2026-07-06,full_text,NR,d7965979d29824c35dd84cb6a784092e404839d2776b8e349ddc4236f55aecd8,C0143/wogan_arxiv_2205.11060.pdf,local-restricted,"Public arXiv preprint for the cited work; file, pdfinfo, and pdftotext confirm title and author identity."
C0144,provisional-metadata,metadata-only,https://doi.org/10.1145/3526072.3527533,publisher record (2026-07-06),2026-07-06,abstract_only,NR,NR,NR,metadata-only,attempted: doi_or_publisher=normalizer did not download bytes | title_author=metadata audit row inspected | scholarly_index_or_repository=no verified local artifact | official_page=No local archive  publisher record only.; outcome: metadata-only record requires acquisition
C0145,primary-report,primary-report,https://arxiv.org/pdf/2308.12762v1,arXiv-2308.12762v1,2026-07-02,full_text,NR,a4d9da6d8dc70857642dec1eb4ecc71b240686cb68582296184f82de9e87f790,C0145/rigaa-arxiv-2308.12762v1.pdf,local-restricted,NR
C0146,primary-pdf,primary-report,https://web-backend.simula.no/sites/default/files/2025-08/GECCO2025_Paper_Waypoints_search%20.pdf,GECCO 2025 author PDF,2026-07-06,full_text,NR,68c092702aab4a423ce58162ef145850b973b587e1402f0ad8c4bb9ad6270091,C0146/wpgen_gecco_2025.pdf,public-redistributable,"Simula author-hosted PDF; file, pdfinfo, and pdftotext confirm title and authors; first page states CC BY 4.0."
C0147,official-source,official-documentation,https://github.com/osrf/vrx/tree/3a0aa019,git-3a0aa019,2026-07-02,official_documentation,NR,256d90498087a28c4fe4aad66d817b2dc086cdd408fb20b25cb3db1dc6489c84,C0147/vrx-navigation-course-3a0aa019.sdf,local-restricted,NR
C0148,primary-pdf,primary-report,https://www.sciopen.com/article/10.26599/COMMTR.2026.9640024,Communications in Transportation Research Version 1 (2026-06-01),2026-07-06,full_text,https://www.sciopen.com/local/article_pdf/10.26599/COMMTR.2026.9640024.pdf,26ae0bbc89b840c6402a9f5622afc34123ed426e73a27073cd7764cdab2aec44,C0148/complexity_controllable_road_network_commtr_2026.pdf,public-redistributable,"Official SciOpen citation_pdf_url resolves to this primary PDF; file, pdfinfo, and pdftotext confirm the report title and usable 21-page content; page one states CC BY 4.0."
C0149,provisional-metadata,metadata-only,https://www.frontiersin.org/journals/robotics-and-ai/articles/10.3389/frobt.2020.566037/full,Frontiers article version,2026-07-06,abstract_only,NR,NR,NR,metadata-only,attempted: doi_or_publisher=normalizer did not download bytes | title_author=metadata audit row inspected | scholarly_index_or_repository=no verified local artifact | official_page=No local archived copy.; outcome: metadata-only record requires acquisition
C0150,primary-pdf,primary-report,https://www.mdpi.com/2076-3417/12/3/1651,Applied Sciences 12(3):1651 (2022) PDF v2,2026-07-06,full_text,https://mdpi-res.com/d_attachment/applsci/applsci-12-01651/article_deploy/applsci-12-01651-v2.pdf,95ab84d67915610dbf600b9e097092f59ff27d2d8871146d48b4742f0e8e41b3,C0150/navigation_scenario_permutation_applsci_2022_v2.pdf,public-redistributable,"Official MDPI CDN primary PDF v2; file, pdfinfo, and pdftotext confirm title and authors, and page one states the CC BY license."
C0151,provisional-metadata,metadata-only,https://doi.org/10.4018/ijcicg.2015070103,publisher record (2026-07-06),2026-07-06,abstract_only,NR,NR,NR,metadata-only,attempted: doi_or_publisher=normalizer did not download bytes | title_author=metadata audit row inspected | scholarly_index_or_repository=no verified local artifact | official_page=No local archive  publisher record only.; outcome: metadata-only record requires acquisition
C0152,primary-pdf,primary-report,https://saemobilus.sae.org/articles/procedural-generation-high-definition-road-networks-autonomous-vehicle-testing-traffic-simulations-12-06-01-0007,SAE Int. J. CAV 6(1) (2023),2026-07-06,full_text,NR,cf181a5565c6b93f73ce15379d8f73d3c8064ea715fc152f050a62982e9ed061,C0152/junctionart_sae_2023.pdf,public-redistributable,"Official SAE PDF; file, pdfinfo, and pdftotext confirm article ID, DOI, title, and authors; first page states CC BY 4.0."
C0153,provisional-metadata,metadata-only,https://arxiv.org/abs/1606.01540,arXiv:1606.01540,2026-07-06,abstract_only,NR,NR,NR,metadata-only,attempted: doi_or_publisher=normalizer did not download bytes | title_author=metadata audit row inspected | scholarly_index_or_repository=no verified local artifact | official_page=Paper is a general toolkit description  no local archived copy.; outcome: metadata-only record requires acquisition
C0154,primary-pdf,primary-report,https://arxiv.org/pdf/1901.01753,arXiv:1901.01753v3,2026-07-06,full_text,NR,dd47d961249b0328d8d9e88801cdb7a74da6a8224dc08f0d23da7d6f79fa766c,C0154/poet_open_ended_coevolution_arxiv_1901.01753.pdf,local-restricted,"Primary public PDF; file, pdfinfo, and pdftotext confirmed title, author, and topic identity."
C0155,provisional-metadata,metadata-only,https://arxiv.org/abs/2206.06796,arXiv:2206.06796v1,2026-07-06,abstract_only,NR,NR,NR,metadata-only,attempted: doi_or_publisher=normalizer did not download bytes | title_author=metadata audit row inspected | scholarly_index_or_repository=no verified local artifact | official_page=Preprint only  no local archive.; outcome: metadata-only record requires acquisition
C0156,primary-pdf,primary-report,https://arxiv.org/pdf/2301.12738,arXiv:2301.12738v1,2026-07-06,full_text,NR,554e88e8ed1879b848e4696957073200093b9d2f6c415bba84171f45910a65f0,C0156/flyover_diverse_highway_interchanges_arxiv_2301.12738.pdf,local-restricted,"Primary public PDF; file, pdfinfo, and pdftotext confirmed title, author, and topic identity."
C0157,provisional-metadata,metadata-only,https://arxiv.org/abs/2303.07243,arXiv:2303.07243v1,2026-07-06,abstract_only,NR,NR,NR,metadata-only,attempted: doi_or_publisher=normalizer did not download bytes | title_author=metadata audit row inspected | scholarly_index_or_repository=no verified local artifact | official_page=Preprint only  no local archive.; outcome: metadata-only record requires acquisition
C0158,primary-pdf,primary-report,https://arxiv.org/pdf/2309.14685,arXiv:2309.14685v2,2026-07-06,full_text,NR,66714dc3ee9f0db0824649c491438212339860317ee6322f69e110d819e62c57,C0158/drivescenegen_driving_scenarios_arxiv_2309.14685.pdf,local-restricted,"Primary public PDF; file, pdfinfo, and pdftotext confirmed title, author, and topic identity."
C0159,provisional-metadata,metadata-only,https://arxiv.org/abs/2402.03947,arXiv:2402.03947v1,2026-07-06,abstract_only,NR,NR,NR,metadata-only,attempted: doi_or_publisher=normalizer did not download bytes | title_author=metadata audit row inspected | scholarly_index_or_repository=no verified local artifact | official_page=Author preprint of ICRA paper  no local archive.; outcome: metadata-only record requires acquisition
C0160,provisional-metadata,metadata-only,https://arxiv.org/abs/2403.04586,arXiv:2403.04586v2,2026-07-06,abstract_only,NR,NR,NR,metadata-only,attempted: doi_or_publisher=normalizer did not download bytes | title_author=metadata audit row inspected | scholarly_index_or_repository=no verified local artifact | official_page=Author preprint of RA-L paper  no local archive.; outcome: metadata-only record requires acquisition
C0161,primary-pdf,primary-report,https://raw.githubusercontent.com/mlresearch/v270/main/assets/liang25a/liang25a.pdf,PMLR volume 270 (CoRL 2025),2026-07-06,full_text,NR,722623112fab9b1fe88ea1a66e881ec63d7c2c35895ca2bf64c7a8f4cdc58537,C0161/environment_curriculum_generation_llms_corl_2025.pdf,local-restricted,"Primary PDF linked by the official PMLR page; file, pdfinfo, and pdftotext confirmed title, author, and topic identity."
C0162,primary-pdf,primary-report,https://arxiv.org/pdf/2411.09451,arXiv:2411.09451v1,2026-07-06,full_text,NR,6a7a37df6c79e06e7c270d59150b8d023ec18f38287d24636142cdb2fa84d0b3,C0162/diffroad_road_scenario_generation_arxiv_2411.09451.pdf,local-restricted,"Primary public PDF; file, pdfinfo, and pdftotext confirmed title, author, and topic identity."
C0163,primary-pdf,primary-report,https://arxiv.org/pdf/2411.19577,arXiv:2411.19577v1,2026-07-06,full_text,NR,d535c1b18a4430a634253bdd23f260bcb7aeb856bb7e85e9a34d755fdae58eeb,C0163/roadgen_road_scenarios_arxiv_2411.19577.pdf,local-restricted,"Primary public PDF; file, pdfinfo, and pdftotext confirmed title, author, and topic identity."
C0164,primary-pdf,primary-report,https://arxiv.org/pdf/2504.09997,arXiv:2504.09997v1,2026-07-06,full_text,NR,8d09aa9a1d0fd97ebbfb90268cb9a924455fb44304b3c4c8bd7e40e20ecf3bcb,C0164/gente_real_world_terrains_arxiv_2504.09997.pdf,local-restricted,"Primary public PDF; file, pdfinfo, and pdftotext confirmed title, author, and topic identity."
C0165,primary-pdf,primary-report,https://arxiv.org/pdf/2512.09571,arXiv:2512.09571v2,2026-07-06,full_text,NR,274d76d31c82035c13b1ed4e9ec9e83a6c7ebf9604ecad7b2d9ca19e9194b63d,C0165/mastering_unknown_cluttered_drone_racing_arxiv_2512.09571.pdf,local-restricted,"Primary public PDF; file, pdfinfo, and pdftotext confirmed title, author, and topic identity."
C0166,provisional-metadata,metadata-only,https://arxiv.org/abs/2602.24030,arXiv:2602.24030v1,2026-07-06,abstract_only,NR,NR,NR,metadata-only,attempted: doi_or_publisher=normalizer did not download bytes | title_author=metadata audit row inspected | scholarly_index_or_repository=no verified local artifact | official_page=Recent preprint  no local archive.; outcome: metadata-only record requires acquisition
C0167,provisional-metadata,metadata-only,https://arxiv.org/abs/2605.13665,arXiv:2605.13665v1,2026-07-06,abstract_only,NR,NR,NR,metadata-only,attempted: doi_or_publisher=normalizer did not download bytes | title_author=metadata audit row inspected | scholarly_index_or_repository=no verified local artifact | official_page=Recent preprint  no local archive.; outcome: metadata-only record requires acquisition
C0168,official-handbook,official-documentation,https://robonation.org/app/uploads/sites/2/2022/10/2022-RobotX_Team-Handbook_v3.0.pdf,RobotX-2022-Team-Handbook-v3.0,2026-07-02,official_documentation,NR,a9bf574bde799ccb466c6d95c98a6cb8924bab6395954edb57a260f4da8a32af,C0168/robotx-2022-team-handbook-v3.pdf,local-restricted,NR
C0169,provisional-metadata,metadata-only,https://www.asam.net/standards/detail/opencrg/,2.0.1 (2026-05-19),2026-07-06,abstract_only,NR,NR,NR,metadata-only,attempted: doi_or_publisher=normalizer did not download bytes | title_author=metadata audit row inspected | scholarly_index_or_repository=no verified local artifact | official_page=Official page confirms version  standard download requires registration/details  no local archive.; outcome: metadata-only record requires acquisition
C0170,provisional-metadata,metadata-only,https://publications.pages.asam.net/standards/ASAM_OpenDRIVE/ASAM_OpenDRIVE_Specification/v1.8.1/specification/index.html,BS 1.8.1 (2024-11-21),2026-07-06,abstract_only,NR,NR,NR,metadata-only,attempted: doi_or_publisher=normalizer did not download bytes | title_author=metadata audit row inspected | scholarly_index_or_repository=no verified local artifact | official_page=Versioned official HTML specification  no local archive.; outcome: metadata-only record requires acquisition
C0171,provisional-metadata,metadata-only,https://publications.pages.asam.net/standards/ASAM_OpenDRIVE/ASAM_OpenDRIVE_Specification/v1.9.0/specification/index.html,BS 1.9.0 (2026-05-08),2026-07-06,abstract_only,NR,NR,NR,metadata-only,attempted: doi_or_publisher=normalizer did not download bytes | title_author=metadata audit row inspected | scholarly_index_or_repository=no verified local artifact | official_page=Versioned official HTML specification  no local archive.; outcome: metadata-only record requires acquisition
C0172,official-standard,official-documentation,https://publications.pages.asam.net/standards/ASAM_OpenSCENARIO/ASAM_OpenSCENARIO_XML/v1.3.0/06_general_concepts/06_08_routes.html,ASAM-OpenSCENARIO-XML-v1.3.0,2026-07-02,official_documentation,https://publications.pages.asam.net/standards/ASAM_OpenSCENARIO/ASAM_OpenSCENARIO_XML/v1.3.0/06_general_concepts/06_08_routes.html,d8e9d8da0b1951bffb2ab521e129e0220ee99b6ac66161477a42e545684cde0c,C0172/openscenario-xml-v1.3.0-routes.html,local-restricted,Internal data-version and current version selector identify v1.3.0; publisher rel=canonical incorrectly targets v1.4.0.
C0173,primary-report,primary-report,https://proceedings.mlr.press/v155/jain21b/jain21b.pdf,PMLR-v155-2021,2026-07-02,full_text,NR,77902e38743747989a4e4e79784d96ba11f29e8c92c5881e211a6790030fa227,C0173/bayesrace-pmlr155-2021.pdf,local-restricted,NR
C0175,official-source,official-documentation,https://github.com/carla-simulator/leaderboard/tree/a87a3419e9d2e0d36deb25f1f26c17edee2d1420,git-a87a3419e9d2e0d36deb25f1f26c17edee2d1420,2026-07-02,official_documentation,NR,52c46f4889632be30af5c1a294275635aae0b22175921e909311c1a49716c85f,C0175/leaderboard-a87a3419.tar.gz,local-restricted,NR
C0176,primary-pdf,primary-report,https://mediatum.ub.tum.de/doc/1624607/1624607.pdf,TUM Mediatum 1624607 (ITSC 2021 author copy),2026-07-06,full_text,NR,819e77f4fefd584feb434bb429740b34ae832470822afee1ced65567ccf2e7fb,C0176/commonroad_scenario_designer_mediatum_1624607.pdf,local-restricted,"Primary public PDF; file, pdfinfo, and pdftotext confirmed title, author, and topic identity."
C0177,primary-report,primary-report,https://proceedings.mlr.press/v119/wang20l/wang20l.pdf,PMLR-v119-2020,2026-07-02,full_text,NR,6a01e35d2d0a6ee93015824d3fd2789997057fd604f9389089d5fe04d28c10ab,C0177/wang-2020-pmlr119.pdf,local-restricted,NR
C0178,source-snapshot,repository-source,https://gitlab.com/eufs/public/eufs_maps,commit ccd652da93bcd16b86d89ad1c68dcca440265cbb (default branch master),2026-07-06,official_documentation,https://gitlab.com/eufs/public/eufs_maps/-/archive/ccd652da93bcd16b86d89ad1c68dcca440265cbb/eufs_maps-ccd652da93bcd16b86d89ad1c68dcca440265cbb.tar.gz,114604034f1453e101bef84d9079363270ebe9ffd1ea4a3aaea096c2a9fbcfd0,C0178/eufs_maps_ccd652da93bcd16b86d89ad1c68dcca440265cbb.tar.gz,local-restricted,Official GitLab default branch resolved to the recorded commit; tar listing contains the commit-rooted eufs_maps source tree.
C0180,primary-report,primary-report,https://proceedings.mlr.press/v123/o-kelly20a/o-kelly20a.pdf,PMLR-v123-2020,2026-07-02,full_text,NR,45e171299565b5c99026c1e589b0c74dd73bebc69c72449ef86009446d77699d,C0180/o-kelly-2020-pmlr123.pdf,local-restricted,NR
C0182,source-snapshot,repository-source,https://github.com/f1tenth/f1tenth_racetracks,commit b95c4eff766f6367d66b310ea20cd2c9563712c0 (default branch main),2026-07-06,official_documentation,https://codeload.github.com/f1tenth/f1tenth_racetracks/tar.gz/b95c4eff766f6367d66b310ea20cd2c9563712c0,a38dcc6852a718efbd97b73d927a963ea1a9e1d9c869767112b481db9122a0e3,C0182/f1tenth_racetracks_b95c4eff766f6367d66b310ea20cd2c9563712c0.tar.gz,public-redistributable,"Official GitHub default branch resolved to the recorded commit; tar listing contains the commit-rooted source tree and LICENSE, while repository metadata declares GPL-3.0."
C0183,primary-report,primary-report,https://proceedings.mlr.press/v155/song21a/song21a.pdf,PMLR-v155-2021,2026-07-02,full_text,NR,ac08a94f2a8a1dd614140626c5c9a808b7e40312ba3b37f27771ed22fd363447,C0183/song-2021-pmlr155.pdf,local-restricted,NR
C0184,provisional-metadata,metadata-only,https://fs-driverless.github.io/Formula-Student-Driverless-Simulator/v2.2.0/system-overview/,FSDS 2.2.0,2026-07-06,abstract_only,NR,NR,NR,metadata-only,attempted: doi_or_publisher=normalizer did not download bytes | title_author=metadata audit row inspected | scholarly_index_or_repository=no verified local artifact | official_page=Versioned documentation is public  release source not locally archived.; outcome: metadata-only record requires acquisition
C0185,provisional-metadata,metadata-only,https://github.com/AMZ-Racing/fssim,GitHub default branch,2026-07-06,abstract_only,NR,NR,NR,metadata-only,attempted: doi_or_publisher=normalizer did not download bytes | title_author=metadata audit row inspected | scholarly_index_or_repository=no verified local artifact | official_page=Mutable repository branch  no local archive or commit pin.; outcome: metadata-only record requires acquisition
C0187,official-documentation,official-documentation,https://byu-holoocean.github.io/holoocean-docs/v1.0.0/usage/scenarios.html,HoloOcean-v1.0.0,2026-07-02,official_documentation,NR,d1c51cac66c5dd9ebb83402605a2815dae24eeb5642eea950e598ac356284961,C0187/holoocean-v1.0.0-scenarios.html,local-restricted,NR
C0188,page-snapshot,official-documentation,https://isaac-sim.github.io/IsaacLab/main/_modules/isaaclab/terrains/terrain_generator.html,Isaac Lab documentation 2.3.2,2026-07-06,official_documentation,https://isaac-sim.github.io/IsaacLab/v2.3.2/_modules/isaaclab/terrains/terrain_generator.html,d0aa981cff7add4fee5a9bcc6e00725da20ec3fffe3c032e4ea3e4de8419f0ec,C0188/isaaclab_terrain_generator_docs_v2.3.2.html,local-restricted,Official versioned HTML snapshot declares documentation version 2.3.2 and identifies isaaclab.terrains.terrain_generator.
C0189,provisional-metadata,metadata-only,https://github.com/TUMFTM/laptime-simulation,GitHub default branch,2026-07-06,abstract_only,NR,NR,NR,metadata-only,attempted: doi_or_publisher=normalizer did not download bytes | title_author=metadata audit row inspected | scholarly_index_or_repository=no verified local artifact | official_page=Mutable repository branch  no local archive or commit pin.; outcome: metadata-only record requires acquisition
C0190,provisional-metadata,metadata-only,https://proceedings.mlr.press/v164/rudin22a.html,PMLR 164 (2022),2026-07-06,abstract_only,NR,NR,NR,metadata-only,attempted: doi_or_publisher=normalizer did not download bytes | title_author=metadata audit row inspected | scholarly_index_or_repository=no verified local artifact | official_page=Proceedings source  no local archive.; outcome: metadata-only record requires acquisition
C0191,page-snapshot,official-documentation,https://sumo.dlr.de/docs/netgenerate.html,SUMO netgenerate page last edited 2026-05-20,2026-07-06,official_documentation,https://sumo.dlr.de/docs/netgenerate.html,4395fde035273b595a81dfafd7f5cdb20ef4ba15dde20a7f666f57bea7d9a675,C0191/sumo_netgenerate_docs_2026-05-20.html,local-restricted,Official HTML snapshot identifies netgenerate and records its 20 May 2026 edit date; SHA-256 fixes the retrieved live-page representation.
C0192,provisional-metadata,metadata-only,https://carla.readthedocs.io/en/0.9.12/adv_opendrive/,CARLA 0.9.12,2026-07-06,abstract_only,NR,NR,NR,metadata-only,attempted: doi_or_publisher=normalizer did not download bytes | title_author=metadata audit row inspected | scholarly_index_or_repository=no verified local artifact | official_page=Versioned documentation  no local archive.; outcome: metadata-only record requires acquisition
C0193,provisional-metadata,metadata-only,https://docs.qgroundcontrol.com/master/en/qgc-dev-guide/file_formats/plan.html,QGroundControl master documentation,2026-07-06,abstract_only,NR,NR,NR,metadata-only,attempted: doi_or_publisher=normalizer did not download bytes | title_author=metadata audit row inspected | scholarly_index_or_repository=no verified local artifact | official_page=Mutable master documentation  no local archive.; outcome: metadata-only record requires acquisition
C0194,primary-pdf,primary-report,https://arxiv.org/pdf/2304.01305,arXiv:2304.01305v1,2026-07-06,full_text,NR,fb6a9a04c8d96082515274edf2cf735df1680af0f76b2ad3921046381d826b46,C0194/pyflyt_uav_simulation_rl_arxiv_2304.01305.pdf,local-restricted,"Primary public PDF; file, pdfinfo, and pdftotext confirmed title, author, and topic identity."
C0195,source-snapshot,repository-source,https://github.com/TUMFTM/racetrack-database,commit e59595d1f3573b30d1ded6a08984935b957688e0 (default branch master),2026-07-06,official_documentation,https://codeload.github.com/TUMFTM/racetrack-database/tar.gz/e59595d1f3573b30d1ded6a08984935b957688e0,d821328e29f596a5d7118270a5e843087f243d986d2e5e48ab646ecd94df7d4e,C0195/race_track_database_e59595d1f3573b30d1ded6a08984935b957688e0.tar.gz,public-redistributable,"Official GitHub default branch resolved to the recorded commit; tar listing contains the commit-rooted source tree and LICENSE, while repository metadata declares LGPL-3.0."
C0196,official-source,official-documentation,https://pypi.org/project/random-track-generator/1.1.0/,random-track-generator-1.1.0,2026-07-02,official_documentation,NR,fb056aff1f56c12eff7a52f3de4073bbb76e9ad063f07ad1668da78318d931f1,C0196/random-track-generator-1.1.0.tar.gz,local-restricted,NR
C0198,official-handbook,official-documentation,https://robonation.org/app/uploads/sites/3/2025/10/RoboBoat-2026-Team-Handbook_111125.pdf,RoboBoat-2026-Team-Handbook-111125,2026-07-02,official_documentation,NR,ee93f4b9775a646657cde91b442f4ed2daedc6f68e3db54e04316bea8e3b2d69,C0198/roboboat-2026-team-handbook-111125.pdf,local-restricted,NR
C0199,provisional-metadata,metadata-only,https://proceedings.mlr.press/v229/zhuang23a.html,PMLR 229 (2023),2026-07-06,abstract_only,NR,NR,NR,metadata-only,attempted: doi_or_publisher=normalizer did not download bytes | title_author=metadata audit row inspected | scholarly_index_or_repository=no verified local artifact | official_page=Proceedings source  no local archive.; outcome: metadata-only record requires acquisition
C0200,provisional-metadata,metadata-only,https://robonation.org/app/uploads/sites/2/2026/06/RobotX-2026_Team-Handbook-20260625.pdf,Handbook 2026-06-25,2026-07-06,abstract_only,NR,NR,NR,metadata-only,attempted: doi_or_publisher=normalizer did not download bytes | title_author=metadata audit row inspected | scholarly_index_or_repository=no verified local artifact | official_page=Versioned handbook is public  no local archive.; outcome: metadata-only record requires acquisition
C0201,provisional-metadata,metadata-only,https://www.sailbot.org/wp-content/uploads/2022/05/SailBot-2022-Events.pdf,SailBot 2022,2026-07-06,abstract_only,NR,NR,NR,metadata-only,attempted: doi_or_publisher=normalizer did not download bytes | title_author=metadata audit row inspected | scholarly_index_or_repository=no verified local artifact | official_page=Competition event specification  no local archive.; outcome: metadata-only record requires acquisition
C0202,primary-pdf,primary-report,https://openaccess.thecvf.com/content/CVPR2025/papers/Rowe_Scenario_Dreamer_Vectorized_Latent_Diffusion_for_Generating_Driving_Simulation_Environments_CVPR_2025_paper.pdf,CVPR 2025 paper 01604,2026-07-06,full_text,NR,6fca1736e788f03046dd4f4e31125c7b75f87ad3544373a4fb2e04ca50a43466,C0202/scenario_dreamer_cvpr_2025.pdf,local-restricted,"Primary public PDF; file, pdfinfo, and pdftotext confirmed title, author, and topic identity."
C0203,page-snapshot,official-documentation,https://gazebosim.org/docs/harmonic/sdf_worlds/,Gazebo Harmonic documentation,2026-07-06,official_documentation,https://gazebosim.org/docs/harmonic/sdf_worlds/,74e40502aa45901ec1066dd551632190ce7643ed2bb23113c27590d182c92da1,C0203/gazebo_harmonic_sdf_worlds.html,local-restricted,Official versioned Harmonic HTML snapshot identifies SDF worlds and the harmonic release track; SHA-256 fixes the retrieved representation.
C0204,provisional-metadata,metadata-only,https://sdformat.org/tutorials/specification/pose_frame_semantics/1.7/,SDFormat 1.7,2026-07-06,abstract_only,NR,NR,NR,metadata-only,attempted: doi_or_publisher=normalizer did not download bytes | title_author=metadata audit row inspected | scholarly_index_or_repository=no verified local artifact | official_page=Versioned tutorial page  no local archive.; outcome: metadata-only record requires acquisition
C0205,primary-pdf,primary-report,https://www.ecva.net/papers/eccv_2024/papers_ECCV/papers/00490.pdf,ECCV 2024 paper 00490,2026-07-06,full_text,NR,e404b4fe277269591688f2d054467f4cddc40072742e8ed40d76dd97f62407a5,C0205/sledge_driving_environments_eccv_2024.pdf,local-restricted,"Primary public PDF; file and pdfinfo passed; pdftotext confirmed title, author, and topic identity after a nonfatal cross-reference reconstruction warning."
C0206,provisional-metadata,metadata-only,https://njord.gitbook.io/2026/,Njord Challenge 2026 GitBook,2026-07-06,abstract_only,NR,NR,NR,metadata-only,attempted: doi_or_publisher=normalizer did not download bytes | title_author=metadata audit row inspected | scholarly_index_or_repository=no verified local artifact | official_page=Live handbook is updated in place  no local archive.; outcome: metadata-only record requires acquisition
C0207,provisional-metadata,metadata-only,https://robonation.org/app/uploads/sites/2/2021/11/VRX2022_Technical-Guide_v1.1.pdf,VRX 2022 Technical Guide v1.1 (2021-11-23),2026-07-06,abstract_only,NR,NR,NR,metadata-only,attempted: doi_or_publisher=normalizer did not download bytes | title_author=metadata audit row inspected | scholarly_index_or_repository=no verified local artifact | official_page=Technical guide is public  no local archive.; outcome: metadata-only record requires acquisition
C0209,provisional-metadata,metadata-only,https://robonation.org/app/uploads/sites/2/2023/07/VRX2023_Task-Descriptions_v1.2.pdf,VRX 2023 Task Descriptions v1.2 (2023-07-03),2026-07-06,abstract_only,NR,NR,NR,metadata-only,attempted: doi_or_publisher=normalizer did not download bytes | title_author=metadata audit row inspected | scholarly_index_or_repository=no verified local artifact | official_page=Task-description specification is public  no local archive.; outcome: metadata-only record requires acquisition
C0210,provisional-metadata,metadata-only,https://github.com/osrf/vrx-docker,GitHub master branch,2026-07-06,abstract_only,NR,NR,NR,metadata-only,attempted: doi_or_publisher=normalizer did not download bytes | title_author=metadata audit row inspected | scholarly_index_or_repository=no verified local artifact | official_page=Mutable repository branch  no local archive or commit pin.; outcome: metadata-only record requires acquisition
C0211,primary-pdf,official-documentation,https://www.roboticsailing.org/2019/rules/,WRSC 2019 Notice of Race and Competition Rules v1.1,2026-07-06,official_documentation,https://www.roboticsailing.org/2019/wp-content/uploads/2019/08/World-Robotic-Sailing-Championship-2019-Notice-of-race-and-competition-rules-v1.1.pdf,36095256a3b7647b62049782c1e8fe87f3dcf33dd0f0e1982e5ecedf9929dbc2,C0211/wrsc_2019_rules_v1.1.pdf,local-restricted,"Official WRSC rules page links this v1.1 PDF; file, pdfinfo, and pdftotext confirm the World Robotic Sailing Championship rules identity and usable nine-page content."
