candidate_id,input_sha256,snapshot_sha256,primary_snapshot_sha256,assignment_ids,adjudicator_id,reviewer_ids,decided_on,screening_status,criterion,access_status,source_urls,evidence_version,evidence_retrieved_on,evidence_archive_url,evidence_sha256,screening_locator,exclusion_reason,resolution_evidence,resolved_conflict_ids,notes
C0056,119d103262b8a49678c08a4ce448423ab951fed69389e7c612071abc96aa4214,2fded9335462434c82b4b85dc828fdc31d3ba3b4a876062b8399d2ad9f209b19,616631b486939300e1bd9e45dcb00b072d01456298c3669fbcb60380fdd912f5,A-C0056-02;A-C0056-04,adjudication-draft-02,screening-02;screening-04,2026-07-01,excluded,exclude-out-of-scope,full_text,https://arxiv.org/pdf/math/0103224v3,arXiv:math/0103224v3,2026-07-01,NR,edec2d3d3912d913d9e95ec911cd485cf57e9749ff4dee001febe7c6ac6f9c10,Abstract; Section 2 Thickness and Ropelength; Theorem 1,"The report proves mathematical results about knot and link ropelength and does not provide a route, course, level, test-input generator, or course-specific feasibility contribution.","{""comparison_analysis"":""For C0056, the candidate titled \""On the minimum ropelength of knots and links\"" is assessed from the selected direct source. The report proves mathematical results about knot and link ropelength and does not provide a route, course, level, test-input generator, or course-specific feasibility contribution. The adjudicator compared the source-specific record with both locked independent ratings, whereas the alternative reading does not satisfy the selected protocol outcome. The independent exclusions retain the distinctive words about and bounds for the required comparison. This is an unsealed provisional determination pending accountable-author verification of the deciding locator and interpretation."",""controlling_rules"":[""A3""],""deciding_fact"":{""kind"":""exclusion_reason"",""text"":""The report proves mathematical results about knot and link ropelength and does not provide a route, course, level, test-input generator, or course-specific feasibility contribution.""},""deciding_locator"":""Abstract; Section 2 Thickness and Ropelength; Theorem 1"",""final_decision"":{""criterion"":""exclude-out-of-scope"",""screening_status"":""excluded""},""raw_exclusion_reasons"":[{""assignment_id"":""A-C0056-02"",""reason"":""The report proves mathematical results about knot and link ropelength and does not provide a route, course, level, test-input generator, or course-specific feasibility contribution.""},{""assignment_id"":""A-C0056-04"",""reason"":""The report proves geometric bounds and regularity for mathematical knots and links; it does not generate, represent, or evaluate navigable robot courses.""}],""raw_ratings"":[{""assignment_id"":""A-C0056-02"",""criterion"":""exclude-out-of-scope"",""screening_status"":""excluded""},{""assignment_id"":""A-C0056-04"",""criterion"":""exclude-out-of-scope"",""screening_status"":""excluded""}],""resolved_conflicts"":[],""schema_version"":""1"",""source_url"":""https://arxiv.org/pdf/math/0103224v3""}",NR,Provisional unsealed adjudication draft; pending accountable-author verification.
C0057,2ce6d5d705217de874a44e61e6468cc9a8a279627d42fd565bfed45c012e2d01,2fded9335462434c82b4b85dc828fdc31d3ba3b4a876062b8399d2ad9f209b19,616631b486939300e1bd9e45dcb00b072d01456298c3669fbcb60380fdd912f5,A-C0057-01;A-C0057-02,adjudication-draft-02,screening-01;screening-02,2026-07-01,included,include-1,full_text,https://arxiv.org/pdf/2006.07859v1,arXiv:2006.07859v1,2026-07-01,NR,5e6afce7166f1ed1f5c3864b8b7d69e0ed1afdaa422ff1abc89c5332c69b84c6,Abstract; Section 3 Repulsive Curves; Section 4 Optimization,NR,"{""comparison_analysis"":""For C0057, the candidate titled \""Repulsive Curves\"" is assessed from the selected direct source. Sections 3 and 4 describe an implemented repulsive-curve optimizer with self-intersection avoidance and identify robotic path planning as an application. The adjudicator compared the source-specific record with both locked independent ratings, whereas the alternative reading does not satisfy the selected protocol outcome. The raw statuses are excluded versus included. The raw criteria are exclude-out-of-scope versus include-1. This is an unsealed provisional determination pending accountable-author verification of the deciding locator and interpretation."",""controlling_rules"":[""A1"",""A2""],""deciding_fact"":{""kind"":""transfer_source_fact"",""text"":""Sections 3 and 4 describe an implemented repulsive-curve optimizer with self-intersection avoidance and identify robotic path planning as an application.""},""deciding_locator"":""Abstract; Section 3 Repulsive Curves; Section 4 Optimization"",""final_decision"":{""criterion"":""include-1"",""screening_status"":""included""},""raw_exclusion_reasons"":[],""raw_ratings"":[{""assignment_id"":""A-C0057-01"",""criterion"":""exclude-out-of-scope"",""screening_status"":""excluded""},{""assignment_id"":""A-C0057-02"",""criterion"":""include-1"",""screening_status"":""included""}],""resolved_conflicts"":[],""schema_version"":""1"",""source_url"":""https://arxiv.org/pdf/2006.07859v1""}",NR,Provisional unsealed adjudication draft; pending accountable-author verification.
C0058,44754f91984afb226b98c600c733e71d55bb97264e2b83daacd3ba264990b301,2fded9335462434c82b4b85dc828fdc31d3ba3b4a876062b8399d2ad9f209b19,616631b486939300e1bd9e45dcb00b072d01456298c3669fbcb60380fdd912f5,A-C0058-03;A-C0058-04,adjudication-draft-02,screening-03;screening-04,2026-07-01,excluded,exclude-insufficient-detail,abstract_only,https://doi.org/10.1109/tg.2025.3561107;https://www.semanticscholar.org/paper/3f14835119333af2313791ddd4e4265e661a6353,version-of-record@2025,2026-07-01,NR,NR,"Semantic Scholar record, abstract paragraph beginning 'Procedural content generation is a useful tool'; IEEE DOI record, registered full-text endpoint","The abstract mentions a repulsive-curve race-track generator, but no complete report or authoritative implementation was accessible to inspect the representation, constraints, or algorithms as material evidence.","{""comparison_analysis"":""For C0058, the candidate titled \""From Generation to Gameplay: Authoring Race Tracks With Repulsive Curves\"" is assessed from the selected direct source. The abstract mentions a repulsive-curve race-track generator, but no complete report or authoritative implementation was accessible to inspect the representation, constraints, or algorithms as material evidence. The adjudicator compared the source-specific record with both locked independent ratings, whereas the alternative reading does not satisfy the selected protocol outcome. The independent exclusions retain the distinctive words accessible and describes for the required comparison. This is an unsealed provisional determination pending accountable-author verification of the deciding locator and interpretation."",""controlling_rules"":[""A3""],""deciding_fact"":{""kind"":""exclusion_reason"",""text"":""The abstract mentions a repulsive-curve race-track generator, but no complete report or authoritative implementation was accessible to inspect the representation, constraints, or algorithms as material evidence.""},""deciding_locator"":""Semantic Scholar record, abstract paragraph beginning 'Procedural content generation is a useful tool'; IEEE DOI record, registered full-text endpoint"",""final_decision"":{""criterion"":""exclude-insufficient-detail"",""screening_status"":""excluded""},""raw_exclusion_reasons"":[{""assignment_id"":""A-C0058-03"",""reason"":""The abstract mentions a repulsive-curve race-track generator, but no complete report or authoritative implementation was accessible to inspect the representation, constraints, or algorithms as material evidence.""},{""assignment_id"":""A-C0058-04"",""reason"":""The abstract describes a repulsive-curve race-track generator, but no complete report or authoritative implementation was retrievable for material-evidence inspection.""}],""raw_ratings"":[{""assignment_id"":""A-C0058-03"",""criterion"":""exclude-insufficient-detail"",""screening_status"":""excluded""},{""assignment_id"":""A-C0058-04"",""criterion"":""exclude-insufficient-detail"",""screening_status"":""excluded""}],""resolved_conflicts"":[],""schema_version"":""1"",""source_url"":""https://doi.org/10.1109/tg.2025.3561107""}",NR,Provisional unsealed adjudication draft; pending accountable-author verification. Access limitation: full text or authoritative companion remains unavailable after documented retrieval.
C0059,395a18f811ce62debe631542b13c2215d1dc6115b9679fa9b6931cd4c61e5966,2fded9335462434c82b4b85dc828fdc31d3ba3b4a876062b8399d2ad9f209b19,616631b486939300e1bd9e45dcb00b072d01456298c3669fbcb60380fdd912f5,A-C0059-01;A-C0059-03,adjudication-draft-02,screening-01;screening-03,2026-07-01,excluded,exclude-out-of-scope,full_text,https://arxiv.org/abs/2203.16383;https://arxiv.org/pdf/2203.16383v1,arXiv:2203.16383v1,2026-07-01,https://arxiv.org/pdf/2203.16383v1,120134d2c977055331f834d5a4027b54e44d5f7ee87c50f2c77647b11443435d,pages 1-3 Abstract and Section 1; Sections 3-4 on discrete tangent-point energies and biarc curves,"The report studies Gamma-convergence of knot energies on biarc curves and has no navigable-course generation, representation, benchmark, or survey-gap contribution.","{""comparison_analysis"":""For C0059, the candidate titled \""Tangent-point energies and ropelength as Gamma-limits of discrete tangent-point energies on biarc curves\"" is assessed from the selected direct source. The report studies Gamma-convergence of knot energies on biarc curves and has no navigable-course generation, representation, benchmark, or survey-gap contribution. The adjudicator compared the source-specific record with both locked independent ratings, whereas the alternative reading does not satisfy the selected protocol outcome. The independent exclusions retain the distinctive words contribution and application for the required comparison. This is an unsealed provisional determination pending accountable-author verification of the deciding locator and interpretation."",""controlling_rules"":[""A3""],""deciding_fact"":{""kind"":""exclusion_reason"",""text"":""The report studies Gamma-convergence of knot energies on biarc curves and has no navigable-course generation, representation, benchmark, or survey-gap contribution.""},""deciding_locator"":""pages 1-3 Abstract and Section 1; Sections 3-4 on discrete tangent-point energies and biarc curves"",""final_decision"":{""criterion"":""exclude-out-of-scope"",""screening_status"":""excluded""},""raw_exclusion_reasons"":[{""assignment_id"":""A-C0059-01"",""reason"":""The report studies Gamma-convergence of knot energies on biarc curves and has no navigable-course generation, representation, benchmark, or survey-gap contribution.""},{""assignment_id"":""A-C0059-03"",""reason"":""The report proves mathematical convergence results for energies of closed biarc curves and contains no course generator, course representation, benchmark, feasibility test, or racing application.""}],""raw_ratings"":[{""assignment_id"":""A-C0059-01"",""criterion"":""exclude-out-of-scope"",""screening_status"":""excluded""},{""assignment_id"":""A-C0059-03"",""criterion"":""exclude-out-of-scope"",""screening_status"":""excluded""}],""resolved_conflicts"":[],""schema_version"":""1"",""source_url"":""https://arxiv.org/abs/2203.16383""}",NR,Provisional unsealed adjudication draft; pending accountable-author verification.
C0060,61f56e281ef81d232a214e95632ec86d8c147fc8464dfa87dd60fe3581955736,2fded9335462434c82b4b85dc828fdc31d3ba3b4a876062b8399d2ad9f209b19,616631b486939300e1bd9e45dcb00b072d01456298c3669fbcb60380fdd912f5,A-C0060-01;A-C0060-04,adjudication-draft-02,screening-01;screening-04,2026-07-01,excluded,exclude-out-of-scope,full_text,https://doi.org/10.1016/j.jvcir.2007.01.005;https://matthias-research.github.io/pages/publications/posBasedDyn.pdf,author manuscript for DOI:10.1016/j.jvcir.2007.01.005,2026-07-01,NR,8823d1b0549e84c56e0c3cbbf5db3cd00dbd59858835f4d012b64604aac2f4b0,pages 1-2 Abstract and Sections 1-3,"The report presents a general position-based simulation method for dynamic objects and does not address course geometry, course interchange, or course benchmarking.","{""comparison_analysis"":""For C0060, the candidate titled \""Position Based Dynamics\"" is assessed from the selected direct source. The report presents a general position-based simulation method for dynamic objects and does not address course geometry, course interchange, or course benchmarking. The adjudicator compared the source-specific record with both locked independent ratings, whereas the alternative reading does not satisfy the selected protocol outcome. The independent exclusions retain the distinctive words address and author for the required comparison. This is an unsealed provisional determination pending accountable-author verification of the deciding locator and interpretation."",""controlling_rules"":[""A3""],""deciding_fact"":{""kind"":""exclusion_reason"",""text"":""The report presents a general position-based simulation method for dynamic objects and does not address course geometry, course interchange, or course benchmarking.""},""deciding_locator"":""pages 1-2 Abstract and Sections 1-3"",""final_decision"":{""criterion"":""exclude-out-of-scope"",""screening_status"":""excluded""},""raw_exclusion_reasons"":[{""assignment_id"":""A-C0060-01"",""reason"":""The report presents a general position-based simulation method for dynamic objects and does not address course geometry, course interchange, or course benchmarking.""},{""assignment_id"":""A-C0060-04"",""reason"":""The inspected author manuscript contributes a general constraint solver for cloth, collision, and deformable-body simulation, with no course geometry or course-generation claim.""}],""raw_ratings"":[{""assignment_id"":""A-C0060-01"",""criterion"":""exclude-out-of-scope"",""screening_status"":""excluded""},{""assignment_id"":""A-C0060-04"",""criterion"":""exclude-out-of-scope"",""screening_status"":""excluded""}],""resolved_conflicts"":[],""schema_version"":""1"",""source_url"":""https://doi.org/10.1016/j.jvcir.2007.01.005""}",NR,Provisional unsealed adjudication draft; pending accountable-author verification.
C0061,6f3e06bb108f59b868c50ecf28eb1d3a25cd7c6673832e71bbf0a7de75ac9c57,2fded9335462434c82b4b85dc828fdc31d3ba3b4a876062b8399d2ad9f209b19,616631b486939300e1bd9e45dcb00b072d01456298c3669fbcb60380fdd912f5,A-C0061-04;A-C0061-05,adjudication-draft-02,screening-04;screening-05,2026-07-01,excluded,exclude-out-of-scope,full_text,https://matthias-research.github.io/pages/publications/XPBD.pdf,DOI:10.1145/2994258.2994272 proceedings version,2026-07-01,NR,cd96241fe2cce7816c3fa1cb2b9e862e5a610263fd38cc8560bb51b7f6ecd502,Abstract; Section 1 Introduction; Algorithm 1 XPBD simulation loop; Section 6 Results,"The report contributes a compliant position-based dynamics solver for elastic and dissipative constraints, evaluated on oscillators, cloth, and deformable bodies; it does not generate, represent, characterize, or benchmark navigation-course geometry.","{""comparison_analysis"":""For C0061, the candidate titled \""XPBD: Position-Based Simulation of Compliant Constrained Dynamics\"" is assessed from the selected direct source. The report contributes a compliant position-based dynamics solver for elastic and dissipative constraints, evaluated on oscillators, cloth, and deformable bodies; it does not generate, represent, characterize, or benchmark navigation-course geometry. The adjudicator compared the source-specific record with both locked independent ratings, whereas the alternative reading does not satisfy the selected protocol outcome. The independent exclusions retain the distinctive words based and constraint for the required comparison. This is an unsealed provisional determination pending accountable-author verification of the deciding locator and interpretation."",""controlling_rules"":[""A3""],""deciding_fact"":{""kind"":""exclusion_reason"",""text"":""The report contributes a compliant position-based dynamics solver for elastic and dissipative constraints, evaluated on oscillators, cloth, and deformable bodies; it does not generate, represent, characterize, or benchmark navigation-course geometry.""},""deciding_locator"":""Abstract; Section 1 Introduction; Algorithm 1 XPBD simulation loop; Section 6 Results"",""final_decision"":{""criterion"":""exclude-out-of-scope"",""screening_status"":""excluded""},""raw_exclusion_reasons"":[{""assignment_id"":""A-C0061-04"",""reason"":""The report contributes a compliant position-based dynamics solver for elastic and dissipative constraints, evaluated on oscillators, cloth, and deformable bodies; it does not generate, represent, characterize, or benchmark navigation-course geometry.""},{""assignment_id"":""A-C0061-05"",""reason"":""The report contributes a compliant-constraint solver for deformable-body simulation; it does not generate, represent, characterize, or benchmark spatial courses, routes, roads, or racing environments.""}],""raw_ratings"":[{""assignment_id"":""A-C0061-04"",""criterion"":""exclude-out-of-scope"",""screening_status"":""excluded""},{""assignment_id"":""A-C0061-05"",""criterion"":""exclude-out-of-scope"",""screening_status"":""excluded""}],""resolved_conflicts"":[],""schema_version"":""1"",""source_url"":""https://matthias-research.github.io/pages/publications/XPBD.pdf""}",NR,Provisional unsealed adjudication draft; pending accountable-author verification.
C0062,3546a228a6fc72451323f5f236d87dad0876e71ce4927e64d0adb6336b6cdd2c,2fded9335462434c82b4b85dc828fdc31d3ba3b4a876062b8399d2ad9f209b19,616631b486939300e1bd9e45dcb00b072d01456298c3669fbcb60380fdd912f5,A-C0062-01;A-C0062-06,adjudication-draft-02,screening-01;screening-06,2026-07-01,excluded,exclude-out-of-scope,abstract_only,https://doi.org/10.1109/lra.2023.3264766;https://openalex.org/W4362653121;https://www.google.com/search?q=%22Robotic%20Manipulation%20of%20Deformable%20Rope-Like%20Objects%20Using%20Differentiable%20Compliant%20Position-Based%20Dynamics%22,DOI:10.1109/LRA.2023.3264766 version-of-record bibliographic record,2026-07-01,NR,24281ca51c80bc8fdc78f71e81fbe08ea2cb0a2d5ef351383ed0f9ab6baff2c3,OpenAlex abstract sentences 1-11 describing differentiable rope physics and manipulation experiments,The work models and controls deformable rope-like objects; it has no material contribution to navigable course generation or representation.,"{""comparison_analysis"":""For C0062, the candidate titled \""Robotic Manipulation of Deformable Rope-Like Objects Using Differentiable Compliant Position-Based Dynamics\"" is assessed from the selected direct source. The work models and controls deformable rope-like objects; it has no material contribution to navigable course generation or representation. The adjudicator compared the source-specific record with both locked independent ratings, whereas the alternative reading does not satisfy the selected protocol outcome. The independent exclusions retain the distinctive words controls and artifacts for the required comparison. This is an unsealed provisional determination pending accountable-author verification of the deciding locator and interpretation."",""controlling_rules"":[""A3""],""deciding_fact"":{""kind"":""exclusion_reason"",""text"":""The work models and controls deformable rope-like objects; it has no material contribution to navigable course generation or representation.""},""deciding_locator"":""OpenAlex abstract sentences 1-11 describing differentiable rope physics and manipulation experiments"",""final_decision"":{""criterion"":""exclude-out-of-scope"",""screening_status"":""excluded""},""raw_exclusion_reasons"":[{""assignment_id"":""A-C0062-01"",""reason"":""The work models and controls deformable rope-like objects; it has no material contribution to navigable course generation or representation.""},{""assignment_id"":""A-C0062-06"",""reason"":""The contribution models deformable ropes for manipulation, not navigation courses, racing, or transferable route artifacts.""}],""raw_ratings"":[{""assignment_id"":""A-C0062-01"",""criterion"":""exclude-out-of-scope"",""screening_status"":""excluded""},{""assignment_id"":""A-C0062-06"",""criterion"":""exclude-out-of-scope"",""screening_status"":""excluded""}],""resolved_conflicts"":[],""schema_version"":""1"",""source_url"":""https://doi.org/10.1109/lra.2023.3264766""}",NR,Provisional unsealed adjudication draft; pending accountable-author verification. Access limitation: full text or authoritative companion remains unavailable after documented retrieval.
C0064,ea918849ee8a290828cf3c5373c24ae239c83a87cdcbf86f09c80c9fb4b930c0,2fded9335462434c82b4b85dc828fdc31d3ba3b4a876062b8399d2ad9f209b19,616631b486939300e1bd9e45dcb00b072d01456298c3669fbcb60380fdd912f5,A-C0064-03;A-C0064-06,adjudication-draft-02,screening-03;screening-06,2026-07-01,excluded,exclude-out-of-scope,official_documentation,https://github.com/NVIDIA/warp/tree/ebcce32577cca35930c03191ad6c0ba34c749461,commit:ebcce32577cca35930c03191ad6c0ba34c749461,2026-07-01,https://github.com/NVIDIA/warp/tree/ebcce32577cca35930c03191ad6c0ba34c749461,305cbe5e24f69aa3b38058873e79d5b8dc78286d2b77e7802c256d8fb2fa65ec,README.md lines 8-17 and 80-100,"Warp is documented as a general GPU simulation and geometry-processing framework; the inspected documentation defines no course-generation, course-interchange, or course-benchmark contribution.","{""comparison_analysis"":""For C0064, the candidate titled \""Warp: A High-performance Python Framework for GPU Simulation and Graphics\"" is assessed from the selected direct source. Warp is documented as a general GPU simulation and geometry-processing framework; the inspected documentation defines no course-generation, course-interchange, or course-benchmark contribution. The adjudicator compared the source-specific record with both locked independent ratings, whereas the alternative reading does not satisfy the selected protocol outcome. The independent exclusions retain the distinctive words benchmark and native for the required comparison. This is an unsealed provisional determination pending accountable-author verification of the deciding locator and interpretation."",""controlling_rules"":[""A3""],""deciding_fact"":{""kind"":""exclusion_reason"",""text"":""Warp is documented as a general GPU simulation and geometry-processing framework; the inspected documentation defines no course-generation, course-interchange, or course-benchmark contribution.""},""deciding_locator"":""README.md lines 8-17 and 80-100"",""final_decision"":{""criterion"":""exclude-out-of-scope"",""screening_status"":""excluded""},""raw_exclusion_reasons"":[{""assignment_id"":""A-C0064-03"",""reason"":""Warp is documented as a general GPU simulation and geometry-processing framework; the inspected documentation defines no course-generation, course-interchange, or course-benchmark contribution.""},{""assignment_id"":""A-C0064-06"",""reason"":""Warp is a general simulation and geometry framework with no source-native course-generation contribution.""}],""raw_ratings"":[{""assignment_id"":""A-C0064-03"",""criterion"":""exclude-out-of-scope"",""screening_status"":""excluded""},{""assignment_id"":""A-C0064-06"",""criterion"":""exclude-out-of-scope"",""screening_status"":""excluded""}],""resolved_conflicts"":[],""schema_version"":""1"",""source_url"":""https://github.com/NVIDIA/warp/tree/ebcce32577cca35930c03191ad6c0ba34c749461""}",NR,Provisional unsealed adjudication draft; pending accountable-author verification.
C0065,8740486086ffe4f61e6af2073fdd2749e8a1cf6ff455df3bca6811aa487aeab6,2fded9335462434c82b4b85dc828fdc31d3ba3b4a876062b8399d2ad9f209b19,616631b486939300e1bd9e45dcb00b072d01456298c3669fbcb60380fdd912f5,A-C0065-01;A-C0065-02,adjudication-draft-02,screening-01;screening-02,2026-07-01,excluded,exclude-out-of-scope,official_documentation,https://docs.nvidia.com/cuda/cuda-programming-guide/04-special-topics/cuda-graphs.html,CUDA Programming Guide retrieved 2026-06-30,2026-07-01,NR,bab118cdfac30dff05b6c9f70dbd18e5e6708fcbc033bc28a9393a9ad5acdfd2,CUDA Programming Guide section 4.2 CUDA Graphs,"The documentation concerns GPU work-submission graphs, not spatial route, track, gate, road, or course geometry.","{""comparison_analysis"":""For C0065, the candidate titled \""CUDA Graphs\"" is assessed from the selected direct source. The documentation concerns GPU work-submission graphs, not spatial route, track, gate, road, or course geometry. The adjudicator compared the source-specific record with both locked independent ratings, whereas the alternative reading does not satisfy the selected protocol outcome. The independent exclusions retain the distinctive words concerns and artifact for the required comparison. This is an unsealed provisional determination pending accountable-author verification of the deciding locator and interpretation."",""controlling_rules"":[""A3""],""deciding_fact"":{""kind"":""exclusion_reason"",""text"":""The documentation concerns GPU work-submission graphs, not spatial route, track, gate, road, or course geometry.""},""deciding_locator"":""CUDA Programming Guide section 4.2 CUDA Graphs"",""final_decision"":{""criterion"":""exclude-out-of-scope"",""screening_status"":""excluded""},""raw_exclusion_reasons"":[{""assignment_id"":""A-C0065-01"",""reason"":""The documentation concerns GPU work-submission graphs, not spatial route, track, gate, road, or course geometry.""},{""assignment_id"":""A-C0065-02"",""reason"":""CUDA Graphs capture and replay GPU workloads; the documentation contains no spatial course generator, course representation, or course evaluation artifact.""}],""raw_ratings"":[{""assignment_id"":""A-C0065-01"",""criterion"":""exclude-out-of-scope"",""screening_status"":""excluded""},{""assignment_id"":""A-C0065-02"",""criterion"":""exclude-out-of-scope"",""screening_status"":""excluded""}],""resolved_conflicts"":[],""schema_version"":""1"",""source_url"":""https://docs.nvidia.com/cuda/cuda-programming-guide/04-special-topics/cuda-graphs.html""}",NR,Provisional unsealed adjudication draft; pending accountable-author verification.
C0066,a6f6ce5631a219a938119da74b5f4e7a522dd05ce8ffef9f6bc1e26d34a24b0b,2fded9335462434c82b4b85dc828fdc31d3ba3b4a876062b8399d2ad9f209b19,616631b486939300e1bd9e45dcb00b072d01456298c3669fbcb60380fdd912f5,A-C0066-01;A-C0066-03,adjudication-draft-02,screening-01;screening-03,2026-07-01,excluded,exclude-out-of-scope,full_text,https://arxiv.org/abs/2004.12919;https://arxiv.org/pdf/2004.12919v6;https://www.nature.com/articles/s41586-020-03157-9,arXiv:2004.12919v6,2026-07-01,https://arxiv.org/pdf/2004.12919v6,e293b9f72b0ed95277eb356ff543db8011ede976ba07e628cf2fa81e16a027f3,pages 1-3 main text; Methods sections Archive and Robustification,"Go-Explore is a general exploration and policy-robustification algorithm; its source-native contribution does not generate, represent, or evaluate course geometry.","{""comparison_analysis"":""For C0066, the candidate titled \""First return, then explore\"" is assessed from the selected direct source. Go-Explore is a general exploration and policy-robustification algorithm; its source-native contribution does not generate, represent, or evaluate course geometry. The adjudicator compared the source-specific record with both locked independent ratings, whereas the alternative reading does not satisfy the selected protocol outcome. The independent exclusions retain the distinctive words algorithm and archives for the required comparison. This is an unsealed provisional determination pending accountable-author verification of the deciding locator and interpretation."",""controlling_rules"":[""A3""],""deciding_fact"":{""kind"":""exclusion_reason"",""text"":""Go-Explore is a general exploration and policy-robustification algorithm; its source-native contribution does not generate, represent, or evaluate course geometry.""},""deciding_locator"":""pages 1-3 main text; Methods sections Archive and Robustification"",""final_decision"":{""criterion"":""exclude-out-of-scope"",""screening_status"":""excluded""},""raw_exclusion_reasons"":[{""assignment_id"":""A-C0066-01"",""reason"":""Go-Explore is a general exploration and policy-robustification algorithm; its source-native contribution does not generate, represent, or evaluate course geometry.""},{""assignment_id"":""A-C0066-03"",""reason"":""Go-Explore archives and returns to states while exploring fixed task environments; it does not generate, select, validate, or serialize course geometry or a course distribution.""}],""raw_ratings"":[{""assignment_id"":""A-C0066-01"",""criterion"":""exclude-out-of-scope"",""screening_status"":""excluded""},{""assignment_id"":""A-C0066-03"",""criterion"":""exclude-out-of-scope"",""screening_status"":""excluded""}],""resolved_conflicts"":[],""schema_version"":""1"",""source_url"":""https://arxiv.org/abs/2004.12919""}",NR,Provisional unsealed adjudication draft; pending accountable-author verification.
C0069,39d6225597e9e17c77de4676f0721b32700e771b74a85042611cad9343e69bc5,2fded9335462434c82b4b85dc828fdc31d3ba3b4a876062b8399d2ad9f209b19,616631b486939300e1bd9e45dcb00b072d01456298c3669fbcb60380fdd912f5,A-C0069-04;A-C0069-06,adjudication-draft-02,screening-04;screening-06,2026-07-01,included,include-4,full_text,http://julian.togelius.com/Yannakakis2011Experiencedriven.pdf,author manuscript for DOI:10.1109/T-AFFC.2011.6,2026-07-01,NR,e4c61ed23a93214fec56bf78322d95b4af8b8ece592af5f7e6f5ca710b0eccde,Sections 2-5; Fig. 5 and surrounding racing-track example; Sections 5.1-5.2 on representation and generation,NR,"{""comparison_analysis"":""For C0069, the candidate titled \""Experience-Driven Procedural Content Generation\"" is assessed from the selected direct source. Sections 2 through 5 organize experience-driven content generation and include a generated racing-track example within the inspected survey framework. The adjudicator compared the source-specific record with both locked independent ratings, whereas the alternative reading does not satisfy the selected protocol outcome. The raw statuses are included versus excluded. The raw criteria are include-4 versus exclude-insufficient-detail. This is an unsealed provisional determination pending accountable-author verification of the deciding locator and interpretation."",""controlling_rules"":[""A1"",""A2""],""deciding_fact"":{""kind"":""transfer_source_fact"",""text"":""Sections 2 through 5 organize experience-driven content generation and include a generated racing-track example within the inspected survey framework.""},""deciding_locator"":""Sections 2-5; Fig. 5 and surrounding racing-track example; Sections 5.1-5.2 on representation and generation"",""final_decision"":{""criterion"":""include-4"",""screening_status"":""included""},""raw_exclusion_reasons"":[],""raw_ratings"":[{""assignment_id"":""A-C0069-04"",""criterion"":""include-4"",""screening_status"":""included""},{""assignment_id"":""A-C0069-06"",""criterion"":""exclude-insufficient-detail"",""screening_status"":""excluded""}],""resolved_conflicts"":[],""schema_version"":""1"",""source_url"":""http://julian.togelius.com/Yannakakis2011Experiencedriven.pdf""}",NR,Provisional unsealed adjudication draft; pending accountable-author verification.
C0070,773f318d85a3f4d7d2091a23b83131ecc00f519a6456771c35de5781e58a0ab7,2fded9335462434c82b4b85dc828fdc31d3ba3b4a876062b8399d2ad9f209b19,616631b486939300e1bd9e45dcb00b072d01456298c3669fbcb60380fdd912f5,A-C0070-01;A-C0070-03,adjudication-draft-02,screening-01;screening-03,2026-07-01,excluded,exclude-insufficient-detail,abstract_only,https://doi.org/10.1145/2422956.2422957;https://openalex.org/W2035033474;https://www.google.com/search?q=%22Procedural%20Content%20Generation%20for%20Games%3A%20A%20Survey%22,DOI:10.1145/2422956.2422957 version-of-record bibliographic record,2026-07-01,NR,bd6fa0a260764b4e8add9173e0e7c0362e8116d5b4580d90e692f74ac0e1764d,OpenAlex abstract sentences 1-12 describing the six-layer PCG taxonomy and broad survey,The accessible abstract establishes a broad game-PCG survey but does not expose enough of its taxonomy or evidence base to substantiate the specific course-generation survey gap.,"{""comparison_analysis"":""For C0070, the candidate titled \""Procedural Content Generation for Games: A Survey\"" is assessed from the selected direct source. The accessible abstract establishes a broad game-PCG survey but does not expose enough of its taxonomy or evidence base to substantiate the specific course-generation survey gap. The adjudicator compared the source-specific record with both locked independent ratings, whereas the alternative reading does not satisfy the selected protocol outcome. The independent exclusions retain the distinctive words broad and cannot for the required comparison. This is an unsealed provisional determination pending accountable-author verification of the deciding locator and interpretation."",""controlling_rules"":[""A3""],""deciding_fact"":{""kind"":""exclusion_reason"",""text"":""The accessible abstract establishes a broad game-PCG survey but does not expose enough of its taxonomy or evidence base to substantiate the specific course-generation survey gap.""},""deciding_locator"":""OpenAlex abstract sentences 1-12 describing the six-layer PCG taxonomy and broad survey"",""final_decision"":{""criterion"":""exclude-insufficient-detail"",""screening_status"":""excluded""},""raw_exclusion_reasons"":[{""assignment_id"":""A-C0070-01"",""reason"":""The accessible abstract establishes a broad game-PCG survey but does not expose enough of its taxonomy or evidence base to substantiate the specific course-generation survey gap.""},{""assignment_id"":""A-C0070-03"",""reason"":""No abstract or complete survey text was accessible, so its treatment of course or road generation cannot be inspected or used to substantiate the survey gap.""}],""raw_ratings"":[{""assignment_id"":""A-C0070-01"",""criterion"":""exclude-insufficient-detail"",""screening_status"":""excluded""},{""assignment_id"":""A-C0070-03"",""criterion"":""exclude-insufficient-detail"",""screening_status"":""excluded""}],""resolved_conflicts"":[],""schema_version"":""1"",""source_url"":""https://doi.org/10.1145/2422956.2422957""}",NR,Provisional unsealed adjudication draft; pending accountable-author verification. Access limitation: full text or authoritative companion remains unavailable after documented retrieval.
C0073,58cb92940b867ceff495b258f35f43c3ccb291f92b316730824a99839d4257a1,2fded9335462434c82b4b85dc828fdc31d3ba3b4a876062b8399d2ad9f209b19,616631b486939300e1bd9e45dcb00b072d01456298c3669fbcb60380fdd912f5,A-C0073-01;A-C0073-04,adjudication-draft-02,screening-01;screening-04,2026-07-01,included,include-1,full_text,https://proceedings.mlr.press/v87/kaufmann18a/kaufmann18a.pdf,PMLR volume 87 (CoRL 2018),2026-07-01,https://proceedings.mlr.press/v87/kaufmann18a/kaufmann18a.pdf,9be82e11d0c3d2ee4c9d1cb745a62c27131f4e804fd73a12f192d2d2a203d48d,"pp. 3-6, Sections 3-4; Appendix pp. 11-12, trajectory and random-gate data generation",NR,"{""comparison_analysis"":""For C0073, the candidate titled \""Deep Drone Racing: Learning Agile Flight in Dynamic Environments\"" is assessed from the selected direct source. The training procedure varies gate positions into layouts, computes a global gate-passing trajectory for each layout, and generates training data from them. The adjudicator compared the source-specific record with both locked independent ratings, whereas the alternative reading does not satisfy the selected protocol outcome. The raw statuses are boundary versus included. The raw criteria are boundary versus include-1. This is an unsealed provisional determination pending accountable-author verification of the deciding locator and interpretation."",""controlling_rules"":[""A1"",""A2""],""deciding_fact"":{""kind"":""transfer_source_fact"",""text"":""The training procedure varies gate positions into layouts, computes a global gate-passing trajectory for each layout, and generates training data from them.""},""deciding_locator"":""pp. 3-6, Sections 3-4; Appendix pp. 11-12, trajectory and random-gate data generation"",""final_decision"":{""criterion"":""include-1"",""screening_status"":""included""},""raw_exclusion_reasons"":[],""raw_ratings"":[{""assignment_id"":""A-C0073-01"",""criterion"":""boundary"",""screening_status"":""boundary""},{""assignment_id"":""A-C0073-04"",""criterion"":""include-1"",""screening_status"":""included""}],""resolved_conflicts"":[],""schema_version"":""1"",""source_url"":""https://proceedings.mlr.press/v87/kaufmann18a/kaufmann18a.pdf""}",NR,Provisional unsealed adjudication draft; pending accountable-author verification.
C0074,34681e4540b9c802cdb337a3376681fa1ada4f61103c05c8562256b1a0e8fe16,2fded9335462434c82b4b85dc828fdc31d3ba3b4a876062b8399d2ad9f209b19,616631b486939300e1bd9e45dcb00b072d01456298c3669fbcb60380fdd912f5,A-C0074-01;A-C0074-03,adjudication-draft-02,screening-01;screening-03,2026-07-01,included,include-1,full_text,https://doi.org/10.1109/tro.2019.2942989;https://ieeexplore.ieee.org/ielx7/8860/8984601/08877728.pdf,version-of-record@2020,2026-07-01,https://doi.org/10.1109/tro.2019.2942989,7091b4eb199684aaec9097b811c563b399074bf50955e5390b4b9b3d07036b48,"Section III-A, Training Procedure; Figure 2; Section IV-A, Simulation Setup",NR,"{""comparison_analysis"":""For C0074, the candidate titled \""Deep Drone Racing: From Simulation to Reality With Domain Randomization\"" is assessed from the selected direct source. Section III-A states that multiple layouts are generated by moving gates and records random gate positions with trajectories through gate centers. The adjudicator compared the source-specific record with both locked independent ratings, whereas the alternative reading does not satisfy the selected protocol outcome. The raw statuses are excluded versus included. The raw criteria are exclude-appearance-dynamics versus include-1. This is an unsealed provisional determination pending accountable-author verification of the deciding locator and interpretation."",""controlling_rules"":[""A1"",""A2""],""deciding_fact"":{""kind"":""transfer_source_fact"",""text"":""Section III-A states that multiple layouts are generated by moving gates and records random gate positions with trajectories through gate centers.""},""deciding_locator"":""Section III-A, Training Procedure; Figure 2; Section IV-A, Simulation Setup"",""final_decision"":{""criterion"":""include-1"",""screening_status"":""included""},""raw_exclusion_reasons"":[],""raw_ratings"":[{""assignment_id"":""A-C0074-01"",""criterion"":""exclude-appearance-dynamics"",""screening_status"":""excluded""},{""assignment_id"":""A-C0074-03"",""criterion"":""include-1"",""screening_status"":""included""}],""resolved_conflicts"":[],""schema_version"":""1"",""source_url"":""https://doi.org/10.1109/tro.2019.2942989""}",NR,Provisional unsealed adjudication draft; pending accountable-author verification.
C0079,8f23b344e1480e8bb6f12aad7506f2130a647069a8166cc9eea4fd3fc663560d,2fded9335462434c82b4b85dc828fdc31d3ba3b4a876062b8399d2ad9f209b19,616631b486939300e1bd9e45dcb00b072d01456298c3669fbcb60380fdd912f5,A-C0079-02;A-C0079-05,adjudication-draft-02,screening-02;screening-05,2026-07-01,included,include-1,full_text_and_supplement,https://github.com/igilitschenski/multi_car_racing/archive/cb593194ed85e00b014ea654db3d19e11dcff5de.tar.gz;https://proceedings.mlr.press/v155/schwarting21a/schwarting21a.pdf,PMLR 155 (2021); companion commit cb593194ed85e00b014ea654db3d19e11dcff5de,2026-07-01,https://github.com/igilitschenski/multi_car_racing/archive/cb593194ed85e00b014ea654db3d19e11dcff5de.tar.gz,b69b7328fdecff124a589146796862b9dbc920a56dff8f8bebfdcd291d75a1ea,"Paper Section 5 Latent Racing Experiments, Racing environment; gym_multi_car_racing/multi_car_racing.py lines 26 and 183-360",NR,"{""comparison_analysis"":""For C0079, the candidate titled \""Deep Latent Competition: Learning to Race Using Visual Control Policies in Latent Space\"" is assessed from the selected direct source. The pinned companion constructs the multi-car racing course environment and serializes the benchmark configuration used by the report. The adjudicator compared the source-specific record with both locked independent ratings, whereas the alternative reading does not satisfy the selected protocol outcome. The raw statuses are boundary versus included. The raw criteria are boundary versus include-1. This is an unsealed provisional determination pending accountable-author verification of the deciding locator and interpretation."",""controlling_rules"":[""A1"",""A2""],""deciding_fact"":{""kind"":""transfer_source_fact"",""text"":""The pinned companion constructs the multi-car racing course environment and serializes the benchmark configuration used by the report.""},""deciding_locator"":""Paper Section 5 Latent Racing Experiments, Racing environment; gym_multi_car_racing/multi_car_racing.py lines 26 and 183-360"",""final_decision"":{""criterion"":""include-1"",""screening_status"":""included""},""raw_exclusion_reasons"":[],""raw_ratings"":[{""assignment_id"":""A-C0079-02"",""criterion"":""boundary"",""screening_status"":""boundary""},{""assignment_id"":""A-C0079-05"",""criterion"":""include-1"",""screening_status"":""included""}],""resolved_conflicts"":[],""schema_version"":""1"",""source_url"":""https://github.com/igilitschenski/multi_car_racing/archive/cb593194ed85e00b014ea654db3d19e11dcff5de.tar.gz""}",NR,Provisional unsealed adjudication draft; pending accountable-author verification.
C0081,7565ac41cbc7d4c1c5e3f2eef2ea086ded889d2418d36abd1c0a920ff6d64c1a,2fded9335462434c82b4b85dc828fdc31d3ba3b4a876062b8399d2ad9f209b19,616631b486939300e1bd9e45dcb00b072d01456298c3669fbcb60380fdd912f5,A-C0081-02;A-C0081-03,adjudication-draft-02,screening-02;screening-03,2026-07-01,excluded,exclude-appearance-dynamics,full_text,https://arxiv.org/pdf/2111.12083v1,arXiv:2111.12083v1,2026-07-01,NR,4a626ee857b87c77118af2eb6ae650786524a5efe34c150d1a7e9e6e76d39f55,Section III Multi-Sensor Simulation; Algorithm 1; Section IV-A Data collection,"The simulator synthesizes RGB, LiDAR, and event-sensor observations at perturbed viewpoints around precollected fixed trajectories; it does not generate or serialize road geometry.","{""comparison_analysis"":""For C0081, the candidate titled \""VISTA 2.0: An Open, Data-driven Simulator for Multimodal Sensing and Policy Learning for Autonomous Vehicles\"" is assessed from the selected direct source. The simulator synthesizes RGB, LiDAR, and event-sensor observations at perturbed viewpoints around precollected fixed trajectories; it does not generate or serialize road geometry. The adjudicator compared the source-specific record with both locked independent ratings, whereas the alternative reading does not satisfy the selected protocol outcome. The independent exclusions retain the distinctive words around and agents for the required comparison. This is an unsealed provisional determination pending accountable-author verification of the deciding locator and interpretation."",""controlling_rules"":[""A3""],""deciding_fact"":{""kind"":""exclusion_reason"",""text"":""The simulator synthesizes RGB, LiDAR, and event-sensor observations at perturbed viewpoints around precollected fixed trajectories; it does not generate or serialize road geometry.""},""deciding_locator"":""Section III Multi-Sensor Simulation; Algorithm 1; Section IV-A Data collection"",""final_decision"":{""criterion"":""exclude-appearance-dynamics"",""screening_status"":""excluded""},""raw_exclusion_reasons"":[{""assignment_id"":""A-C0081-02"",""reason"":""The simulator synthesizes RGB, LiDAR, and event-sensor observations at perturbed viewpoints around precollected fixed trajectories; it does not generate or serialize road geometry.""},{""assignment_id"":""A-C0081-03"",""reason"":""VISTA 2.0 synthesizes viewpoints, sensors, and agents from recorded driving data while retaining the recorded road geometry; it contributes no course-geometry generation or interchange.""}],""raw_ratings"":[{""assignment_id"":""A-C0081-02"",""criterion"":""exclude-appearance-dynamics"",""screening_status"":""excluded""},{""assignment_id"":""A-C0081-03"",""criterion"":""exclude-appearance-dynamics"",""screening_status"":""excluded""}],""resolved_conflicts"":[],""schema_version"":""1"",""source_url"":""https://arxiv.org/pdf/2111.12083v1""}",NR,Provisional unsealed adjudication draft; pending accountable-author verification.
C0082,7d5b36f29f4b3e822fac40c0ea9e6c3e89546725e1e57a7c8c57c582b6004c02,2fded9335462434c82b4b85dc828fdc31d3ba3b4a876062b8399d2ad9f209b19,616631b486939300e1bd9e45dcb00b072d01456298c3669fbcb60380fdd912f5,A-C0082-05;A-C0082-06,adjudication-draft-02,screening-05;screening-06,2026-07-01,excluded,exclude-out-of-scope,official_documentation,https://mit-racecar.github.io/,MIT RACECAR project site@2026-06-30,2026-07-01,NR,3fc745beaa4beb4993752acd6612fa2143b0cffd7be55f39dae197863038b0e8,"Project home, About and Platform sections","The site documents an autonomous-vehicle research platform and curriculum but no generated-course representation, generator, course set, or course metric.","{""comparison_analysis"":""For C0082, the candidate titled \""MIT RACECAR\"" is assessed from the selected direct source. The site documents an autonomous-vehicle research platform and curriculum but no generated-course representation, generator, course set, or course metric. The adjudicator compared the source-specific record with both locked independent ratings, whereas the alternative reading does not satisfy the selected protocol outcome. The independent exclusions retain the distinctive words autonomous and benchmark for the required comparison. This is an unsealed provisional determination pending accountable-author verification of the deciding locator and interpretation."",""controlling_rules"":[""A3""],""deciding_fact"":{""kind"":""exclusion_reason"",""text"":""The site documents an autonomous-vehicle research platform and curriculum but no generated-course representation, generator, course set, or course metric.""},""deciding_locator"":""Project home, About and Platform sections"",""final_decision"":{""criterion"":""exclude-out-of-scope"",""screening_status"":""excluded""},""raw_exclusion_reasons"":[{""assignment_id"":""A-C0082-05"",""reason"":""The site documents an autonomous-vehicle research platform and curriculum but no generated-course representation, generator, course set, or course metric.""},{""assignment_id"":""A-C0082-06"",""reason"":""The platform page provides no course generator, representation, benchmark, or material boundary transfer.""}],""raw_ratings"":[{""assignment_id"":""A-C0082-05"",""criterion"":""exclude-out-of-scope"",""screening_status"":""excluded""},{""assignment_id"":""A-C0082-06"",""criterion"":""exclude-out-of-scope"",""screening_status"":""excluded""}],""resolved_conflicts"":[],""schema_version"":""1"",""source_url"":""https://mit-racecar.github.io/""}",NR,Provisional unsealed adjudication draft; pending accountable-author verification.
C0087,1b1e22da56806ddc58c67cb24d638b51087848436ae51a6d337c99a8a04ad4a6,2fded9335462434c82b4b85dc828fdc31d3ba3b4a876062b8399d2ad9f209b19,616631b486939300e1bd9e45dcb00b072d01456298c3669fbcb60380fdd912f5,A-C0087-04;A-C0087-06,adjudication-draft-02,screening-04;screening-06,2026-07-01,boundary,boundary,full_text,https://arxiv.org/pdf/2202.03807v1,arXiv 2202.03807v1,2026-07-01,https://arxiv.org/pdf/2202.03807v1,4303396f6524bf83ec396ee057c8ca19190f3a029e2cac90769eee92e9fe119b,"pp. 1-9, Sections 1-4",NR,"{""comparison_analysis"":""For C0087, the candidate titled \""Indy Autonomous Challenge - Autonomous Race Cars at the Handling Limits\"" is assessed from the selected direct source. Sections 2 and 3 specify fixed-oval track-boundary, surface-condition, safety, and multi-vehicle scenario requirements transferable to evaluation. The adjudicator compared the source-specific record with both locked independent ratings, whereas the alternative reading does not satisfy the selected protocol outcome. The raw statuses are excluded versus boundary. The raw criteria are exclude-out-of-scope versus boundary. This is an unsealed provisional determination pending accountable-author verification of the deciding locator and interpretation."",""controlling_rules"":[""A1"",""A2""],""deciding_fact"":{""kind"":""transfer_source_fact"",""text"":""Sections 2 and 3 specify fixed-oval track-boundary, surface-condition, safety, and multi-vehicle scenario requirements transferable to evaluation.""},""deciding_locator"":""pp. 1-9, Sections 1-4"",""final_decision"":{""criterion"":""boundary"",""screening_status"":""boundary""},""raw_exclusion_reasons"":[],""raw_ratings"":[{""assignment_id"":""A-C0087-04"",""criterion"":""exclude-out-of-scope"",""screening_status"":""excluded""},{""assignment_id"":""A-C0087-06"",""criterion"":""boundary"",""screening_status"":""boundary""}],""resolved_conflicts"":[],""schema_version"":""1"",""source_url"":""https://arxiv.org/pdf/2202.03807v1""}",NR,Provisional unsealed adjudication draft; pending accountable-author verification.
C0088,19cfdf592e4d3c9ce1131ce611cf571b5a532099cba39dc5edc14bf81ff14def,2fded9335462434c82b4b85dc828fdc31d3ba3b4a876062b8399d2ad9f209b19,616631b486939300e1bd9e45dcb00b072d01456298c3669fbcb60380fdd912f5,A-C0088-04;A-C0088-05,adjudication-draft-02,screening-04;screening-05,2026-07-01,boundary,boundary,official_documentation,https://www.indyautonomouschallenge.com/s/2022-ACTMS-Rules-v100.pdf,IAC Passing Competition Rules v1.0.0 (2022-11-04),2026-07-01,https://www.indyautonomouschallenge.com/s/2022-ACTMS-Rules-v100.pdf,57488a57951b046b43e41de56ef5a6fdaf1bc4d4199895a387d4cc96a75bff0c,"Section 4.4 Passing Attempts, pp. 5-6; Section 7 AC @ TMS Time Trial Seeding Event, p. 12",NR,"{""comparison_analysis"":""For C0088, the candidate titled \""Indy Autonomous Challenge\"" is assessed from the selected direct source. Sections 4.4 and 7 define successful-pass, safety, completed-lap speed, repeated rounds, and time-trial conditions on a fixed speedway. The adjudicator compared the source-specific record with both locked independent ratings, whereas the alternative reading does not satisfy the selected protocol outcome. The raw statuses are boundary versus excluded. The raw criteria are boundary versus exclude-out-of-scope. This is an unsealed provisional determination pending accountable-author verification of the deciding locator and interpretation."",""controlling_rules"":[""A1"",""A2""],""deciding_fact"":{""kind"":""transfer_source_fact"",""text"":""Sections 4.4 and 7 define successful-pass, safety, completed-lap speed, repeated rounds, and time-trial conditions on a fixed speedway.""},""deciding_locator"":""Section 4.4 Passing Attempts, pp. 5-6; Section 7 AC @ TMS Time Trial Seeding Event, p. 12"",""final_decision"":{""criterion"":""boundary"",""screening_status"":""boundary""},""raw_exclusion_reasons"":[],""raw_ratings"":[{""assignment_id"":""A-C0088-04"",""criterion"":""boundary"",""screening_status"":""boundary""},{""assignment_id"":""A-C0088-05"",""criterion"":""exclude-out-of-scope"",""screening_status"":""excluded""}],""resolved_conflicts"":[],""schema_version"":""1"",""source_url"":""https://www.indyautonomouschallenge.com/s/2022-ACTMS-Rules-v100.pdf""}",NR,Provisional unsealed adjudication draft; pending accountable-author verification.
C0090,a243ae5f4c103bdeaa66a4421a298f5b8ad02e439e8c057b34d4535eca2debb3,2fded9335462434c82b4b85dc828fdc31d3ba3b4a876062b8399d2ad9f209b19,616631b486939300e1bd9e45dcb00b072d01456298c3669fbcb60380fdd912f5,A-C0090-02;A-C0090-04,adjudication-draft-02,screening-02;screening-04,2026-07-01,excluded,exclude-out-of-scope,full_text,https://www.ri.cmu.edu/robotics-groups/driverless-intelligent-vehicles-lab/,page revision 2026-01-06,2026-07-01,NR,55dd0763ae985e5ba5a19481687cb808ccf30e096605030a51e7ddacf76460f8,"Statement tab, introductory paragraph and ""Adversarial Multi-Agent Systems"" section","The lab page only describes broad autonomous-driving research themes and race-car participation; it supplies no course generator, course representation, generated-course metric, or technical boundary transfer.","{""comparison_analysis"":""For C0090, the candidate titled \""Driverless Intelligent Vehicles Lab\"" is assessed from the selected direct source. The lab page only describes broad autonomous-driving research themes and race-car participation; it supplies no course generator, course representation, generated-course metric, or technical boundary transfer. The adjudicator compared the source-specific record with both locked independent ratings, whereas the alternative reading does not satisfy the selected protocol outcome. The independent exclusions retain the distinctive words broad and control for the required comparison. This is an unsealed provisional determination pending accountable-author verification of the deciding locator and interpretation."",""controlling_rules"":[""A3""],""deciding_fact"":{""kind"":""exclusion_reason"",""text"":""The lab page only describes broad autonomous-driving research themes and race-car participation; it supplies no course generator, course representation, generated-course metric, or technical boundary transfer.""},""deciding_locator"":""Statement tab, introductory paragraph and \""Adversarial Multi-Agent Systems\"" section"",""final_decision"":{""criterion"":""exclude-out-of-scope"",""screening_status"":""excluded""},""raw_exclusion_reasons"":[{""assignment_id"":""A-C0090-02"",""reason"":""The lab page only describes broad autonomous-driving research themes and race-car participation; it supplies no course generator, course representation, generated-course metric, or technical boundary transfer.""},{""assignment_id"":""A-C0090-04"",""reason"":""The lab page lists planning, control, perception, autonomous-racing themes, and IAC participation but provides no course generator, course representation, generated-course metric, or precise technical boundary-transfer evidence.""}],""raw_ratings"":[{""assignment_id"":""A-C0090-02"",""criterion"":""exclude-out-of-scope"",""screening_status"":""excluded""},{""assignment_id"":""A-C0090-04"",""criterion"":""exclude-out-of-scope"",""screening_status"":""excluded""}],""resolved_conflicts"":[],""schema_version"":""1"",""source_url"":""https://www.ri.cmu.edu/robotics-groups/driverless-intelligent-vehicles-lab/""}",NR,Provisional unsealed adjudication draft; pending accountable-author verification.
C0091,09cf44d2533d2ea748f88bd0f5b602556790379b8344fbf6bfc0c1dc7176794e,2fded9335462434c82b4b85dc828fdc31d3ba3b4a876062b8399d2ad9f209b19,616631b486939300e1bd9e45dcb00b072d01456298c3669fbcb60380fdd912f5,A-C0091-01;A-C0091-04,adjudication-draft-02,screening-01;screening-04,2026-07-01,excluded,exclude-out-of-scope,official_documentation,https://www.airacingtech.com/about-us,AI Racing Tech About Us unversioned@2026-06-30,2026-07-01,NR,d753ae743328e04b72f6d25cd171cc1d5ead8aff1d6d89c18cb06739f30bebdc,About Us page sections Our Mission and The Team,"The team profile supplies no material technical course generator, representation, metric, dataset property, or simulator interface.","{""comparison_analysis"":""For C0091, the candidate titled \""AI Racing Tech\"" is assessed from the selected direct source. The team profile supplies no material technical course generator, representation, metric, dataset property, or simulator interface. The adjudicator compared the source-specific record with both locked independent ratings, whereas the alternative reading does not satisfy the selected protocol outcome. The independent exclusions retain the distinctive words interface and biography for the required comparison. This is an unsealed provisional determination pending accountable-author verification of the deciding locator and interpretation."",""controlling_rules"":[""A3""],""deciding_fact"":{""kind"":""exclusion_reason"",""text"":""The team profile supplies no material technical course generator, representation, metric, dataset property, or simulator interface.""},""deciding_locator"":""About Us page sections Our Mission and The Team"",""final_decision"":{""criterion"":""exclude-out-of-scope"",""screening_status"":""excluded""},""raw_exclusion_reasons"":[{""assignment_id"":""A-C0091-01"",""reason"":""The team profile supplies no material technical course generator, representation, metric, dataset property, or simulator interface.""},{""assignment_id"":""A-C0091-04"",""reason"":""The official team page is a promotional biography and competition-history page; it defines no technical course generator, representation, metric, dataset, or transferable boundary practice.""}],""raw_ratings"":[{""assignment_id"":""A-C0091-01"",""criterion"":""exclude-out-of-scope"",""screening_status"":""excluded""},{""assignment_id"":""A-C0091-04"",""criterion"":""exclude-out-of-scope"",""screening_status"":""excluded""}],""resolved_conflicts"":[],""schema_version"":""1"",""source_url"":""https://www.airacingtech.com/about-us""}",NR,Provisional unsealed adjudication draft; pending accountable-author verification.
C0098,d158a1479d7fdc6b080f8205b1f3f3a26daa2f3a5200876477f5354a916622fe,2fded9335462434c82b4b85dc828fdc31d3ba3b4a876062b8399d2ad9f209b19,616631b486939300e1bd9e45dcb00b072d01456298c3669fbcb60380fdd912f5,A-C0098-03;A-C0098-04,adjudication-draft-02,screening-03;screening-04,2026-07-01,excluded,exclude-out-of-scope,official_documentation,https://wiki.openstreetmap.org/wiki/About_OpenStreetMap,OpenStreetMap Wiki revision 3045185,2026-07-01,NR,d2f658b8c7fe83204f40818db809ca85ff7bc4d55e2bd7674db00b5e496b671e,About OpenStreetMap; The Map; Mapping; Using OpenStreetMap data,"The inspected project documentation describes a collaboratively surveyed and edited real-world map dataset, not generated or parameterized course geometry and not fixed-course racing boundary evidence.","{""comparison_analysis"":""For C0098, the candidate titled \""OpenStreetMap\"" is assessed from the selected direct source. The inspected project documentation describes a collaboratively surveyed and edited real-world map dataset, not generated or parameterized course geometry and not fixed-course racing boundary evidence. The adjudicator compared the source-specific record with both locked independent ratings, whereas the alternative reading does not satisfy the selected protocol outcome. The raw statuses are included versus excluded. The raw criteria are include-1 versus exclude-out-of-scope. This is an unsealed provisional determination pending accountable-author verification of the deciding locator and interpretation."",""controlling_rules"":[""A1"",""A2""],""deciding_fact"":{""kind"":""exclusion_reason"",""text"":""The inspected project documentation describes a collaboratively surveyed and edited real-world map dataset, not generated or parameterized course geometry and not fixed-course racing boundary evidence.""},""deciding_locator"":""About OpenStreetMap; The Map; Mapping; Using OpenStreetMap data"",""final_decision"":{""criterion"":""exclude-out-of-scope"",""screening_status"":""excluded""},""raw_exclusion_reasons"":[],""raw_ratings"":[{""assignment_id"":""A-C0098-03"",""criterion"":""include-1"",""screening_status"":""included""},{""assignment_id"":""A-C0098-04"",""criterion"":""exclude-out-of-scope"",""screening_status"":""excluded""}],""resolved_conflicts"":[],""schema_version"":""1"",""source_url"":""https://wiki.openstreetmap.org/wiki/About_OpenStreetMap""}",NR,Provisional unsealed adjudication draft; pending accountable-author verification.
C0099,7be22568cdb4c885e4a6de620b3df8a317479a455d9c87186c8cbe383c645751,2fded9335462434c82b4b85dc828fdc31d3ba3b4a876062b8399d2ad9f209b19,616631b486939300e1bd9e45dcb00b072d01456298c3669fbcb60380fdd912f5,A-C0099-03;A-C0099-05,adjudication-draft-02,screening-03;screening-05,2026-07-01,excluded,exclude-traffic-only,full_text,https://arxiv.org/pdf/1802.02673;https://doi.org/10.1145/3136457.3136462,arXiv:1802.02673,2026-07-01,https://arxiv.org/abs/1802.02673,8f949e12b8c987caec322e07d0139ff10cd01f93941c77a5b08c8fa5324df179,"Sections 3-5, position-based crowd dynamics, collision constraints, and experiments","The method updates crowd-agent positions and interactions inside supplied spaces; it does not generate, modify, or serialize road or course geometry.","{""comparison_analysis"":""For C0099, the candidate titled \""Position-Based Multi-Agent Dynamics for Real-Time Crowd Simulation\"" is assessed from the selected direct source. The method updates crowd-agent positions and interactions inside supplied spaces; it does not generate, modify, or serialize road or course geometry. The adjudicator compared the source-specific record with both locked independent ratings, whereas the alternative reading does not satisfy the selected protocol outcome. The raw criteria are exclude-traffic-only versus exclude-out-of-scope. This is an unsealed provisional determination pending accountable-author verification of the deciding locator and interpretation."",""controlling_rules"":[""A2""],""deciding_fact"":{""kind"":""exclusion_reason"",""text"":""The method updates crowd-agent positions and interactions inside supplied spaces; it does not generate, modify, or serialize road or course geometry.""},""deciding_locator"":""Sections 3-5, position-based crowd dynamics, collision constraints, and experiments"",""final_decision"":{""criterion"":""exclude-traffic-only"",""screening_status"":""excluded""},""raw_exclusion_reasons"":[],""raw_ratings"":[{""assignment_id"":""A-C0099-03"",""criterion"":""exclude-traffic-only"",""screening_status"":""excluded""},{""assignment_id"":""A-C0099-05"",""criterion"":""exclude-out-of-scope"",""screening_status"":""excluded""}],""resolved_conflicts"":[],""schema_version"":""1"",""source_url"":""https://arxiv.org/pdf/1802.02673""}",NR,Provisional unsealed adjudication draft; pending accountable-author verification.
C0100,cded51ea9c7863bab7b4fa858b4b32441bf0b2c02cb6ea57afbffc8f408d3e93,2fded9335462434c82b4b85dc828fdc31d3ba3b4a876062b8399d2ad9f209b19,616631b486939300e1bd9e45dcb00b072d01456298c3669fbcb60380fdd912f5,A-C0100-03;A-C0100-05,adjudication-draft-02,screening-03;screening-05,2026-07-01,excluded,exclude-out-of-scope,official_documentation,https://docs.astral.sh/uv/,unversioned@2026-06-30,2026-07-01,NR,ccd32f1e0cf172c5f61fc753dcbc9613e752a98b59b4b8a01ccbbab89d2c2cf5,"uv documentation landing page, Overview and Highlights sections","uv is documented as a Python package and project manager; it has no course-generation, geometry, simulation-interface, or benchmark contribution.","{""comparison_analysis"":""For C0100, the candidate titled \""uv\"" is assessed from the selected direct source. uv is documented as a Python package and project manager; it has no course-generation, geometry, simulation-interface, or benchmark contribution. The adjudicator compared the source-specific record with both locked independent ratings, whereas the alternative reading does not satisfy the selected protocol outcome. The independent exclusions retain the distinctive words benchmark and contains for the required comparison. This is an unsealed provisional determination pending accountable-author verification of the deciding locator and interpretation."",""controlling_rules"":[""A3""],""deciding_fact"":{""kind"":""exclusion_reason"",""text"":""uv is documented as a Python package and project manager; it has no course-generation, geometry, simulation-interface, or benchmark contribution.""},""deciding_locator"":""uv documentation landing page, Overview and Highlights sections"",""final_decision"":{""criterion"":""exclude-out-of-scope"",""screening_status"":""excluded""},""raw_exclusion_reasons"":[{""assignment_id"":""A-C0100-03"",""reason"":""uv is documented as a Python package and project manager; it has no course-generation, geometry, simulation-interface, or benchmark contribution.""},{""assignment_id"":""A-C0100-05"",""reason"":""uv is a Python package and project manager; its official documentation contains no spatial course, road, route, or simulation contribution.""}],""raw_ratings"":[{""assignment_id"":""A-C0100-03"",""criterion"":""exclude-out-of-scope"",""screening_status"":""excluded""},{""assignment_id"":""A-C0100-05"",""criterion"":""exclude-out-of-scope"",""screening_status"":""excluded""}],""resolved_conflicts"":[],""schema_version"":""1"",""source_url"":""https://docs.astral.sh/uv/""}",NR,Provisional unsealed adjudication draft; pending accountable-author verification.
C0101,0aea79250fc310e567034cb3b5875b75da1e5a449dc9e76b3273d523d65c3bc6,2fded9335462434c82b4b85dc828fdc31d3ba3b4a876062b8399d2ad9f209b19,616631b486939300e1bd9e45dcb00b072d01456298c3669fbcb60380fdd912f5,A-C0101-04;A-C0101-06,adjudication-draft-02,screening-04;screening-06,2026-07-01,excluded,exclude-insufficient-detail,abstract_only,https://api.crossref.org/works/10.1002/smr.2520;https://doi.org/10.1002/smr.2520;https://onlinelibrary.wiley.com/doi/10.1002/smr.2520,"version of record, DOI:10.1002/smr.2520",2026-07-01,NR,NR,Crossref record message.abstract field,"The abstract describes search-based generation of challenging road networks, but the full report could not be inspected to support an included survey claim.","{""comparison_analysis"":""For C0101, the candidate titled \""Using Genetic Algorithms for Automating Automated Lane-Keeping System Testing\"" is assessed from the selected direct source. The abstract describes search-based generation of challenging road networks, but the full report could not be inspected to support an included survey claim. The adjudicator compared the source-specific record with both locked independent ratings, whereas the alternative reading does not satisfy the selected protocol outcome. The independent exclusions retain the distinctive words based and authoritative for the required comparison. This is an unsealed provisional determination pending accountable-author verification of the deciding locator and interpretation."",""controlling_rules"":[""A3""],""deciding_fact"":{""kind"":""exclusion_reason"",""text"":""The abstract describes search-based generation of challenging road networks, but the full report could not be inspected to support an included survey claim.""},""deciding_locator"":""Crossref record message.abstract field"",""final_decision"":{""criterion"":""exclude-insufficient-detail"",""screening_status"":""excluded""},""raw_exclusion_reasons"":[{""assignment_id"":""A-C0101-04"",""reason"":""The abstract describes search-based generation of challenging road networks, but the full report could not be inspected to support an included survey claim.""},{""assignment_id"":""A-C0101-06"",""reason"":""The abstract describes genetic road generation, but full text or an authoritative companion was unavailable to verify details.""}],""raw_ratings"":[{""assignment_id"":""A-C0101-04"",""criterion"":""exclude-insufficient-detail"",""screening_status"":""excluded""},{""assignment_id"":""A-C0101-06"",""criterion"":""exclude-insufficient-detail"",""screening_status"":""excluded""}],""resolved_conflicts"":[],""schema_version"":""1"",""source_url"":""https://api.crossref.org/works/10.1002/smr.2520""}",NR,Provisional unsealed adjudication draft; pending accountable-author verification. Access limitation: full text or authoritative companion remains unavailable after documented retrieval.
C0104,330597d951afe825c9319c6f585e8eff00661643e510d3842ec5f1dbeb49b06c,2fded9335462434c82b4b85dc828fdc31d3ba3b4a876062b8399d2ad9f209b19,616631b486939300e1bd9e45dcb00b072d01456298c3669fbcb60380fdd912f5,A-C0104-03;A-C0104-04,adjudication-draft-02,screening-03;screening-04,2026-07-01,included,include-1,full_text,https://link.springer.com/content/pdf/10.1007/s10994-021-06006-6.pdf,"version of record, DOI:10.1007/s10994-021-06006-6",2026-07-01,https://doi.org/10.1007/s10994-021-06006-6,2567e3a3d1face863c5389b196b0246a12ebccf4233ab1699fe815db605966fe,"pp. 10-12, random environment generator and parameters; pp. 17-20, generated navigation environments",NR,"{""comparison_analysis"":""For C0104, the candidate titled \""Air Learning: a deep reinforcement learning gym for autonomous aerial robot visual navigation\"" is assessed from the selected direct source. The environment generator changes obstacle number and placement, arena size, and start-goal conditions for point-to-point aerial navigation. The adjudicator compared the source-specific record with both locked independent ratings, whereas the alternative reading does not satisfy the selected protocol outcome. The raw statuses are excluded versus included. The raw criteria are exclude-appearance-dynamics versus include-1. This is an unsealed provisional determination pending accountable-author verification of the deciding locator and interpretation."",""controlling_rules"":[""A1"",""A2""],""deciding_fact"":{""kind"":""transfer_source_fact"",""text"":""The environment generator changes obstacle number and placement, arena size, and start-goal conditions for point-to-point aerial navigation.""},""deciding_locator"":""pp. 10-12, random environment generator and parameters; pp. 17-20, generated navigation environments"",""final_decision"":{""criterion"":""include-1"",""screening_status"":""included""},""raw_exclusion_reasons"":[],""raw_ratings"":[{""assignment_id"":""A-C0104-03"",""criterion"":""exclude-appearance-dynamics"",""screening_status"":""excluded""},{""assignment_id"":""A-C0104-04"",""criterion"":""include-1"",""screening_status"":""included""}],""resolved_conflicts"":[],""schema_version"":""1"",""source_url"":""https://link.springer.com/content/pdf/10.1007/s10994-021-06006-6.pdf""}",NR,Provisional unsealed adjudication draft; pending accountable-author verification.
