draft_key,source_candidate_id,canonical_cite_key,citation_activation_status,selection_basis,sealed_assignment_ids,draft_adjudication_status,needs_accountable_author_review,packet_phase,packet_manifest_path,packet_manifest_sha256,packet_artifact_id,packet_artifact_role,packet_source_url,evidence_version,access_status,evidence_sha256,evidence_bytes_mode,evidence_bytes_locator,evidence_bytes_sha256,primary_batch_id,primary_rank_sha256
DRAFT_C0006,C0006,Li2020ImprovingGeneralization,not_activated,sealed_duplicate_included,A-C0006-02;A-C0006-05,,false,main,paper/data/screening_releases/main/v8/evidence_packet_manifest.csv,1478c3e85b4796d4d8563fb6b708088dda35882567b1a896082d7ffab1144009,primary-pdf,primary-report,https://arxiv.org/pdf/2012.13681,arXiv:2012.13681v2,full_text,35fab1daecfccb222c2feac79cc5b019ebdc99f9b1b8d0efa300cbe542606fa0,explicit_manifest_attested_archive,paper/data/source_archive/v8/C0006/improving_generalization_procedural_generation_arxiv_2012.13681.pdf,35fab1daecfccb222c2feac79cc5b019ebdc99f9b1b8d0efa300cbe542606fa0,primary-batch-02,93ecf6acdedd65549ec17e4390ee89778bdd7b3f9c9ccbecdf6d3608f1b20868
DRAFT_C0008,C0008,Ikram2023ProceduralGeneration,not_activated,sealed_duplicate_included,A-C0008-01;A-C0008-05,,false,main,paper/data/screening_releases/main/v8/evidence_packet_manifest.csv,1478c3e85b4796d4d8563fb6b708088dda35882567b1a896082d7ffab1144009,primary-pdf,primary-report,https://arxiv.org/pdf/2303.17900,arXiv:2303.17900v2,full_text,a16724999de0aa16fbdd1ee5d178a77a1dbd7cdbf31ed7efeaa30b6c1aa518f8,explicit_manifest_attested_archive,paper/data/source_archive/v8/C0008/complex_roundabouts_autonomous_vehicle_testing_arxiv_2303.17900.pdf,a16724999de0aa16fbdd1ee5d178a77a1dbd7cdbf31ed7efeaa30b6c1aa518f8,primary-batch-02,80de4841f93577d7ebc19aab12cfc27ee2065bbf95f07895faa02ebffcf31bd0
DRAFT_C0009,C0009,Loiacono2011AutomaticTrack,not_activated,sealed_duplicate_included,A-C0009-01;A-C0009-06,,false,calibration,paper/data/screening_releases/calibration/v8/evidence_packet_manifest.csv,8b15b04d2b14fce2c381fac53495ae8d9d59d805efd1955284b4d031430e0f82,primary-report,primary-report,https://ieeexplore.ieee.org/document/5975206/,IEEE-T-CIAIG-3-3-2011,full_text,96c04acf36aa8db5ac156d363258a029007f67fca270b77d5504928314941aa9,explicit_manifest_attested_archive,paper/data/source_archive/v8/C0009/C0009.pdf,96c04acf36aa8db5ac156d363258a029007f67fca270b77d5504928314941aa9,primary-batch-05,a96c6bbc31d1ad451d61fc5133f0cae9342ef16cfbff9786432fd7b1bf8162aa
DRAFT_C0010,C0010,Togelius2006MakingRacing,not_activated,sealed_duplicate_included,A-C0010-03;A-C0010-05,,false,main,paper/data/screening_releases/main/v8/evidence_packet_manifest.csv,1478c3e85b4796d4d8563fb6b708088dda35882567b1a896082d7ffab1144009,primary-pdf,primary-report,https://web-archive.southampton.ac.uk/cogprints.org/5221/1/Togelius2006Making.pdf,CogPrints 5221 (2006),full_text,61363a18d5bc8842654cdd49b656e8c0bee3a6aa6a3f185b92eb4a705bd61c97,explicit_manifest_attested_archive,paper/data/source_archive/v8/C0010/making_racing_fun_player_modeling_track_evolution_cogprints.pdf,61363a18d5bc8842654cdd49b656e8c0bee3a6aa6a3f185b92eb4a705bd61c97,primary-batch-01,f5ef23682e22f789087f74b37de5ea73a98ea230a24105fcb3a2377f03aecf53
DRAFT_C0011,C0011,Prasetya2016SearchBased,not_activated,sealed_duplicate_included,A-C0011-03;A-C0011-06,,false,calibration,paper/data/screening_releases/calibration/v8/evidence_packet_manifest.csv,8b15b04d2b14fce2c381fac53495ae8d9d59d805efd1955284b4d031430e0f82,primary-report,primary-report,https://www.ijeei.org/docs-1804133866588e9f62ade3b.pdf,IJEEI-8-4-2016,full_text,653c84ca93cecdadc6614e817765da0422340cf249b5fb7824c6c83fbb5a632a,explicit_manifest_attested_archive,paper/data/source_archive/v8/C0011/prasetya-2016-ijeei-8-4.pdf,653c84ca93cecdadc6614e817765da0422340cf249b5fb7824c6c83fbb5a632a,primary-batch-05,e0e4fe741219ebf0349215ee5ff4837cb5179bdcc16220abf9fe9a0b95e367fd
DRAFT_C0013,C0013,doNascimento2021ProceduralGeneration,not_activated,sealed_duplicate_included,A-C0013-04;A-C0013-06,,false,main,paper/data/screening_releases/main/v8/evidence_packet_manifest.csv,1478c3e85b4796d4d8563fb6b708088dda35882567b1a896082d7ffab1144009,primary-pdf,primary-report,https://www.sbgames.org/proceedings2021/ComputacaoFull/217347.pdf,SBGames 2021 proceedings,full_text,d168baea43c3fc567c71cf0036eeecb85c0fc90f4fee3678f4adc8125b5d00ed,explicit_manifest_attested_archive,paper/data/source_archive/v8/C0013/isometric_racetracks_chain_code_sbgames_2021.pdf,d168baea43c3fc567c71cf0036eeecb85c0fc90f4fee3678f4adc8125b5d00ed,primary-batch-06,f0cc59c077f8374d76b3e5b259310648d26373582018918da6b1948281ac2819
DRAFT_C0014,C0014,Kluck2021AutomaticGeneration,not_activated,sealed_duplicate_included,A-C0014-02;A-C0014-04,,false,main,paper/data/screening_releases/main/v8/evidence_packet_manifest.csv,1478c3e85b4796d4d8563fb6b708088dda35882567b1a896082d7ffab1144009,primary-pdf,primary-report,https://arxiv.org/pdf/2103.01288,arXiv:2103.01288v1,full_text,c1eb38f0251917c99e5a9081239dc2863789c98a32ff68ada04d0e677ce79d66,explicit_manifest_attested_archive,paper/data/source_archive/v8/C0014/challenging_road_networks_alks_testing_arxiv_2103.01288.pdf,c1eb38f0251917c99e5a9081239dc2863789c98a32ff68ada04d0e677ce79d66,primary-batch-02,e850ed079b15e9b2a6b063a11b183925c0616ecc99373efc98a0bfcc6619b925
DRAFT_C0015,C0015,UNECE2021UNRegulation,not_activated,sealed_duplicate_included,A-C0015-05;A-C0015-06,,false,calibration,paper/data/screening_releases/calibration/v8/evidence_packet_manifest.csv,8b15b04d2b14fce2c381fac53495ae8d9d59d805efd1955284b4d031430e0f82,official-documentation,official-documentation,https://unece.org/transport/documents/2021/03/standards/un-regulation-no-157-automated-lane-keeping-systems-alks,UN-Regulation-No-157-2021,official_documentation,22ed8b3070f28d578d665356c194a8b64e049750ba6cfb7c6812275a8a830c7a,explicit_manifest_attested_archive,paper/data/source_archive/v8/C0015/C0015.pdf,22ed8b3070f28d578d665356c194a8b64e049750ba6cfb7c6812275a8a830c7a,primary-batch-04,a7b5912487529db80c019df110cf0ad11f7fdbd9db40799b0c6d22994d04de0e
DRAFT_C0016,C0016,Jiang2021ReplayGuided,not_activated,sealed_duplicate_included,A-C0016-03;A-C0016-05,,false,main,paper/data/screening_releases/main/v8/evidence_packet_manifest.csv,1478c3e85b4796d4d8563fb6b708088dda35882567b1a896082d7ffab1144009,primary-pdf,primary-report,https://proceedings.neurips.cc/paper_files/paper/2021/file/0e915db6326b6fb6a3c56546980a8c93-Paper.pdf,NeurIPS 2021 proceedings,full_text,4d6dac8a6ac16e29e063ac6e47a3e8b6b7b860dd845dafd430574df55f780d93,explicit_manifest_attested_archive,paper/data/source_archive/v8/C0016/replay_guided_adversarial_environment_design_neurips_2021.pdf,4d6dac8a6ac16e29e063ac6e47a3e8b6b7b860dd845dafd430574df55f780d93,primary-batch-01,bf62d521204d72f4af6a7dc742d81a130e07ccf938682742196e23da8b023f7a
DRAFT_C0017,C0017,KlimovNodateCarRacing,not_activated,sealed_duplicate_included,A-C0017-02;A-C0017-06,,false,calibration,paper/data/screening_releases/calibration/v8/evidence_packet_manifest.csv,8b15b04d2b14fce2c381fac53495ae8d9d59d805efd1955284b4d031430e0f82,official-source,official-documentation,https://raw.githubusercontent.com/Farama-Foundation/Gymnasium/v1.2.3/gymnasium/envs/box2d/car_racing.py,Gymnasium-v1.2.3,official_documentation,d0d8c61ba32101d480b46c416b6a0854614efd6f7180aba1276ac0ec4e7f3662,explicit_manifest_attested_archive,paper/data/source_archive/v8/C0017/gymnasium-v1.2.3-car-racing.py,d0d8c61ba32101d480b46c416b6a0854614efd6f7180aba1276ac0ec4e7f3662,primary-batch-05,2b676c81793dff16518ec967c219057c8c94bab4a1f2326ecbd224e311c86afa
DRAFT_C0020,C0020,Dennis2020EmergentComplexity,not_activated,sealed_duplicate_included,A-C0020-02;A-C0020-04,,false,main,paper/data/screening_releases/main/v8/evidence_packet_manifest.csv,1478c3e85b4796d4d8563fb6b708088dda35882567b1a896082d7ffab1144009,primary-pdf,primary-report,https://proceedings.neurips.cc/paper_files/paper/2020/file/985e9a46e10005356bbaf194249f6856-Paper.pdf,NeurIPS 2020 proceedings,full_text,06b29c20bada539ceac41556b78831f13ee296c4dccda8f2512dccd4b843624e,explicit_manifest_attested_archive,paper/data/source_archive/v8/C0020/emergent_complexity_zero_shot_transfer_neurips_2020.pdf,06b29c20bada539ceac41556b78831f13ee296c4dccda8f2512dccd4b843624e,primary-batch-03,951d4775e6f1075ef57cda3e42c2beaff82960386092f07b753261becd991c5a
DRAFT_C0021,C0021,ParkerHolder2022EvolvingCurricula,not_activated,sealed_duplicate_included,A-C0021-05;A-C0021-06,,false,main,paper/data/screening_releases/main/v8/evidence_packet_manifest.csv,1478c3e85b4796d4d8563fb6b708088dda35882567b1a896082d7ffab1144009,primary-pdf,primary-report,https://proceedings.mlr.press/v162/parker-holder22a/parker-holder22a.pdf,PMLR volume 162 (ICML 2022),full_text,592e2a3fa44fbd0d652b234fe38ac70d754e0199a1e808b2e671b1685a457938,explicit_manifest_attested_archive,paper/data/source_archive/v8/C0021/evolving_curricula_regret_based_environment_design_icml_2022.pdf,592e2a3fa44fbd0d652b234fe38ac70d754e0199a1e808b2e671b1685a457938,primary-batch-06,631ee91cf8e5a4d36c16fb8fff9ca6e71620c2a882cfcaa8471baa55752baa92
DRAFT_C0023,C0023,Riccio2020ModelBased,not_activated,sealed_duplicate_included,A-C0023-01;A-C0023-05,,false,calibration,paper/data/screening_releases/calibration/v8/evidence_packet_manifest.csv,8b15b04d2b14fce2c381fac53495ae8d9d59d805efd1955284b4d031430e0f82,primary-report,primary-report,https://arxiv.org/pdf/2007.02787v1,arXiv-2007.02787v1,full_text,54ff312599150d891d4544961a92a26c8a783b30e69598ca3642f2f7fc74fe9c,explicit_manifest_attested_archive,paper/data/source_archive/v8/C0023/riccio-2020-arxiv-2007.02787v1.pdf,54ff312599150d891d4544961a92a26c8a783b30e69598ca3642f2f7fc74fe9c,primary-batch-06,e5c9238225a8ea03856d3ac5e265ff4c7d38e3ed927787417f52353b877a795a
DRAFT_C0024,C0024,Blattner2024DiversityGuided,not_activated,sealed_duplicate_included,A-C0024-03;A-C0024-04,,false,main,paper/data/screening_releases/main/v8/evidence_packet_manifest.csv,1478c3e85b4796d4d8563fb6b708088dda35882567b1a896082d7ffab1144009,primary-pdf,primary-report,https://arxiv.org/abs/2401.14682,arXiv:2401.14682v1,full_text,c7602a67fca9bbe3f8f555847aeab907871484d2343e08f662113a8e95d70015,explicit_manifest_attested_archive,paper/data/source_archive/v8/C0024/diversity_guided_frenet_arxiv_2401.14682.pdf,c7602a67fca9bbe3f8f555847aeab907871484d2343e08f662113a8e95d70015,primary-batch-03,fdcfd50381088e9da16521d28e824250d3907c3dbfe13cac48fba396be9ef36b
DRAFT_C0025,C0025,Madaan2020AirSimDrone,not_activated,sealed_duplicate_included,A-C0025-03;A-C0025-05,,false,calibration,paper/data/screening_releases/calibration/v8/evidence_packet_manifest.csv,8b15b04d2b14fce2c381fac53495ae8d9d59d805efd1955284b4d031430e0f82,primary-report,primary-report,https://proceedings.mlr.press/v123/madaan20a/madaan20a.pdf,PMLR-v123-2020,full_text,ed3a9384cec193068e9c1631b7076a8eae1f8eaed2cbe704cdda7bac50e8ab7c,explicit_manifest_attested_archive,paper/data/source_archive/v8/C0025/madaan-2020-pmlr123.pdf,ed3a9384cec193068e9c1631b7076a8eae1f8eaed2cbe704cdda7bac50e8ab7c,primary-batch-03,70e6ec7abf3b097e7ec4f8ee2276ee541b5a09d0c2c62b86bbe387ffe0d2bc0e
DRAFT_C0047,C0047,ChickenKorma2022ChickenKormaTrack,not_activated,sealed_duplicate_included,A-C0047-04;A-C0047-05,,false,main,paper/data/screening_releases/main/v8/evidence_packet_manifest.csv,1478c3e85b4796d4d8563fb6b708088dda35882567b1a896082d7ffab1144009,source-snapshot,repository-source,https://github.com/ChickenKorma/Track-Generator,commit 8cf5fe26df607dcd5796e799eb219a3462d61431 (default branch main),official_documentation,c83195500a9608a2148c92ab3c5176c507db8676b3120fba5a5213d8bee0b496,explicit_manifest_attested_archive,paper/data/source_archive/v8/C0047/track_generator_8cf5fe26df607dcd5796e799eb219a3462d61431.tar.gz,c83195500a9608a2148c92ab3c5176c507db8676b3120fba5a5213d8bee0b496,primary-batch-01,e5e3452b4ba5fce72dddb0d276920a0073a5a4e7c1598b14d1f9946c347b016f
DRAFT_C0049,C0049,DralligNodateProceduralRace,not_activated,sealed_duplicate_included,A-C0049-02;A-C0049-06,,false,main,paper/data/screening_releases/main/v8/evidence_packet_manifest.csv,1478c3e85b4796d4d8563fb6b708088dda35882567b1a896082d7ffab1144009,source-snapshot,repository-source,https://github.com/Drallig/ProceduralTrack,commit 1653b3816698effdd61254af63a839023747dcbf (default branch master),official_documentation,cdfa2f69676f58ed141ede70b191536fc39f33ef55fc1150005f5aad6fb3c536,explicit_manifest_attested_archive,paper/data/source_archive/v8/C0049/procedural_track_1653b3816698effdd61254af63a839023747dcbf.tar.gz,cdfa2f69676f58ed141ede70b191536fc39f33ef55fc1150005f5aad6fb3c536,primary-batch-05,10ed485ba5c649ea9538106307ac8409ca049a00c32ad7a4708161e907f87e97
DRAFT_C0050,C0050,meraccos2023MeraccosRandom,not_activated,sealed_duplicate_included,A-C0050-02;A-C0050-06,,false,main,paper/data/screening_releases/main/v8/evidence_packet_manifest.csv,1478c3e85b4796d4d8563fb6b708088dda35882567b1a896082d7ffab1144009,source-snapshot,repository-source,https://github.com/meraccos/random_car_racing_track_generator,commit 45848d15554a2da85e5b3b93322ba364908837e0 (default branch main),official_documentation,9dde7ddb971f993ddb05900f01b07819d4fb41615d1c1f1a3bd8254c3da306d8,explicit_manifest_attested_archive,paper/data/source_archive/v8/C0050/random_car_racing_track_generator_45848d15554a2da85e5b3b93322ba364908837e0.tar.gz,9dde7ddb971f993ddb05900f01b07819d4fb41615d1c1f1a3bd8254c3da306d8,primary-batch-01,91b29ccd091c38b740c5564632804e870309ab64f20d39f63302445e7830d545
DRAFT_C0051,C0051,h3h3h0h02023Racetrackgen2,not_activated,sealed_duplicate_included,A-C0051-05;A-C0051-06,,false,main,paper/data/screening_releases/main/v8/evidence_packet_manifest.csv,1478c3e85b4796d4d8563fb6b708088dda35882567b1a896082d7ffab1144009,source-snapshot,repository-source,https://github.com/h3h3h0h0/Racetrackgen2,commit b51edbc4195550bdf04f8ec5567259e03675f05b (default branch main),official_documentation,16d149b62d50f710e01a793e9fcde56af493cf19a4d8dacd5b978b073d948e47,explicit_manifest_attested_archive,paper/data/source_archive/v8/C0051/racetrackgen2_b51edbc4195550bdf04f8ec5567259e03675f05b.tar.gz,16d149b62d50f710e01a793e9fcde56af493cf19a4d8dacd5b978b073d948e47,primary-batch-04,4f411a37c34018995c898a959e99038e3e78875cbd22420c7112ed1a14c246cd
DRAFT_C0052,C0052,Parish2001ProceduralModeling,not_activated,sealed_duplicate_included,A-C0052-03;A-C0052-04,,false,main,paper/data/screening_releases/main/v8/evidence_packet_manifest.csv,1478c3e85b4796d4d8563fb6b708088dda35882567b1a896082d7ffab1144009,primary-pdf,primary-report,https://people.eecs.berkeley.edu/~sequin/CS285/PAPERS/Parish_Muller01.pdf,SIGGRAPH 2001 paper,full_text,43108a9ebd3ebe9ae2947fe5aeda11834efe973fdc32fcced55e044f98a15dc7,explicit_manifest_attested_archive,paper/data/source_archive/v8/C0052/procedural_modeling_cities_siggraph_2001.pdf,43108a9ebd3ebe9ae2947fe5aeda11834efe973fdc32fcced55e044f98a15dc7,primary-batch-01,63a2b442b4ac96d951d3e03577cd4ea2ccb49b6c45eba2655b0719caca50efbc
DRAFT_C0054,C0054,Chen2008InteractiveProcedural,not_activated,sealed_duplicate_included,A-C0054-02;A-C0054-05,,false,main,paper/data/screening_releases/main/v8/evidence_packet_manifest.csv,1478c3e85b4796d4d8563fb6b708088dda35882567b1a896082d7ffab1144009,primary-pdf,primary-report,https://peterwonka.net/Publications/pdfs/2008.SG.Chen.InteractiveProceduralStreetModeling.pdf,ACM TOG 27(3) author PDF (2008),full_text,fa3271884023ebf8d1442e8626d649bbb5ebe1e9043dc48ff5a62ad291674665,explicit_manifest_attested_archive,paper/data/source_archive/v8/C0054/interactive_procedural_street_modeling_2008.pdf,fa3271884023ebf8d1442e8626d649bbb5ebe1e9043dc48ff5a62ad291674665,primary-batch-04,8bed3e68a5e878ff1fbca29bf19e076f2b00edc33a088367f59d8e184741b0b0
DRAFT_C0063,C0063,Richard2026TrackGen,not_activated,sealed_duplicate_included,A-C0063-03;A-C0063-06,,false,calibration,paper/data/screening_releases/calibration/v8/evidence_packet_manifest.csv,8b15b04d2b14fce2c381fac53495ae8d9d59d805efd1955284b4d031430e0f82,official-source,official-documentation,https://github.com/AntoineRichard/TrackGen/blob/cf9e9433eafa30c8311476cf75a356dd42c541cd/track_gen/_src/track_generator.py,git-cf9e9433eafa30c8311476cf75a356dd42c541cd,official_documentation,c130ac12a1f94cb2514c17bcbb485747499bc31878d4d01aa72f0b587419dafd,explicit_manifest_attested_archive,paper/data/source_archive/v8/C0063/trackgen-track-generator-cf9e9433.py,c130ac12a1f94cb2514c17bcbb485747499bc31878d4d01aa72f0b587419dafd,primary-batch-05,76a26751843adc7778c300f0ae2dcee42d90b6b6872d16ca03d6234529a25d6f
DRAFT_C0069,C0069,Yannakakis2011ExperienceDriven,not_activated,sealed_duplicate_included,A-C0069-04;A-C0069-06,,false,main,paper/data/screening_releases/main/v8/evidence_packet_manifest.csv,1478c3e85b4796d4d8563fb6b708088dda35882567b1a896082d7ffab1144009,primary-pdf,primary-report,https://yannakakis.net/wp-content/uploads/2015/11/PID3821875.pdf,IEEE CIG invited-paper extended abstract (2011),full_text,e83cab4249994972e08756f313d6218f0a9dc4ff021174a312a98feb0c88732a,explicit_manifest_attested_archive,paper/data/source_archive/v8/C0069/experience_driven_procedural_content_generation_2011.pdf,e83cab4249994972e08756f313d6218f0a9dc4ff021174a312a98feb0c88732a,primary-batch-03,5d177f8cfd64e09f49091b5b11f29aa294d37316a018be8c4c048fa724dbf1f8
DRAFT_C0071,C0071,Cobbe2020LeveragingProcedural,not_activated,sealed_duplicate_included,A-C0071-03;A-C0071-05,,false,main,paper/data/screening_releases/main/v8/evidence_packet_manifest.csv,1478c3e85b4796d4d8563fb6b708088dda35882567b1a896082d7ffab1144009,primary-pdf,primary-report,https://proceedings.mlr.press/v119/cobbe20a/cobbe20a.pdf,PMLR volume 119 (ICML 2020),full_text,1a3292f3dbf2187a2254cceb8af970c1022154ce90b9ae1ebb7de5a4d51c712a,explicit_manifest_attested_archive,paper/data/source_archive/v8/C0071/leveraging_procedural_generation_benchmark_rl_icml_2020.pdf,1a3292f3dbf2187a2254cceb8af970c1022154ce90b9ae1ebb7de5a4d51c712a,primary-batch-05,8d27cab12b3e60c5ca4c14b0fe36dad06d17a4a2ca7d2c65ca5f4f7fbb153858
DRAFT_C0088,C0088,IndyAutonomousChallengeNodateIndyAutonomous,not_activated,sealed_duplicate_included,A-C0088-04;A-C0088-05,,false,calibration,paper/data/screening_releases/calibration/v8/evidence_packet_manifest.csv,8b15b04d2b14fce2c381fac53495ae8d9d59d805efd1955284b4d031430e0f82,official-rules,official-documentation,https://www.indyautonomouschallenge.com/s/2022-ACTMS-Rules-v100.pdf,IAC-ACTMS-Rules-v1.0.0,official_documentation,57488a57951b046b43e41de56ef5a6fdaf1bc4d4199895a387d4cc96a75bff0c,explicit_manifest_attested_archive,paper/data/source_archive/v8/C0088/iac-actms-rules-v1.0.0.pdf,57488a57951b046b43e41de56ef5a6fdaf1bc4d4199895a387d4cc96a75bff0c,primary-batch-04,cd25988374c3021554792948364106002b14ab4f0139f94233ef94b89c4209bb
DRAFT_C0097,C0097,Mi2021HDMapGenHierarchical,not_activated,sealed_duplicate_included,A-C0097-05;A-C0097-06,,false,calibration,paper/data/screening_releases/calibration/v8/evidence_packet_manifest.csv,8b15b04d2b14fce2c381fac53495ae8d9d59d805efd1955284b4d031430e0f82,primary-report,primary-report,https://openaccess.thecvf.com/content/CVPR2021/papers/Mi_HDMapGen_A_Hierarchical_Graph_Generative_Model_of_High_Definition_Maps_CVPR_2021_paper.pdf,CVPR-2021,full_text,49217d68969ec0ad5cdd9cf1932912f666775ba88679fc989e689de8f67c0f89,explicit_manifest_attested_archive,paper/data/source_archive/v8/C0097/hdmapgen-cvpr2021.pdf,49217d68969ec0ad5cdd9cf1932912f666775ba88679fc989e689de8f67c0f89,primary-batch-01,8070145c3da89671a13e42c312efb4c87ca78635128026d3b448947d720ef337
DRAFT_C0102,C0102,Arnold2013TestingAutonomous,not_activated,sealed_duplicate_included,A-C0102-02;A-C0102-03,,false,main,paper/data/screening_releases/main/v8/evidence_packet_manifest.csv,1478c3e85b4796d4d8563fb6b708088dda35882567b1a896082d7ffab1144009,primary-pdf,primary-report,https://eprints.whiterose.ac.uk/id/eprint/103118/,Accepted Version (2013),full_text,5ff2607f84aad21e94151e11c5804d423f012c81f4139aa07708459b915e9ea0,explicit_manifest_attested_archive,paper/data/source_archive/v8/C0102/testing_autonomous_robot_control_safecomp_2013.pdf,5ff2607f84aad21e94151e11c5804d423f012c81f4139aa07708459b915e9ea0,primary-batch-05,602a6102c208b7ddd03290273318b960c4a7f13263f7cf067d430811728659d8
DRAFT_C0107,C0107,Humeniuk2022SearchBased,not_activated,sealed_duplicate_included,A-C0107-02;A-C0107-03,,false,main,paper/data/screening_releases/main/v8/evidence_packet_manifest.csv,1478c3e85b4796d4d8563fb6b708088dda35882567b1a896082d7ffab1144009,primary-pdf,primary-report,https://arxiv.org/abs/2203.12138,arXiv:2203.12138v1,full_text,eab7e6435ad35e783639a875cc04737939c2355d3c0b37226425b07d48e45c2d,explicit_manifest_attested_archive,paper/data/source_archive/v8/C0107/ambiegen_arxiv_2203.12138.pdf,eab7e6435ad35e783639a875cc04737939c2355d3c0b37226425b07d48e45c2d,primary-batch-06,7ea5873cb0ee4cd2928687d5de5c04af5113d643343834ddd3d421bc23aefaa0
DRAFT_C0110,C0110,Arcaini2024CRAGCombinatorial,not_activated,sealed_duplicate_included,A-C0110-02;A-C0110-05,,false,calibration,paper/data/screening_releases/calibration/v8/evidence_packet_manifest.csv,8b15b04d2b14fce2c381fac53495ae8d9d59d805efd1955284b4d031430e0f82,primary-report,primary-report,https://doi.org/10.1016/j.scico.2024.103171,DOI-10.1016-j.scico.2024.103171,full_text,bc4f896bb5343e72461a3c321f9dd51b94cb536f44856b93a93e5d7e7ae9054d,role_private_frozen_packet,paper/data/screening_staging/v8/calibration/screening-02-260efd3e5c074756703b061e28ca3f23/v1/evidence/C0110/primary-report/C0110.pdf,bc4f896bb5343e72461a3c321f9dd51b94cb536f44856b93a93e5d7e7ae9054d,primary-batch-02,241005238d2585508c54e3c79e525ba2e18c0d95d4788930c8ea1114336bbde3
DRAFT_C0118,C0118,Sotiropoulos2016VirtualWorlds,not_activated,sealed_duplicate_included,A-C0118-01;A-C0118-03,,false,main,paper/data/screening_releases/main/v8/evidence_packet_manifest.csv,1478c3e85b4796d4d8563fb6b708088dda35882567b1a896082d7ffab1144009,primary-pdf,primary-report,https://hal.science/hal-01328909v1/document,HAL hal-01328909v1,full_text,39c9da1c20b8eb1e175ce56acd4e9906b2a414d536fc94efc49d117a45193cb9,explicit_manifest_attested_archive,paper/data/source_archive/v8/C0118/virtual_worlds_testing_robot_navigation_hal_01328909v1.pdf,39c9da1c20b8eb1e175ce56acd4e9906b2a414d536fc94efc49d117a45193cb9,primary-batch-06,9a470f5582a96701a4cb0377f58272c932607b9c8dd3898880cb371fd55acae0
DRAFT_C0119,C0119,Herman2021LearnRace,not_activated,sealed_duplicate_included,A-C0119-01;A-C0119-02,,false,main,paper/data/screening_releases/main/v8/evidence_packet_manifest.csv,1478c3e85b4796d4d8563fb6b708088dda35882567b1a896082d7ffab1144009,primary-pdf,primary-report,https://openaccess.thecvf.com/content/ICCV2021/html/Herman_Learn-To-Race_A_Multimodal_Control_Environment_for_Autonomous_Racing_ICCV_2021_paper.html,ICCV 2021 paper,full_text,fe6540c38f19aedc95db9f8992cdc750b3a017e2dcb3796db3ed6c641e765fde,explicit_manifest_attested_archive,paper/data/source_archive/v8/C0119/learn_to_race_iccv_2021.pdf,fe6540c38f19aedc95db9f8992cdc750b3a017e2dcb3796db3ed6c641e765fde,primary-batch-03,4db89a7b5ad0f78539961db7944e2b2f7749d3e64417c8a847edd582ca24a3cb
DRAFT_C0121,C0121,Wang2025EnvironmentPolicy,not_activated,sealed_duplicate_included,A-C0121-01;A-C0121-02,,false,main,paper/data/screening_releases/main/v8/evidence_packet_manifest.csv,1478c3e85b4796d4d8563fb6b708088dda35882567b1a896082d7ffab1144009,primary-pdf,primary-report,https://arxiv.org/abs/2410.22308v3,arXiv:2410.22308v3; accepted ICRA 2025 author manuscript,full_text,c3ddf711eb83a9e28c8ba43b45f4b558a8d017f479c8774917b9ecfe8783dd2e,explicit_manifest_attested_archive,paper/data/source_archive/v8/C0121/environment_as_policy_arxiv_2410.22308.pdf,c3ddf711eb83a9e28c8ba43b45f4b558a8d017f479c8774917b9ecfe8783dd2e,primary-batch-04,10e5ba1d2688e0a8772758f43749aa978a8c5797f24ed274a216acbf3ff90e85
DRAFT_C0122,C0122,Steininger2025AutomaticallyGenerating,not_activated,sealed_duplicate_included,A-C0122-03;A-C0122-05,,false,main,paper/data/screening_releases/main/v8/evidence_packet_manifest.csv,1478c3e85b4796d4d8563fb6b708088dda35882567b1a896082d7ffab1144009,primary-pdf,primary-report,https://doi.org/10.1109/icse-nier66352.2025.00021,ICSE-NIER 2025 DOI 10.1109/icse-nier66352.2025.00021,full_text,8b5119b6edc8bce2bfb360a279a33b20e47fbca9d803a61a2e9cb18890cd020a,explicit_manifest_attested_archive,paper/data/source_archive/v8/C0122/automatically_generating_content_testing_autonomous_vehicles_icse_nier_2025.pdf,8b5119b6edc8bce2bfb360a279a33b20e47fbca9d803a61a2e9cb18890cd020a,primary-batch-05,cece649983c8a12189731092aa5621aaa121f02fdb57c6e3d10d9981b3350c5f
DRAFT_C0126,C0126,Poggenhans2018Lanelet2High,not_activated,sealed_duplicate_included,A-C0126-01;A-C0126-03,,false,main,paper/data/screening_releases/main/v8/evidence_packet_manifest.csv,1478c3e85b4796d4d8563fb6b708088dda35882567b1a896082d7ffab1144009,primary-pdf,primary-report,https://www.mrt.kit.edu/z/publ/download/2018/Poggenhans2018Lanelet2.pdf,ITSC 2018 author PDF,full_text,8bc82686455ff7edb0ea74b0ced6f05a38d7f66a062c1f768ac393535b0e1135,explicit_manifest_attested_archive,paper/data/source_archive/v8/C0126/lanelet2_itsc_2018.pdf,8bc82686455ff7edb0ea74b0ced6f05a38d7f66a062c1f768ac393535b0e1135,primary-batch-02,3aefc46d91154dc1a8e1e0aed1431a936abec7e7369d8d992780e1c36b372885
DRAFT_C0128,C0128,Althoff2017CommonRoadComposable,not_activated,sealed_duplicate_included,A-C0128-05;A-C0128-06,,false,calibration,paper/data/screening_releases/calibration/v8/evidence_packet_manifest.csv,8b15b04d2b14fce2c381fac53495ae8d9d59d805efd1955284b4d031430e0f82,primary-report,primary-report,https://doi.org/10.1109/ivs.2017.7995802,IEEE-IV-2017,full_text,fa78a36bb0b499551b245bf93ae44c6ea6338b49f8ab075fc6e79922fe1fab86,explicit_manifest_attested_archive,paper/data/source_archive/v8/C0128/commonroad-iv-2017.pdf,fa78a36bb0b499551b245bf93ae44c6ea6338b49f8ab075fc6e79922fe1fab86,primary-batch-06,1c5cd7a8580a2f56ef57ba5e0fbe780a5af8fbfd3628cc653ab2c1b0cb1805e8
DRAFT_C0131,C0131,Kulkarni2025AerialGym,not_activated,draft_adjudication_included,A-C0131-02;A-C0131-04,included,false,calibration,paper/data/screening_releases/calibration/v8/evidence_packet_manifest.csv,8b15b04d2b14fce2c381fac53495ae8d9d59d805efd1955284b4d031430e0f82,official-documentation,official-documentation,https://github.com/ntnu-arl/aerial_gym/blob/v2.0.0/docs/2_simulation_components.md,Aerial-Gym-v2.0.0,official_documentation,af05e2c0e11366a6b85cabfb94e398979f03ae16a5365d5b3195a68c24f5b267,explicit_manifest_attested_archive,paper/data/source_archive/v8/C0131/aerial-gym-v2.0.0-simulation-components.md,af05e2c0e11366a6b85cabfb94e398979f03ae16a5365d5b3195a68c24f5b267,primary-batch-02,9daa518d03f4ab7a235cc9a559c685953c59348f4d5d0af7d474552e5c00bf54
DRAFT_C0132,C0132,LeBars2015WorldRobotic,not_activated,sealed_duplicate_included,A-C0132-03;A-C0132-05,,false,main,paper/data/screening_releases/main/v8/evidence_packet_manifest.csv,1478c3e85b4796d4d8563fb6b708088dda35882567b1a896082d7ffab1144009,primary-pdf,primary-report,https://webperso.ensta.fr/lebars/paper_wrsc_2013_oceans_2015.pdf,OCEANS 2015 conference paper,full_text,5f2c243af4e1d64185b8f78bf95011beeb66d83be47a03b2a880f20ded373d59,explicit_manifest_attested_archive,paper/data/source_archive/v8/C0132/world_robotic_sailing_championship_oceans_2015.pdf,5f2c243af4e1d64185b8f78bf95011beeb66d83be47a03b2a880f20ded373d59,primary-batch-05,ec55e258a35a6de29ccb213f1e40580355d0d3cf66a98d71f884790b82370526
DRAFT_C0134,C0134,Ayerdi2023RoadSignSBFT,not_activated,sealed_duplicate_included,A-C0134-01;A-C0134-03,,false,calibration,paper/data/screening_releases/calibration/v8/evidence_packet_manifest.csv,8b15b04d2b14fce2c381fac53495ae8d9d59d805efd1955284b4d031430e0f82,primary-report,primary-report,https://doi.org/10.1109/sbft59156.2023.00006,IEEE-SBFT-2023,full_text,f945db58780cf03f757f58865d7516412a6d598a94c2880eb238796bdf81ea3a,explicit_manifest_attested_archive,paper/data/source_archive/v8/C0134/C0134.pdf,f945db58780cf03f757f58865d7516412a6d598a94c2880eb238796bdf81ea3a,primary-batch-04,952a836beb344ef665e168e849502899ced05af8e3642ffbd4239cc2ad685452
DRAFT_C0136,C0136,Panichella2021SBSTTool,not_activated,sealed_duplicate_included,A-C0136-05;A-C0136-06,,false,calibration,paper/data/screening_releases/calibration/v8/evidence_packet_manifest.csv,8b15b04d2b14fce2c381fac53495ae8d9d59d805efd1955284b4d031430e0f82,primary-report,primary-report,https://ieeexplore.ieee.org/document/9476243/,IEEE-SBST-2021,full_text,e0c9723c8d01665aaec37115001bd5064b4bb40f6c0276e847cbd94a02438fec,explicit_manifest_attested_archive,paper/data/source_archive/v8/C0136/sbst-tool-competition-2021.pdf,e0c9723c8d01665aaec37115001bd5064b4bb40f6c0276e847cbd94a02438fec,primary-batch-04,eb0170a6c609d2b29cd05cf9a74d17d89d5cadc1cc3d167f141a0f55bcf0ead5
DRAFT_C0137,C0137,Han2021PreliminaryEvaluation,not_activated,sealed_duplicate_included,A-C0137-04;A-C0137-06,,false,main,paper/data/screening_releases/main/v8/evidence_packet_manifest.csv,1478c3e85b4796d4d8563fb6b708088dda35882567b1a896082d7ffab1144009,primary-pdf,primary-report,https://coinse.github.io/publications/pdfs/Han2021vp.pdf,SBST 2021 author PDF,full_text,4a64ca9f77c3e07e413705dc57adf5e74149657adb42a2243d78ee711e1c5cba,explicit_manifest_attested_archive,paper/data/source_archive/v8/C0137/path_aware_crossover_sbst_2021.pdf,4a64ca9f77c3e07e413705dc57adf5e74149657adb42a2243d78ee711e1c5cba,primary-batch-04,19d0747eb2cbd0c91c8677d0ec3a8e5eef1fea65652f32231f37b5d0d580f8ab
DRAFT_C0140,C0140,Cheng2024ExtremeParkour,not_activated,draft_adjudication_included,A-C0140-01;A-C0140-05,included,false,calibration,paper/data/screening_releases/calibration/v8/evidence_packet_manifest.csv,8b15b04d2b14fce2c381fac53495ae8d9d59d805efd1955284b4d031430e0f82,primary-report,primary-report,https://arxiv.org/pdf/2309.14341v1,arXiv-2309.14341v1,full_text,50f1cf2b73b9147111100994d1dfffbfd15a9a6c2412aee1921d4d3e58ee2285,explicit_manifest_attested_archive,paper/data/source_archive/v8/C0140/cheng-2023-arxiv-2309.14341v1.pdf,50f1cf2b73b9147111100994d1dfffbfd15a9a6c2412aee1921d4d3e58ee2285,primary-batch-01,1312c2ebbdc69bb642db2d96f573f7185b35a79b97ab4176184614f40c18c861
DRAFT_C0143,C0143,,blocked,sealed_duplicate_included,A-C0143-02;A-C0143-06,included,false,main,paper/data/screening_releases/main/v8/evidence_packet_manifest.csv,1478c3e85b4796d4d8563fb6b708088dda35882567b1a896082d7ffab1144009,primary-pdf,primary-report,https://arxiv.org/abs/2205.11060,arXiv:2205.11060v1,full_text,d7965979d29824c35dd84cb6a784092e404839d2776b8e349ddc4236f55aecd8,explicit_manifest_attested_archive,paper/data/source_archive/v8/C0143/wogan_arxiv_2205.11060.pdf,d7965979d29824c35dd84cb6a784092e404839d2776b8e349ddc4236f55aecd8,primary-batch-06,54993a1c1389e99af05c264c469fa57ec8064ab972793a1b187ef6d9d23bd736
DRAFT_C0145,C0145,Humeniuk2024ReinforcementLearning,not_activated,sealed_duplicate_included,A-C0145-04;A-C0145-06,,false,calibration,paper/data/screening_releases/calibration/v8/evidence_packet_manifest.csv,8b15b04d2b14fce2c381fac53495ae8d9d59d805efd1955284b4d031430e0f82,primary-report,primary-report,https://arxiv.org/pdf/2308.12762v1,arXiv-2308.12762v1,full_text,a4d9da6d8dc70857642dec1eb4ecc71b240686cb68582296184f82de9e87f790,explicit_manifest_attested_archive,paper/data/source_archive/v8/C0145/rigaa-arxiv-2308.12762v1.pdf,a4d9da6d8dc70857642dec1eb4ecc71b240686cb68582296184f82de9e87f790,primary-batch-06,12dcd333bf67b1aa931303f5c0db5fe5590d8fdd4bebe3c220b92b87b07de8ab
DRAFT_C0146,C0146,Nylnder2025SearchBased,not_activated,sealed_duplicate_included,A-C0146-01;A-C0146-05,,false,main,paper/data/screening_releases/main/v8/evidence_packet_manifest.csv,1478c3e85b4796d4d8563fb6b708088dda35882567b1a896082d7ffab1144009,primary-pdf,primary-report,https://web-backend.simula.no/sites/default/files/2025-08/GECCO2025_Paper_Waypoints_search%20.pdf,GECCO 2025 author PDF,full_text,68c092702aab4a423ce58162ef145850b973b587e1402f0ad8c4bb9ad6270091,explicit_manifest_attested_archive,paper/data/source_archive/v8/C0146/wpgen_gecco_2025.pdf,68c092702aab4a423ce58162ef145850b973b587e1402f0ad8c4bb9ad6270091,primary-batch-02,c4a100871ce95407066e6101cc4caaf57b54ea31e97a6406bb2f4d6a926293b8
DRAFT_C0147,C0147,Bingham2019TowardMaritime,not_activated,sealed_duplicate_included,A-C0147-03;A-C0147-06,,false,calibration,paper/data/screening_releases/calibration/v8/evidence_packet_manifest.csv,8b15b04d2b14fce2c381fac53495ae8d9d59d805efd1955284b4d031430e0f82,official-source,official-documentation,https://github.com/osrf/vrx/tree/3a0aa019,git-3a0aa019,official_documentation,256d90498087a28c4fe4aad66d817b2dc086cdd408fb20b25cb3db1dc6489c84,explicit_manifest_attested_archive,paper/data/source_archive/v8/C0147/vrx-navigation-course-3a0aa019.sdf,256d90498087a28c4fe4aad66d817b2dc086cdd408fb20b25cb3db1dc6489c84,primary-batch-04,e03ff2c58b7840c61b290e6b3cf340efd0e3269223821c943ccf1877ccf3f043
DRAFT_C0148,C0148,Zhu2026ComplexityControllable,not_activated,sealed_duplicate_included,A-C0148-03;A-C0148-04,,false,main,paper/data/screening_releases/main/v8/evidence_packet_manifest.csv,1478c3e85b4796d4d8563fb6b708088dda35882567b1a896082d7ffab1144009,primary-pdf,primary-report,https://www.sciopen.com/article/10.26599/COMMTR.2026.9640024,Communications in Transportation Research Version 1 (2026-06-01),full_text,26ae0bbc89b840c6402a9f5622afc34123ed426e73a27073cd7764cdab2aec44,explicit_manifest_attested_archive,paper/data/source_archive/v8/C0148/complexity_controllable_road_network_commtr_2026.pdf,26ae0bbc89b840c6402a9f5622afc34123ed426e73a27073cd7764cdab2aec44,primary-batch-01,562328deaca30c9dde6659225189cd5ebd96c285ac1046052266c3e2898f29ba
DRAFT_C0150,C0150,Hwang2022NavigationScenario,not_activated,sealed_duplicate_included,A-C0150-02;A-C0150-04,,false,main,paper/data/screening_releases/main/v8/evidence_packet_manifest.csv,1478c3e85b4796d4d8563fb6b708088dda35882567b1a896082d7ffab1144009,primary-pdf,primary-report,https://www.mdpi.com/2076-3417/12/3/1651,Applied Sciences 12(3):1651 (2022) PDF v2,full_text,95ab84d67915610dbf600b9e097092f59ff27d2d8871146d48b4742f0e8e41b3,explicit_manifest_attested_archive,paper/data/source_archive/v8/C0150/navigation_scenario_permutation_applsci_2022_v2.pdf,95ab84d67915610dbf600b9e097092f59ff27d2d8871146d48b4742f0e8e41b3,primary-batch-01,d51405ae137e8530c0e58d67cef9550a2d4b0b4c97df40a4d3d48d1bb314e730
DRAFT_C0152,C0152,Muktadir2023ProceduralGeneration,not_activated,sealed_duplicate_included,A-C0152-01;A-C0152-05,,false,main,paper/data/screening_releases/main/v8/evidence_packet_manifest.csv,1478c3e85b4796d4d8563fb6b708088dda35882567b1a896082d7ffab1144009,primary-pdf,primary-report,https://saemobilus.sae.org/articles/procedural-generation-high-definition-road-networks-autonomous-vehicle-testing-traffic-simulations-12-06-01-0007,SAE Int. J. CAV 6(1) (2023),full_text,cf181a5565c6b93f73ce15379d8f73d3c8064ea715fc152f050a62982e9ed061,explicit_manifest_attested_archive,paper/data/source_archive/v8/C0152/junctionart_sae_2023.pdf,cf181a5565c6b93f73ce15379d8f73d3c8064ea715fc152f050a62982e9ed061,primary-batch-02,68ed7146d230ea4eca3b361fbfe59ad7fb3bf4fe0d5c0f3a19b85b3161d0a811
DRAFT_C0154,C0154,Wang2019POETOpen,not_activated,sealed_duplicate_included,A-C0154-01;A-C0154-06,,false,main,paper/data/screening_releases/main/v8/evidence_packet_manifest.csv,1478c3e85b4796d4d8563fb6b708088dda35882567b1a896082d7ffab1144009,primary-pdf,primary-report,https://arxiv.org/pdf/1901.01753,arXiv:1901.01753v3,full_text,dd47d961249b0328d8d9e88801cdb7a74da6a8224dc08f0d23da7d6f79fa766c,explicit_manifest_attested_archive,paper/data/source_archive/v8/C0154/poet_open_ended_coevolution_arxiv_1901.01753.pdf,dd47d961249b0328d8d9e88801cdb7a74da6a8224dc08f0d23da7d6f79fa766c,primary-batch-03,26498932b0f74fa954a6d9c3adbaa4ea104cdfa36f97123facd2a0aa40a27dd6
DRAFT_C0156,C0156,Zhou2023FLYOVERModel,not_activated,sealed_duplicate_included,A-C0156-04;A-C0156-06,,false,main,paper/data/screening_releases/main/v8/evidence_packet_manifest.csv,1478c3e85b4796d4d8563fb6b708088dda35882567b1a896082d7ffab1144009,primary-pdf,primary-report,https://arxiv.org/pdf/2301.12738,arXiv:2301.12738v1,full_text,554e88e8ed1879b848e4696957073200093b9d2f6c415bba84171f45910a65f0,explicit_manifest_attested_archive,paper/data/source_archive/v8/C0156/flyover_diverse_highway_interchanges_arxiv_2301.12738.pdf,554e88e8ed1879b848e4696957073200093b9d2f6c415bba84171f45910a65f0,primary-batch-02,0039c8cdf82a75fc65a12a6738e972c58ed7d110b703d2b134bf62b96a24f715
DRAFT_C0158,C0158,Sun2024DriveSceneGenGenerating,not_activated,sealed_duplicate_included,A-C0158-03;A-C0158-06,,false,main,paper/data/screening_releases/main/v8/evidence_packet_manifest.csv,1478c3e85b4796d4d8563fb6b708088dda35882567b1a896082d7ffab1144009,primary-pdf,primary-report,https://arxiv.org/pdf/2309.14685,arXiv:2309.14685v2,full_text,66714dc3ee9f0db0824649c491438212339860317ee6322f69e110d819e62c57,explicit_manifest_attested_archive,paper/data/source_archive/v8/C0158/drivescenegen_driving_scenarios_arxiv_2309.14685.pdf,66714dc3ee9f0db0824649c491438212339860317ee6322f69e110d819e62c57,primary-batch-06,cffef2d59b5c60b3b552f59e8d0ea6bb4be45ed4c58d917f7ad2853a641e9949
DRAFT_C0161,C0161,Liang2025EnvironmentCurriculum,not_activated,sealed_duplicate_included,A-C0161-01;A-C0161-02,,false,main,paper/data/screening_releases/main/v8/evidence_packet_manifest.csv,1478c3e85b4796d4d8563fb6b708088dda35882567b1a896082d7ffab1144009,primary-pdf,primary-report,https://raw.githubusercontent.com/mlresearch/v270/main/assets/liang25a/liang25a.pdf,PMLR volume 270 (CoRL 2025),full_text,722623112fab9b1fe88ea1a66e881ec63d7c2c35895ca2bf64c7a8f4cdc58537,explicit_manifest_attested_archive,paper/data/source_archive/v8/C0161/environment_curriculum_generation_llms_corl_2025.pdf,722623112fab9b1fe88ea1a66e881ec63d7c2c35895ca2bf64c7a8f4cdc58537,primary-batch-01,9cd0c304a9d0cc29d133f4595ddcd52d4e382142ec1bc600b0c245ad0e68576a
DRAFT_C0162,C0162,Zhou2024DiffRoadRealistic,not_activated,sealed_duplicate_included,A-C0162-02;A-C0162-05,,false,main,paper/data/screening_releases/main/v8/evidence_packet_manifest.csv,1478c3e85b4796d4d8563fb6b708088dda35882567b1a896082d7ffab1144009,primary-pdf,primary-report,https://arxiv.org/pdf/2411.09451,arXiv:2411.09451v1,full_text,6a7a37df6c79e06e7c270d59150b8d023ec18f38287d24636142cdb2fa84d0b3,explicit_manifest_attested_archive,paper/data/source_archive/v8/C0162/diffroad_road_scenario_generation_arxiv_2411.09451.pdf,6a7a37df6c79e06e7c270d59150b8d023ec18f38287d24636142cdb2fa84d0b3,primary-batch-03,c75764c41c84d886aedb163972878c05e88bd35cb0bc1cfd1c733eab934d7854
DRAFT_C0163,C0163,Yang2024RoadGenGenerating,not_activated,sealed_duplicate_included,A-C0163-04;A-C0163-06,,false,main,paper/data/screening_releases/main/v8/evidence_packet_manifest.csv,1478c3e85b4796d4d8563fb6b708088dda35882567b1a896082d7ffab1144009,primary-pdf,primary-report,https://arxiv.org/pdf/2411.19577,arXiv:2411.19577v1,full_text,d535c1b18a4430a634253bdd23f260bcb7aeb856bb7e85e9a34d755fdae58eeb,explicit_manifest_attested_archive,paper/data/source_archive/v8/C0163/roadgen_road_scenarios_arxiv_2411.19577.pdf,d535c1b18a4430a634253bdd23f260bcb7aeb856bb7e85e9a34d755fdae58eeb,primary-batch-03,19099ad2cb6ff07212bf2536f7c3baa7337b817841d37d2c5f7ff4a497b95a4a
DRAFT_C0164,C0164,Wan2025GenTeGenerative,not_activated,sealed_duplicate_included,A-C0164-01;A-C0164-06,,false,main,paper/data/screening_releases/main/v8/evidence_packet_manifest.csv,1478c3e85b4796d4d8563fb6b708088dda35882567b1a896082d7ffab1144009,primary-pdf,primary-report,https://arxiv.org/pdf/2504.09997,arXiv:2504.09997v1,full_text,8d09aa9a1d0fd97ebbfb90268cb9a924455fb44304b3c4c8bd7e40e20ecf3bcb,explicit_manifest_attested_archive,paper/data/source_archive/v8/C0164/gente_real_world_terrains_arxiv_2504.09997.pdf,8d09aa9a1d0fd97ebbfb90268cb9a924455fb44304b3c4c8bd7e40e20ecf3bcb,primary-batch-01,00322e8cef71e6e83eabf993b945b5bdfcead36a921f4aa06df843d4a3dafaf6
DRAFT_C0165,C0165,Yu2025MasteringDiverse,not_activated,sealed_duplicate_included,A-C0165-05;A-C0165-06,,false,main,paper/data/screening_releases/main/v8/evidence_packet_manifest.csv,1478c3e85b4796d4d8563fb6b708088dda35882567b1a896082d7ffab1144009,primary-pdf,primary-report,https://arxiv.org/pdf/2512.09571,arXiv:2512.09571v2,full_text,274d76d31c82035c13b1ed4e9ec9e83a6c7ebf9604ecad7b2d9ca19e9194b63d,explicit_manifest_attested_archive,paper/data/source_archive/v8/C0165/mastering_unknown_cluttered_drone_racing_arxiv_2512.09571.pdf,274d76d31c82035c13b1ed4e9ec9e83a6c7ebf9604ecad7b2d9ca19e9194b63d,primary-batch-03,a145bd0487f12022a5487323b157534c5d78c83cdd3040caf674adf293fccba5
DRAFT_C0168,C0168,RoboNation20222022Maritime,not_activated,sealed_duplicate_included,A-C0168-01;A-C0168-04,,false,calibration,paper/data/screening_releases/calibration/v8/evidence_packet_manifest.csv,8b15b04d2b14fce2c381fac53495ae8d9d59d805efd1955284b4d031430e0f82,official-handbook,official-documentation,https://robonation.org/app/uploads/sites/2/2022/10/2022-RobotX_Team-Handbook_v3.0.pdf,RobotX-2022-Team-Handbook-v3.0,official_documentation,a9bf574bde799ccb466c6d95c98a6cb8924bab6395954edb57a260f4da8a32af,explicit_manifest_attested_archive,paper/data/source_archive/v8/C0168/robotx-2022-team-handbook-v3.pdf,a9bf574bde799ccb466c6d95c98a6cb8924bab6395954edb57a260f4da8a32af,primary-batch-02,f75144632e631a0d505877374103405412f5c2ef4f9de1c86c4a64cf39995511
DRAFT_C0172,C0172,ASAM2024ASAMOpenSCENARIO,not_activated,sealed_duplicate_included,A-C0172-02;A-C0172-05,,false,calibration,paper/data/screening_releases/calibration/v8/evidence_packet_manifest.csv,8b15b04d2b14fce2c381fac53495ae8d9d59d805efd1955284b4d031430e0f82,official-standard,official-documentation,https://publications.pages.asam.net/standards/ASAM_OpenSCENARIO/ASAM_OpenSCENARIO_XML/v1.3.0/06_general_concepts/06_08_routes.html,ASAM-OpenSCENARIO-XML-v1.3.0,official_documentation,d8e9d8da0b1951bffb2ab521e129e0220ee99b6ac66161477a42e545684cde0c,explicit_manifest_attested_archive,paper/data/source_archive/v8/C0172/openscenario-xml-v1.3.0-routes.html,d8e9d8da0b1951bffb2ab521e129e0220ee99b6ac66161477a42e545684cde0c,primary-batch-03,e9fc03ea1e9d6b82e472f4f2530506b354808663de8b304d7af39340ca9a2718
DRAFT_C0175,C0175,CARLANodateCARLAAutonomous,not_activated,sealed_duplicate_included,A-C0175-01;A-C0175-03,,false,calibration,paper/data/screening_releases/calibration/v8/evidence_packet_manifest.csv,8b15b04d2b14fce2c381fac53495ae8d9d59d805efd1955284b4d031430e0f82,official-source,official-documentation,https://github.com/carla-simulator/leaderboard/tree/a87a3419e9d2e0d36deb25f1f26c17edee2d1420,git-a87a3419e9d2e0d36deb25f1f26c17edee2d1420,official_documentation,52c46f4889632be30af5c1a294275635aae0b22175921e909311c1a49716c85f,explicit_manifest_attested_archive,paper/data/source_archive/v8/C0175/leaderboard-a87a3419.tar.gz,52c46f4889632be30af5c1a294275635aae0b22175921e909311c1a49716c85f,primary-batch-05,5116b64b76185d0b658bd03e3949e91030e53215066ebfe37db84f4b2b79e0ca
DRAFT_C0176,C0176,Maierhofer2021CommonRoadScenario,not_activated,sealed_duplicate_included,A-C0176-02;A-C0176-03,,false,main,paper/data/screening_releases/main/v8/evidence_packet_manifest.csv,1478c3e85b4796d4d8563fb6b708088dda35882567b1a896082d7ffab1144009,primary-pdf,primary-report,https://mediatum.ub.tum.de/doc/1624607/1624607.pdf,TUM Mediatum 1624607 (ITSC 2021 author copy),full_text,819e77f4fefd584feb434bb429740b34ae832470822afee1ced65567ccf2e7fb,explicit_manifest_attested_archive,paper/data/source_archive/v8/C0176/commonroad_scenario_designer_mediatum_1624607.pdf,819e77f4fefd584feb434bb429740b34ae832470822afee1ced65567ccf2e7fb,primary-batch-05,998dc1891163bf3e8a3b04bbd54574cd37fdfda05f2892c836cd6d0abaa016a1
DRAFT_C0177,C0177,Wang2020EnhancedPOET,not_activated,sealed_duplicate_included,A-C0177-02;A-C0177-06,,false,calibration,paper/data/screening_releases/calibration/v8/evidence_packet_manifest.csv,8b15b04d2b14fce2c381fac53495ae8d9d59d805efd1955284b4d031430e0f82,primary-report,primary-report,https://proceedings.mlr.press/v119/wang20l/wang20l.pdf,PMLR-v119-2020,full_text,6a01e35d2d0a6ee93015824d3fd2789997057fd604f9389089d5fe04d28c10ab,explicit_manifest_attested_archive,paper/data/source_archive/v8/C0177/wang-2020-pmlr119.pdf,6a01e35d2d0a6ee93015824d3fd2789997057fd604f9389089d5fe04d28c10ab,primary-batch-03,88934d115054837d334822e789cbdfe7db448863a367c6d8d54349d14169fc2b
DRAFT_C0178,C0178,EUFS2023EUFSMaps,not_activated,sealed_duplicate_included,A-C0178-01;A-C0178-04,,false,main,paper/data/screening_releases/main/v8/evidence_packet_manifest.csv,1478c3e85b4796d4d8563fb6b708088dda35882567b1a896082d7ffab1144009,source-snapshot,repository-source,https://gitlab.com/eufs/public/eufs_maps,commit ccd652da93bcd16b86d89ad1c68dcca440265cbb (default branch master),official_documentation,114604034f1453e101bef84d9079363270ebe9ffd1ea4a3aaea096c2a9fbcfd0,explicit_manifest_attested_archive,paper/data/source_archive/v8/C0178/eufs_maps_ccd652da93bcd16b86d89ad1c68dcca440265cbb.tar.gz,114604034f1453e101bef84d9079363270ebe9ffd1ea4a3aaea096c2a9fbcfd0,primary-batch-04,2b4cc698c735e785b428c174ad1ca26f87af3c852ad2cf192c618afc9d8edbfe
DRAFT_C0180,C0180,OKelly2020F1TENTHOpen,not_activated,sealed_duplicate_included,A-C0180-01;A-C0180-02,,false,calibration,paper/data/screening_releases/calibration/v8/evidence_packet_manifest.csv,8b15b04d2b14fce2c381fac53495ae8d9d59d805efd1955284b4d031430e0f82,primary-report,primary-report,https://proceedings.mlr.press/v123/o-kelly20a/o-kelly20a.pdf,PMLR-v123-2020,full_text,45e171299565b5c99026c1e589b0c74dd73bebc69c72449ef86009446d77699d,explicit_manifest_attested_archive,paper/data/source_archive/v8/C0180/o-kelly-2020-pmlr123.pdf,45e171299565b5c99026c1e589b0c74dd73bebc69c72449ef86009446d77699d,primary-batch-02,594a3658c9619454ff0312fd5c2d169c4fa4e7b1265149ef931dc1369e29d90b
DRAFT_C0182,C0182,F1TENTH2021F1tenthF1tenth,not_activated,sealed_duplicate_included,A-C0182-03;A-C0182-06,,false,main,paper/data/screening_releases/main/v8/evidence_packet_manifest.csv,1478c3e85b4796d4d8563fb6b708088dda35882567b1a896082d7ffab1144009,source-snapshot,repository-source,https://github.com/f1tenth/f1tenth_racetracks,commit b95c4eff766f6367d66b310ea20cd2c9563712c0 (default branch main),official_documentation,a38dcc6852a718efbd97b73d927a963ea1a9e1d9c869767112b481db9122a0e3,explicit_manifest_attested_archive,paper/data/source_archive/v8/C0182/f1tenth_racetracks_b95c4eff766f6367d66b310ea20cd2c9563712c0.tar.gz,a38dcc6852a718efbd97b73d927a963ea1a9e1d9c869767112b481db9122a0e3,primary-batch-05,1be6f81582ccd6795004ea26d8e1b5f95cc56be38b81107adcbf1d0cb5da9b7c
DRAFT_C0183,C0183,Song2021FlightmareFlexible,not_activated,sealed_duplicate_included,A-C0183-04;A-C0183-05,,false,calibration,paper/data/screening_releases/calibration/v8/evidence_packet_manifest.csv,8b15b04d2b14fce2c381fac53495ae8d9d59d805efd1955284b4d031430e0f82,primary-report,primary-report,https://proceedings.mlr.press/v155/song21a/song21a.pdf,PMLR-v155-2021,full_text,ac08a94f2a8a1dd614140626c5c9a808b7e40312ba3b37f27771ed22fd363447,explicit_manifest_attested_archive,paper/data/source_archive/v8/C0183/song-2021-pmlr155.pdf,ac08a94f2a8a1dd614140626c5c9a808b7e40312ba3b37f27771ed22fd363447,primary-batch-04,5f4711a3d60a2766086029a13681604f70223586415d898b960f2f0d65c800e6
DRAFT_C0188,C0188,IsaacLabNodateIsaacLab,not_activated,draft_adjudication_included,A-C0188-02;A-C0188-05,included,false,main,paper/data/screening_releases/main/v8/evidence_packet_manifest.csv,1478c3e85b4796d4d8563fb6b708088dda35882567b1a896082d7ffab1144009,page-snapshot,official-documentation,https://isaac-sim.github.io/IsaacLab/main/_modules/isaaclab/terrains/terrain_generator.html,Isaac Lab documentation 2.3.2,official_documentation,d0aa981cff7add4fee5a9bcc6e00725da20ec3fffe3c032e4ea3e4de8419f0ec,explicit_manifest_attested_archive,paper/data/source_archive/v8/C0188/isaaclab_terrain_generator_docs_v2.3.2.html,d0aa981cff7add4fee5a9bcc6e00725da20ec3fffe3c032e4ea3e4de8419f0ec,primary-batch-01,2f79e787eaea52c5eb4ac66370eb8cdabd007816163ceed1bf9a0fb0dbaae693
DRAFT_C0191,C0191,EclipseSUMONodateNetgenerate,not_activated,sealed_duplicate_included,A-C0191-02;A-C0191-05,,false,main,paper/data/screening_releases/main/v8/evidence_packet_manifest.csv,1478c3e85b4796d4d8563fb6b708088dda35882567b1a896082d7ffab1144009,page-snapshot,official-documentation,https://sumo.dlr.de/docs/netgenerate.html,SUMO netgenerate page last edited 2026-05-20,official_documentation,4395fde035273b595a81dfafd7f5cdb20ef4ba15dde20a7f666f57bea7d9a675,explicit_manifest_attested_archive,paper/data/source_archive/v8/C0191/sumo_netgenerate_docs_2026-05-20.html,4395fde035273b595a81dfafd7f5cdb20ef4ba15dde20a7f666f57bea7d9a675,primary-batch-03,02aaa999ad66e8d6353b9709827a3a10cae432c0d700ff1ede61a1cde0978669
DRAFT_C0194,C0194,Tai2023PyFlytUAV,not_activated,sealed_duplicate_included,A-C0194-02;A-C0194-03,,false,main,paper/data/screening_releases/main/v8/evidence_packet_manifest.csv,1478c3e85b4796d4d8563fb6b708088dda35882567b1a896082d7ffab1144009,primary-pdf,primary-report,https://arxiv.org/pdf/2304.01305,arXiv:2304.01305v1,full_text,fb6a9a04c8d96082515274edf2cf735df1680af0f76b2ad3921046381d826b46,explicit_manifest_attested_archive,paper/data/source_archive/v8/C0194/pyflyt_uav_simulation_rl_arxiv_2304.01305.pdf,fb6a9a04c8d96082515274edf2cf735df1680af0f76b2ad3921046381d826b46,primary-batch-02,15b58256dbef4ddd631ece48b4e5fc22c715ae08efa5251a568a2700eda4ea71
DRAFT_C0195,C0195,TUMFTM2020RaceTrack,not_activated,sealed_duplicate_included,A-C0195-02;A-C0195-04,,false,main,paper/data/screening_releases/main/v8/evidence_packet_manifest.csv,1478c3e85b4796d4d8563fb6b708088dda35882567b1a896082d7ffab1144009,source-snapshot,repository-source,https://github.com/TUMFTM/racetrack-database,commit e59595d1f3573b30d1ded6a08984935b957688e0 (default branch master),official_documentation,d821328e29f596a5d7118270a5e843087f243d986d2e5e48ab646ecd94df7d4e,explicit_manifest_attested_archive,paper/data/source_archive/v8/C0195/race_track_database_e59595d1f3573b30d1ded6a08984935b957688e0.tar.gz,d821328e29f596a5d7118270a5e843087f243d986d2e5e48ab646ecd94df7d4e,primary-batch-06,bb14b3dcd800593dbb4a549e847457f6463684d91a184ef789dc387171fcc6b5
DRAFT_C0196,C0196,FormulaStudentTeamDelft2026RandomTrack,not_activated,sealed_duplicate_included,A-C0196-04;A-C0196-06,,false,calibration,paper/data/screening_releases/calibration/v8/evidence_packet_manifest.csv,8b15b04d2b14fce2c381fac53495ae8d9d59d805efd1955284b4d031430e0f82,official-source,official-documentation,https://pypi.org/project/random-track-generator/1.1.0/,random-track-generator-1.1.0,official_documentation,fb056aff1f56c12eff7a52f3de4073bbb76e9ad063f07ad1668da78318d931f1,explicit_manifest_attested_archive,paper/data/source_archive/v8/C0196/random-track-generator-1.1.0.tar.gz,fb056aff1f56c12eff7a52f3de4073bbb76e9ad063f07ad1668da78318d931f1,primary-batch-03,d7e58b649e43c4643e52403f84004658d3d89ce35a197ac62e62918395dc0b34
DRAFT_C0198,C0198,RoboNation2026RoboBoat2026,not_activated,sealed_duplicate_included,A-C0198-01;A-C0198-02,,false,calibration,paper/data/screening_releases/calibration/v8/evidence_packet_manifest.csv,8b15b04d2b14fce2c381fac53495ae8d9d59d805efd1955284b4d031430e0f82,official-handbook,official-documentation,https://robonation.org/app/uploads/sites/3/2025/10/RoboBoat-2026-Team-Handbook_111125.pdf,RoboBoat-2026-Team-Handbook-111125,official_documentation,ee93f4b9775a646657cde91b442f4ed2daedc6f68e3db54e04316bea8e3b2d69,explicit_manifest_attested_archive,paper/data/source_archive/v8/C0198/roboboat-2026-team-handbook-111125.pdf,ee93f4b9775a646657cde91b442f4ed2daedc6f68e3db54e04316bea8e3b2d69,primary-batch-06,2d049cd51e26fc7f00aa55cd0aaad5696b5cbe41ed42816fa9bb831466b5956e
DRAFT_C0202,C0202,Rowe2025ScenarioDreamer,not_activated,sealed_duplicate_included,A-C0202-01;A-C0202-04,,false,main,paper/data/screening_releases/main/v8/evidence_packet_manifest.csv,1478c3e85b4796d4d8563fb6b708088dda35882567b1a896082d7ffab1144009,primary-pdf,primary-report,https://openaccess.thecvf.com/content/CVPR2025/papers/Rowe_Scenario_Dreamer_Vectorized_Latent_Diffusion_for_Generating_Driving_Simulation_Environments_CVPR_2025_paper.pdf,CVPR 2025 paper 01604,full_text,6fca1736e788f03046dd4f4e31125c7b75f87ad3544373a4fb2e04ca50a43466,explicit_manifest_attested_archive,paper/data/source_archive/v8/C0202/scenario_dreamer_cvpr_2025.pdf,6fca1736e788f03046dd4f4e31125c7b75f87ad3544373a4fb2e04ca50a43466,primary-batch-06,8f470f928cb89fcca42bebf13f6b42375c94b2f12231bfe1c00b52545e816a56
DRAFT_C0203,C0203,OpenRoboticsNodateSDFWorlds,not_activated,draft_adjudication_included,A-C0203-01;A-C0203-04,included,false,main,paper/data/screening_releases/main/v8/evidence_packet_manifest.csv,1478c3e85b4796d4d8563fb6b708088dda35882567b1a896082d7ffab1144009,page-snapshot,official-documentation,https://gazebosim.org/docs/harmonic/sdf_worlds/,Gazebo Harmonic documentation,official_documentation,74e40502aa45901ec1066dd551632190ce7643ed2bb23113c27590d182c92da1,explicit_manifest_attested_archive,paper/data/source_archive/v8/C0203/gazebo_harmonic_sdf_worlds.html,74e40502aa45901ec1066dd551632190ce7643ed2bb23113c27590d182c92da1,primary-batch-04,75902aef4a009caaa40ec5f8bff96a4183e2056b003a169e26dc4dccc49607ed
DRAFT_C0205,C0205,Chitta2025SLEDGESynthesizing,not_activated,sealed_duplicate_included,A-C0205-02;A-C0205-06,,false,main,paper/data/screening_releases/main/v8/evidence_packet_manifest.csv,1478c3e85b4796d4d8563fb6b708088dda35882567b1a896082d7ffab1144009,primary-pdf,primary-report,https://www.ecva.net/papers/eccv_2024/papers_ECCV/papers/00490.pdf,ECCV 2024 paper 00490,full_text,e404b4fe277269591688f2d054467f4cddc40072742e8ed40d76dd97f62407a5,explicit_manifest_attested_archive,paper/data/source_archive/v8/C0205/sledge_driving_environments_eccv_2024.pdf,e404b4fe277269591688f2d054467f4cddc40072742e8ed40d76dd97f62407a5,primary-batch-02,d76ca16790821f71983b7fa07c3fd00b41b0074c6a5531f4a3cfe39b4b52aa9f
DRAFT_C0211,C0211,WRSCIRSCOrganizingCommittee2019WorldRobotic,not_activated,sealed_duplicate_included,A-C0211-05;A-C0211-06,,false,main,paper/data/screening_releases/main/v8/evidence_packet_manifest.csv,1478c3e85b4796d4d8563fb6b708088dda35882567b1a896082d7ffab1144009,primary-pdf,official-documentation,https://www.roboticsailing.org/2019/rules/,WRSC 2019 Notice of Race and Competition Rules v1.1,official_documentation,36095256a3b7647b62049782c1e8fe87f3dcf33dd0f0e1982e5ecedf9929dbc2,explicit_manifest_attested_archive,paper/data/source_archive/v8/C0211/wrsc_2019_rules_v1.1.pdf,36095256a3b7647b62049782c1e8fe87f3dcf33dd0f0e1982e5ecedf9929dbc2,primary-batch-01,2016d243c95712590e83b2669e8b68da31d8a17d6f3facfc0876ea96708edb8a
