candidate_id,cite_key,title,authors,year,venue,doi,url,source_type,discovery_stream,discovery_query,discovery_agent,screening_status,exclusion_reason,metadata_status,metadata_evidence
C0001,,TORCS,,,,,https://sourceforge.net/projects/torcs/,simulator,bootstrap,docs/related-work/prior-art.rst; docs/related-work/state-of-the-art.rst,main,candidate,,unverified,"Unverified bootstrap mention: docs/related-work/prior-art.rst [1. Constructive segment/tile generators]; Unverified bootstrap mention: docs/related-work/state-of-the-art.rst [Constructive Segment, Tile, and Road-Block Generators]; Unverified bootstrap mention: docs/related-work/state-of-the-art.rst [Evolutionary and Metaheuristic Race-Track Generators]; Unverified bootstrap mention: docs/related-work/state-of-the-art.rst [Open-Source Implementations and Practical Baselines]"
C0002,,Speed Dreams,,,,,https://gitlab.com/speed-dreams/speed-dreams-code,simulator,bootstrap,docs/related-work/prior-art.rst; docs/related-work/state-of-the-art.rst,main,candidate,,unverified,"Unverified bootstrap mention: docs/related-work/prior-art.rst [1. Constructive segment/tile generators]; Unverified bootstrap mention: docs/related-work/state-of-the-art.rst [Constructive Segment, Tile, and Road-Block Generators]; Unverified bootstrap mention: docs/related-work/state-of-the-art.rst [Evolutionary and Metaheuristic Race-Track Generators]; Unverified bootstrap mention: docs/related-work/state-of-the-art.rst [Open-Source Implementations and Practical Baselines]"
C0003,,Interactive Track Generator for TORCS and Speed Dreams,,,,,,software,bootstrap,docs/related-work/prior-art.rst; docs/related-work/state-of-the-art.rst,main,candidate,,unverified,"Unverified bootstrap mention: docs/related-work/prior-art.rst [1. Constructive segment/tile generators]; Unverified bootstrap mention: docs/related-work/state-of-the-art.rst [Constructive Segment, Tile, and Road-Block Generators]; Indirect discovery pointer retained for provenance only (not metadata verification): https://en.wikipedia.org/wiki/Speed_Dreams"
C0004,,Closing the Affective Loop via Experience-Driven Reinforcement Learning Designers,Barthet et al.,2024,,,https://arxiv.org/abs/2408.06346,paper,bootstrap,docs/related-work/prior-art.rst; docs/related-work/state-of-the-art.rst,main,candidate,,unverified,"Unverified bootstrap mention: docs/related-work/prior-art.rst [1. Constructive segment/tile generators]; Unverified bootstrap mention: docs/related-work/prior-art.rst [Suggested Related-Work Buckets]; Unverified bootstrap mention: docs/related-work/state-of-the-art.rst [Constructive Segment, Tile, and Road-Block Generators]"
C0005,,Solid Rally,,,,,,software,bootstrap,docs/related-work/prior-art.rst; docs/related-work/state-of-the-art.rst,main,candidate,,unverified,"Unverified bootstrap mention: docs/related-work/prior-art.rst [1. Constructive segment/tile generators]; Unverified bootstrap mention: docs/related-work/state-of-the-art.rst [Constructive Segment, Tile, and Road-Block Generators]"
C0006,,Improving the Generalization of End-to-End Driving through Procedural Generation,Quanyi Li; Zhenghao Peng; Qihang Zhang; Chunxiao Liu; Bolei Zhou,2020,,,https://arxiv.org/abs/2012.13681,paper,bootstrap,docs/related-work/prior-art.rst; docs/related-work/state-of-the-art.rst,main,candidate,,unverified,"Unverified bootstrap mention: docs/related-work/prior-art.rst [1. Constructive segment/tile generators]; Unverified bootstrap mention: docs/related-work/prior-art.rst [7. Procedural road/city network generation]; Unverified bootstrap mention: docs/related-work/prior-art.rst [Suggested Related-Work Buckets]; Unverified bootstrap mention: docs/related-work/prior-art.rst [What Seems Unique]; Unverified bootstrap mention: docs/related-work/state-of-the-art.rst [Constructive Segment, Tile, and Road-Block Generators]; Unverified bootstrap mention: docs/related-work/state-of-the-art.rst [Open-Source Implementations and Practical Baselines]; Identity normalization reference only (Task 5 verification pending): https://arxiv.org/abs/2012.13681"
C0007,,OpenDRIVE,,,,,,standard,bootstrap,docs/related-work/prior-art.rst; docs/related-work/state-of-the-art.rst,main,candidate,,unverified,"Unverified bootstrap mention: docs/related-work/prior-art.rst [1. Constructive segment/tile generators]; Unverified bootstrap mention: docs/related-work/prior-art.rst [7. Procedural road/city network generation]; Unverified bootstrap mention: docs/related-work/prior-art.rst [Suggested Related-Work Buckets]; Unverified bootstrap mention: docs/related-work/state-of-the-art.rst [Constructive Segment, Tile, and Road-Block Generators]"
C0008,,Procedural Generation of Complex Roundabouts for Autonomous Vehicle Testing,Ikram; Muktadir; Whitehead,2023,,,https://arxiv.org/abs/2303.17900,paper,bootstrap,docs/related-work/prior-art.rst; docs/related-work/state-of-the-art.rst,main,candidate,,unverified,"Unverified bootstrap mention: docs/related-work/prior-art.rst [1. Constructive segment/tile generators]; Unverified bootstrap mention: docs/related-work/prior-art.rst [Suggested Related-Work Buckets]; Unverified bootstrap mention: docs/related-work/state-of-the-art.rst [Constructive Segment, Tile, and Road-Block Generators]"
C0009,,Automatic Track Generation for High-End Racing Games Using Evolutionary Computation,Loiacono; Cardamone; Lanzi,2011,,10.1109/tciaig.2011.2163692,https://doi.org/10.1109/tciaig.2011.2163692,paper,bootstrap,docs/related-work/state-of-the-art.rst,main,candidate,,unverified,Unverified bootstrap mention: docs/related-work/state-of-the-art.rst [Evolutionary and Metaheuristic Race-Track Generators]; Identity normalization reference only (Task 5 verification pending): https://doi.org/10.1109/tciaig.2011.2163692; Indirect discovery pointer retained for provenance only (not metadata verification): https://www.semanticscholar.org/paper/e2633f542e8e9b673e98c68d0e6e6c6d13fe5ed0
C0010,,Making Racing Fun Through Player Modeling and Track Evolution,Togelius; De Nardi; Lucas,2006,,,,paper,bootstrap,docs/related-work/state-of-the-art.rst,main,candidate,,unverified,Unverified bootstrap mention: docs/related-work/state-of-the-art.rst [Evolutionary and Metaheuristic Race-Track Generators]
C0011,,Search-Based Procedural Content Generation for Race Tracks in Video Games,Prasetya; Maulidevi,2016,,10.15676/ijeei.2016.8.4.6,https://doi.org/10.15676/ijeei.2016.8.4.6,paper,bootstrap,docs/related-work/state-of-the-art.rst,main,candidate,,unverified,Unverified bootstrap mention: docs/related-work/state-of-the-art.rst [Evolutionary and Metaheuristic Race-Track Generators]
C0012,,Comparative Analysis of Metaheuristic Algorithms for Procedural Race Track Generation in Games,Alyaseri; Conner,2024,,10.4018/ijamc.350330,https://doi.org/10.4018/ijamc.350330,paper,bootstrap,docs/related-work/state-of-the-art.rst,main,candidate,,unverified,Unverified bootstrap mention: docs/related-work/state-of-the-art.rst [Evolutionary and Metaheuristic Race-Track Generators]
C0013,,Procedural Generation of Isometric Racetracks Using Chain Code for Racing Games,Erik Jhones F. do Nascimento; Tassiana M. Castro; Ana Carolina S. Abreu; Filipe A. Lira; Amauri H. Souza,2021,2021 20th Brazilian Symposium on Computer Games and Digital Entertainment (SBGames),10.1109/sbgames54170.2021.00025,https://doi.org/10.1109/sbgames54170.2021.00025,paper,bootstrap,docs/related-work/state-of-the-art.rst,main,candidate,,unverified,Unverified bootstrap mention: docs/related-work/state-of-the-art.rst [Evolutionary and Metaheuristic Race-Track Generators]; Identity normalization reference only (Task 5 verification pending): https://doi.org/10.1109/sbgames54170.2021.00025; Indirect discovery pointer retained for provenance only (not metadata verification): https://www.semanticscholar.org/paper/c0f0a3de8bc973ce258554153f2c4846e9765287
C0014,,Automatic Generation of Challenging Road Networks for ALKS Testing based on Bezier Curves and Search,Klueck; Klampfl; Wotawa,2021,,,https://arxiv.org/abs/2103.01288,paper,bootstrap,docs/related-work/prior-art.rst; docs/related-work/state-of-the-art.rst,main,candidate,,unverified,Unverified bootstrap mention: docs/related-work/prior-art.rst [2. Search over spline/control-point road geometry]; Unverified bootstrap mention: docs/related-work/prior-art.rst [Suggested Related-Work Buckets]; Unverified bootstrap mention: docs/related-work/state-of-the-art.rst [Search over Splines and Control Points]
C0015,,Automated Lane Keeping Systems (ALKS),,,,,,standard,bootstrap,docs/related-work/prior-art.rst; docs/related-work/state-of-the-art.rst,main,candidate,,unverified,Unverified bootstrap mention: docs/related-work/prior-art.rst [2. Search over spline/control-point road geometry]; Unverified bootstrap mention: docs/related-work/state-of-the-art.rst [Search over Splines and Control Points]
C0016,,Replay-Guided Adversarial Environment Design / REPAIRED,Jiang et al.,2021,NeurIPS,,https://arxiv.org/abs/2110.02439,paper,bootstrap,docs/related-work/prior-art.rst; docs/related-work/state-of-the-art.rst,main,candidate,,unverified,"Unverified bootstrap mention: docs/related-work/prior-art.rst [4. RL, UED, and procedural racing levels]; Unverified bootstrap mention: docs/related-work/prior-art.rst [Suggested Related-Work Buckets]; Unverified bootstrap mention: docs/related-work/state-of-the-art.rst [Search over Splines and Control Points]"
C0017,,Gymnasium / OpenAI Gym CarRacing,,,,,https://github.com/Farama-Foundation/Gymnasium/blob/main/gymnasium/envs/box2d/car_racing.py,benchmark,bootstrap,docs/related-work/prior-art.rst; docs/related-work/state-of-the-art.rst,main,candidate,,unverified,"Unverified bootstrap mention: docs/related-work/prior-art.rst [4. RL, UED, and procedural racing levels]; Unverified bootstrap mention: docs/related-work/prior-art.rst [What Seems Unique]; Unverified bootstrap mention: docs/related-work/state-of-the-art.rst [Open-Source Implementations and Practical Baselines]; Unverified bootstrap mention: docs/related-work/state-of-the-art.rst [Search over Splines and Control Points]"
C0018,,CLUTR: Curriculum Learning via Unsupervised Task Representation Learning,Azad et al.,2022,,,https://arxiv.org/abs/2210.10243,paper,bootstrap,docs/related-work/prior-art.rst; docs/related-work/state-of-the-art.rst,main,candidate,,unverified,"Unverified bootstrap mention: docs/related-work/prior-art.rst [4. RL, UED, and procedural racing levels]; Unverified bootstrap mention: docs/related-work/prior-art.rst [Suggested Related-Work Buckets]; Unverified bootstrap mention: docs/related-work/prior-art.rst [What Seems Unique]; Unverified bootstrap mention: docs/related-work/state-of-the-art.rst [Search over Splines and Control Points]"
C0019,,Prioritized Level Replay,Jiang et al.,2020,,,https://arxiv.org/abs/2010.03934,paper,bootstrap,docs/related-work/prior-art.rst; docs/related-work/state-of-the-art.rst,main,candidate,,unverified,"Unverified bootstrap mention: docs/related-work/prior-art.rst [4. RL, UED, and procedural racing levels]; Unverified bootstrap mention: docs/related-work/prior-art.rst [Suggested Related-Work Buckets]; Unverified bootstrap mention: docs/related-work/prior-art.rst [What Seems Unique]; Unverified bootstrap mention: docs/related-work/state-of-the-art.rst [Search over Splines and Control Points]"
C0020,,Emergent Complexity and Zero-shot Transfer via Unsupervised Environment Design / PAIRED,Dennis et al.,2020,,,https://arxiv.org/abs/2012.02096,paper,bootstrap,docs/related-work/prior-art.rst; docs/related-work/state-of-the-art.rst,main,candidate,,unverified,"Unverified bootstrap mention: docs/related-work/prior-art.rst [4. RL, UED, and procedural racing levels]; Unverified bootstrap mention: docs/related-work/prior-art.rst [Suggested Related-Work Buckets]; Unverified bootstrap mention: docs/related-work/state-of-the-art.rst [Search over Splines and Control Points]"
C0021,,Evolving Curricula with Regret-Based Environment Design / ACCEL,Parker-Holder et al.,2022,,,https://arxiv.org/abs/2203.01302,paper,bootstrap,docs/related-work/prior-art.rst; docs/related-work/state-of-the-art.rst,main,candidate,,unverified,"Unverified bootstrap mention: docs/related-work/prior-art.rst [4. RL, UED, and procedural racing levels]; Unverified bootstrap mention: docs/related-work/prior-art.rst [Suggested Related-Work Buckets]; Unverified bootstrap mention: docs/related-work/state-of-the-art.rst [Search over Splines and Control Points]"
C0022,,Automatically Testing Self-Driving Cars with Search-Based Procedural Content Generation / ASFault,Gambi; Mueller; Fraser,2019,,10.1145/3293882.3330566,https://doi.org/10.1145/3293882.3330566,paper,bootstrap,docs/related-work/prior-art.rst; docs/related-work/state-of-the-art.rst,main,candidate,,unverified,Unverified bootstrap mention: docs/related-work/prior-art.rst [7. Procedural road/city network generation]; Unverified bootstrap mention: docs/related-work/prior-art.rst [Suggested Related-Work Buckets]; Unverified bootstrap mention: docs/related-work/state-of-the-art.rst [Search over Splines and Control Points]
C0023,,Model-based Exploration of the Frontier of Behaviours for Deep Learning System Testing,Vincenzo Riccio; Paolo Tonella,2020,,,https://arxiv.org/abs/2007.02787,paper,bootstrap,docs/related-work/state-of-the-art.rst,main,candidate,,unverified,Unverified bootstrap mention: docs/related-work/state-of-the-art.rst [Search over Splines and Control Points]; Identity normalization reference only (Task 5 verification pending): https://arxiv.org/abs/2007.02787
C0024,,Diversity-guided Search Exploration for Self-driving Cars Test Generation through Frenet Space Encoding,Timo Blattner; Christian Birchler; Timo Kehrer; Sebastiano Panichella,2024,,,https://arxiv.org/abs/2401.14682,paper,bootstrap,docs/related-work/state-of-the-art.rst,main,candidate,,unverified,Unverified bootstrap mention: docs/related-work/state-of-the-art.rst [Search over Splines and Control Points]; Identity normalization reference only (Task 5 verification pending): https://arxiv.org/abs/2401.14682
C0025,,AirSim Drone Racing Lab,Madaan et al.,2020,,,https://arxiv.org/abs/2003.05654; https://github.com/microsoft/AirSim,paper,bootstrap,docs/related-work/prior-art.rst; docs/related-work/state-of-the-art.rst,main,candidate,,unverified,Unverified bootstrap mention: docs/related-work/prior-art.rst [5. Drone racing and 3D gate-course generation]; Unverified bootstrap mention: docs/related-work/prior-art.rst [Suggested Related-Work Buckets]; Unverified bootstrap mention: docs/related-work/state-of-the-art.rst [3D Gate and Waypoint Course Generators]; Unverified bootstrap mention: docs/related-work/state-of-the-art.rst [Open-Source Implementations and Practical Baselines]
C0026,,Autonomous Drone Racing with Deep Reinforcement Learning,Song; Steinweg; Kaufmann; Scaramuzza,2021,IROS,,https://arxiv.org/abs/2103.08624,paper,bootstrap,docs/related-work/prior-art.rst; docs/related-work/state-of-the-art.rst,main,candidate,,unverified,Unverified bootstrap mention: docs/related-work/prior-art.rst [5. Drone racing and 3D gate-course generation]; Unverified bootstrap mention: docs/related-work/state-of-the-art.rst [3D Gate and Waypoint Course Generators]
C0027,,Learning Generalizable Policy for Obstacle-Aware Autonomous Drone Racing,Liu et al.,2024,,,https://arxiv.org/abs/2411.04246,paper,bootstrap,docs/related-work/prior-art.rst; docs/related-work/state-of-the-art.rst,main,candidate,,unverified,Unverified bootstrap mention: docs/related-work/prior-art.rst [5. Drone racing and 3D gate-course generation]; Unverified bootstrap mention: docs/related-work/prior-art.rst [Suggested Related-Work Buckets]; Unverified bootstrap mention: docs/related-work/state-of-the-art.rst [3D Gate and Waypoint Course Generators]
C0028,,Isaac Gym,,,,,,simulator,bootstrap,docs/related-work/prior-art.rst; docs/related-work/state-of-the-art.rst,main,candidate,,unverified,Unverified bootstrap mention: docs/related-work/prior-art.rst [5. Drone racing and 3D gate-course generation]; Unverified bootstrap mention: docs/related-work/state-of-the-art.rst [3D Gate and Waypoint Course Generators]
C0029,,Outracing champion Gran Turismo drivers with deep reinforcement learning / GT Sophy,Wurman et al.,2022,Nature,10.1038/s41586-021-04357-7,https://www.nature.com/articles/s41586-021-04357-7,paper,bootstrap,docs/related-work/state-of-the-art.rst,main,candidate,,unverified,Unverified bootstrap mention: docs/related-work/state-of-the-art.rst [Boundary Case: Racing Agents on Fixed Tracks]
C0030,,Gran Turismo,,,,,,software,bootstrap,docs/related-work/state-of-the-art.rst,main,candidate,,unverified,Unverified bootstrap mention: docs/related-work/state-of-the-art.rst [Boundary Case: Racing Agents on Fixed Tracks]
C0031,,Super-Human Performance in Gran Turismo Sport Using Deep Reinforcement Learning,Fuchs et al.,2020/2021,,,https://arxiv.org/abs/2008.07971,paper,bootstrap,docs/related-work/state-of-the-art.rst,main,candidate,,unverified,Unverified bootstrap mention: docs/related-work/state-of-the-art.rst [Boundary Case: Racing Agents on Fixed Tracks]
C0032,,A Super-human Vision-based Reinforcement Learning Agent for Autonomous Racing in Gran Turismo,Miguel Vasco; Takuma Seno; Kenta Kawamoto; Kaushik Subramanian; Peter R. Wurman; Peter Stone,2024,Reinforcement Learning Conference,,https://arxiv.org/abs/2406.12563,paper,bootstrap,docs/related-work/state-of-the-art.rst,main,candidate,,unverified,Unverified bootstrap mention: docs/related-work/state-of-the-art.rst [Boundary Case: Racing Agents on Fixed Tracks]; Identity normalization reference only (Task 5 verification pending): https://arxiv.org/abs/2406.12563
C0033,,A Champion-level Vision-based Reinforcement Learning Agent for Competitive Racing in Gran Turismo 7,Hojoon Lee; Takuma Seno; Jun Jet Tai; Kaushik Subramanian; Kenta Kawamoto; Peter Stone; Peter R. Wurman,2025,,,https://arxiv.org/abs/2504.09021,paper,bootstrap,docs/related-work/state-of-the-art.rst,main,candidate,,unverified,Unverified bootstrap mention: docs/related-work/state-of-the-art.rst [Boundary Case: Racing Agents on Fixed Tracks]; Identity normalization reference only (Task 5 verification pending): https://arxiv.org/abs/2504.09021
C0034,,Gran Turismo Sport,,,,,,software,bootstrap,docs/related-work/state-of-the-art.rst,main,candidate,,unverified,Unverified bootstrap mention: docs/related-work/state-of-the-art.rst [Boundary Case: Racing Agents on Fixed Tracks]
C0035,,Gran Turismo 7,,,,,,software,bootstrap,docs/related-work/state-of-the-art.rst,main,candidate,,unverified,Unverified bootstrap mention: docs/related-work/state-of-the-art.rst [Boundary Case: Racing Agents on Fixed Tracks]
C0036,,Generating a Racing Line for an Autonomous Racecar Using Professional Driving Techniques,Theodosis; Gerdes,2011,,10.1115/dscc2011-6097,https://doi.org/10.1115/dscc2011-6097,paper,bootstrap,docs/related-work/state-of-the-art.rst,main,candidate,,unverified,Unverified bootstrap mention: docs/related-work/state-of-the-art.rst [Boundary Case: Racing-Line Optimization on Fixed Tracks]
C0037,,Race driver model,Braghin et al.,2008,,10.1016/j.compstruc.2007.04.028,https://doi.org/10.1016/j.compstruc.2007.04.028,paper,bootstrap,docs/related-work/state-of-the-art.rst,main,candidate,,unverified,Unverified bootstrap mention: docs/related-work/state-of-the-art.rst [Boundary Case: Racing-Line Optimization on Fixed Tracks]
C0038,,Minimum curvature trajectory planning and control for an autonomous race car,Heilmeier et al.,2020,,10.1080/00423114.2019.1631455,https://doi.org/10.1080/00423114.2019.1631455,paper,bootstrap,docs/related-work/state-of-the-art.rst,main,candidate,,unverified,Unverified bootstrap mention: docs/related-work/state-of-the-art.rst [Boundary Case: Racing-Line Optimization on Fixed Tracks]
C0039,,Optimization of the Driving Line on a Race Track,Muehlmeier; Mueller,2002,,10.4271/2002-01-3339,https://doi.org/10.4271/2002-01-3339,paper,bootstrap,docs/related-work/state-of-the-art.rst,main,candidate,,unverified,Unverified bootstrap mention: docs/related-work/state-of-the-art.rst [Boundary Case: Racing-Line Optimization on Fixed Tracks]
C0040,,Searching for the optimal racing line using genetic algorithms,Cardamone et al.,2010,,10.1109/itw.2010.5593330,https://doi.org/10.1109/itw.2010.5593330,paper,bootstrap,docs/related-work/state-of-the-art.rst,main,candidate,,unverified,Unverified bootstrap mention: docs/related-work/state-of-the-art.rst [Boundary Case: Racing-Line Optimization on Fixed Tracks]
C0041,,Time-optimal trajectory planning for a race car considering variable tyre-road friction coefficients,Christ et al.,2021,,10.1080/00423114.2019.1704804,https://doi.org/10.1080/00423114.2019.1704804,paper,bootstrap,docs/related-work/state-of-the-art.rst,main,candidate,,unverified,Unverified bootstrap mention: docs/related-work/state-of-the-art.rst [Boundary Case: Racing-Line Optimization on Fixed Tracks]
C0042,,Computing the racing line using Bayesian optimization,Jain; Morari,2020,,10.1109/cdc42340.2020.9304147,https://doi.org/10.1109/cdc42340.2020.9304147,paper,bootstrap,docs/related-work/state-of-the-art.rst,main,candidate,,unverified,Unverified bootstrap mention: docs/related-work/state-of-the-art.rst [Boundary Case: Racing-Line Optimization on Fixed Tracks]
C0043,,Learning at the Racetrack,Kapania; Gerdes,2020,,10.1109/tvt.2020.2998065,https://doi.org/10.1109/tvt.2020.2998065,paper,bootstrap,docs/related-work/state-of-the-art.rst,main,candidate,,unverified,Unverified bootstrap mention: docs/related-work/state-of-the-art.rst [Boundary Case: Racing-Line Optimization on Fixed Tracks]
C0044,,Optimization-based Path Planning for an Autonomous Vehicle in a Racing Track,Bonab; Emadi,2019,,10.1109/iecon.2019.8926856,https://doi.org/10.1109/iecon.2019.8926856,paper,bootstrap,docs/related-work/state-of-the-art.rst,main,candidate,,unverified,Unverified bootstrap mention: docs/related-work/state-of-the-art.rst [Boundary Case: Racing-Line Optimization on Fixed Tracks]
C0045,,Box2D,,,,,,software,bootstrap,docs/related-work/state-of-the-art.rst,main,candidate,,unverified,Unverified bootstrap mention: docs/related-work/state-of-the-art.rst [Open-Source Implementations and Practical Baselines]
C0046,,MetaDrive: Composing Diverse Driving Scenarios for Generalizable Reinforcement Learning,Quanyi Li; Zhenghao Peng; Lan Feng; Qihang Zhang; Zhenghai Xue; Bolei Zhou,2021,,,https://arxiv.org/abs/2109.12674; https://github.com/metadriverse/metadrive,paper,bootstrap,docs/related-work/state-of-the-art.rst,main,candidate,,unverified,Unverified bootstrap mention: docs/related-work/state-of-the-art.rst [Open-Source Implementations and Practical Baselines]; Identity normalization reference only (Task 5 verification pending): https://arxiv.org/abs/2109.12674; Identity normalization reference only (Task 5 verification pending): https://github.com/metadriverse/metadrive
C0047,,ChickenKorma/Track-Generator,,,,,https://github.com/ChickenKorma/Track-Generator,software,bootstrap,docs/related-work/state-of-the-art.rst,main,candidate,,unverified,Unverified bootstrap mention: docs/related-work/state-of-the-art.rst [Open-Source Implementations and Practical Baselines]
C0048,,Unity,,,,,,software,bootstrap,docs/related-work/state-of-the-art.rst,main,candidate,,unverified,"Unverified bootstrap mention: docs/related-work/state-of-the-art.rst [Curve Thickness, Ropelength, and Tangent-Point/Sobolev Methods]; Unverified bootstrap mention: docs/related-work/state-of-the-art.rst [Open-Source Implementations and Practical Baselines]"
C0049,,Drallig/ProceduralTrack,,,,,https://github.com/Drallig/ProceduralTrack,software,bootstrap,docs/related-work/state-of-the-art.rst,main,candidate,,unverified,Unverified bootstrap mention: docs/related-work/state-of-the-art.rst [Open-Source Implementations and Practical Baselines]
C0050,,meraccos/random_car_racing_track_generator,,,,,https://github.com/meraccos/random_car_racing_track_generator,software,bootstrap,docs/related-work/state-of-the-art.rst,main,candidate,,unverified,Unverified bootstrap mention: docs/related-work/state-of-the-art.rst [Open-Source Implementations and Practical Baselines]
C0051,,h3h3h0h0/Racetrackgen2,,,,,https://github.com/h3h3h0h0/Racetrackgen2,software,bootstrap,docs/related-work/state-of-the-art.rst,main,candidate,,unverified,Unverified bootstrap mention: docs/related-work/state-of-the-art.rst [Open-Source Implementations and Practical Baselines]
C0052,,Procedural Modeling of Cities,Yoav I. H. Parish; Pascal Müller,2001,SIGGRAPH,10.1145/383259.383292,https://doi.org/10.1145/383259.383292,paper,bootstrap,docs/related-work/prior-art.rst; docs/related-work/state-of-the-art.rst,main,candidate,,unverified,Unverified bootstrap mention: docs/related-work/prior-art.rst [7. Procedural road/city network generation]; Unverified bootstrap mention: docs/related-work/prior-art.rst [Suggested Related-Work Buckets]; Unverified bootstrap mention: docs/related-work/state-of-the-art.rst [Procedural Road and Street Networks]; Identity normalization reference only (Task 5 verification pending): https://doi.org/10.1145/383259.383292; Indirect discovery pointer retained for provenance only (not metadata verification): https://en.wikipedia.org/wiki/CityEngine
C0053,,ArcGIS CityEngine,,,,,https://www.esri.com/en-us/arcgis/products/arcgis-cityengine/overview,software,bootstrap,docs/related-work/prior-art.rst; docs/related-work/state-of-the-art.rst,main,candidate,,unverified,Unverified bootstrap mention: docs/related-work/prior-art.rst [7. Procedural road/city network generation]; Unverified bootstrap mention: docs/related-work/state-of-the-art.rst [Procedural Road and Street Networks]; Identity normalization reference only (Task 5 verification pending): https://www.esri.com/en-us/arcgis/products/arcgis-cityengine/overview; Indirect discovery pointer retained for provenance only (not metadata verification): https://en.wikipedia.org/wiki/CityEngine
C0054,,Interactive Procedural Street Modeling,Chen et al.,2008,SIGGRAPH,,https://www.peterwonka.net/Publications/pdfs/2008.SG.Chen.InteractiveProceduralStreetModeling.pdf,paper,bootstrap,docs/related-work/prior-art.rst; docs/related-work/state-of-the-art.rst,main,candidate,,unverified,Unverified bootstrap mention: docs/related-work/prior-art.rst [7. Procedural road/city network generation]; Unverified bootstrap mention: docs/related-work/prior-art.rst [Suggested Related-Work Buckets]; Unverified bootstrap mention: docs/related-work/state-of-the-art.rst [Procedural Road and Street Networks]
C0055,,"Global Curvature, Thickness, and the Ideal Shapes of Knots",Oscar Gonzalez; John H. Maddocks,1999,PNAS,10.1073/pnas.96.9.4769,https://doi.org/10.1073/pnas.96.9.4769,paper,bootstrap,docs/related-work/prior-art.rst; docs/related-work/state-of-the-art.rst,main,candidate,,unverified,"Unverified bootstrap mention: docs/related-work/prior-art.rst [8. Curve self-avoidance, thickness, and repulsive geometry]; Unverified bootstrap mention: docs/related-work/state-of-the-art.rst [Curve Thickness, Ropelength, and Tangent-Point/Sobolev Methods]; Identity normalization reference only (Task 5 verification pending): https://doi.org/10.1073/pnas.96.9.4769; Indirect discovery pointer retained for provenance only (not metadata verification): https://en.wikipedia.org/wiki/Knot_thickness"
C0056,,On the Minimum Ropelength of Knots and Links,Jason Cantarella; Rob Kusner; John M Sullivan,2001,,,https://arxiv.org/abs/math/0103224,paper,bootstrap,docs/related-work/state-of-the-art.rst,main,candidate,,unverified,"Unverified bootstrap mention: docs/related-work/state-of-the-art.rst [Curve Thickness, Ropelength, and Tangent-Point/Sobolev Methods]; Identity normalization reference only (Task 5 verification pending): https://arxiv.org/abs/math/0103224"
C0057,,Repulsive Curves,Yu; Schumacher; Crane,2020/2021,SIGGRAPH,,https://arxiv.org/abs/2006.07859,paper,bootstrap,docs/related-work/prior-art.rst; docs/related-work/state-of-the-art.rst,main,candidate,,unverified,"Unverified bootstrap mention: docs/related-work/prior-art.rst [8. Curve self-avoidance, thickness, and repulsive geometry]; Unverified bootstrap mention: docs/related-work/prior-art.rst [What Seems Unique]; Unverified bootstrap mention: docs/related-work/state-of-the-art.rst [Curve Thickness, Ropelength, and Tangent-Point/Sobolev Methods]; Unverified bootstrap mention: docs/related-work/state-of-the-art.rst [Positioning TrackGen]"
C0058,,From Generation to Gameplay: Authoring Race Tracks With Repulsive Curves,Henrich; Koetter,2025,,10.1109/tg.2025.3561107,https://doi.org/10.1109/tg.2025.3561107,paper,bootstrap,docs/related-work/state-of-the-art.rst,main,candidate,,unverified,"Unverified bootstrap mention: docs/related-work/state-of-the-art.rst [Curve Thickness, Ropelength, and Tangent-Point/Sobolev Methods]; Unverified bootstrap mention: docs/related-work/state-of-the-art.rst [Positioning TrackGen]; Identity normalization reference only (Task 5 verification pending): https://doi.org/10.1109/tg.2025.3561107; Indirect discovery pointer retained for provenance only (not metadata verification): https://www.semanticscholar.org/paper/3f14835119333af2313791ddd4e4265e661a6353"
C0059,,Tangent-point energies and ropelength as Gamma-limit of discrete tangent-point energies on biarc curves,Lagemann; von der Mosel,2022,,,https://arxiv.org/abs/2203.16383,paper,bootstrap,docs/related-work/state-of-the-art.rst,main,candidate,,unverified,"Unverified bootstrap mention: docs/related-work/state-of-the-art.rst [Curve Thickness, Ropelength, and Tangent-Point/Sobolev Methods]"
C0060,,Position Based Dynamics,Mueller et al.,2007,,,https://matthias-research.github.io/pages/publications/posBasedDyn.pdf,paper,bootstrap,docs/related-work/prior-art.rst; docs/related-work/state-of-the-art.rst,main,candidate,,unverified,"Unverified bootstrap mention: docs/related-work/prior-art.rst [4. RL, UED, and procedural racing levels]; Unverified bootstrap mention: docs/related-work/prior-art.rst [5. Drone racing and 3D gate-course generation]; Unverified bootstrap mention: docs/related-work/prior-art.rst [6. Autonomous-racing labs, platforms, and downstream consumers]; Unverified bootstrap mention: docs/related-work/prior-art.rst [7. Procedural road/city network generation]; Unverified bootstrap mention: docs/related-work/prior-art.rst [8. Curve self-avoidance, thickness, and repulsive geometry]; Unverified bootstrap mention: docs/related-work/prior-art.rst [9. PBD / XPBD and constraint projection]; Unverified bootstrap mention: docs/related-work/prior-art.rst [Racetrack Generation Prior Art]; Unverified bootstrap mention: docs/related-work/prior-art.rst [Suggested Positioning Sentence]; Unverified bootstrap mention: docs/related-work/prior-art.rst [Suggested Related-Work Buckets]; Unverified bootstrap mention: docs/related-work/prior-art.rst [What Seems Unique]; Unverified bootstrap mention: docs/related-work/state-of-the-art.rst [Curve Thickness, Ropelength, and Tangent-Point/Sobolev Methods]; Unverified bootstrap mention: docs/related-work/state-of-the-art.rst [Position-Based Constraint Projection]; Unverified bootstrap mention: docs/related-work/state-of-the-art.rst [Positioning TrackGen]; Unverified bootstrap mention: docs/related-work/state-of-the-art.rst [Track Generation State of the Art]"
C0061,,XPBD: Position-Based Simulation of Compliant Constrained Dynamics,Macklin et al.,2016,,,https://matthias-research.github.io/pages/publications/XPBD.pdf,paper,bootstrap,docs/generators/benchmarks.rst; docs/related-work/prior-art.rst; docs/related-work/state-of-the-art.rst; docs/superpowers/specs/2026-06-23-gate-sequence-generation-design.md; docs/tutorials/gate-sequences.rst,main,candidate,,unverified,"Unverified bootstrap mention: docs/generators/benchmarks.rst [Metric Definitions]; Unverified bootstrap mention: docs/related-work/prior-art.rst [4. RL, UED, and procedural racing levels]; Unverified bootstrap mention: docs/related-work/prior-art.rst [5. Drone racing and 3D gate-course generation]; Unverified bootstrap mention: docs/related-work/prior-art.rst [6. Autonomous-racing labs, platforms, and downstream consumers]; Unverified bootstrap mention: docs/related-work/prior-art.rst [8. Curve self-avoidance, thickness, and repulsive geometry]; Unverified bootstrap mention: docs/related-work/prior-art.rst [9. PBD / XPBD and constraint projection]; Unverified bootstrap mention: docs/related-work/prior-art.rst [Racetrack Generation Prior Art]; Unverified bootstrap mention: docs/related-work/prior-art.rst [Suggested Positioning Sentence]; Unverified bootstrap mention: docs/related-work/prior-art.rst [Suggested Related-Work Buckets]; Unverified bootstrap mention: docs/related-work/prior-art.rst [What Seems Unique]; Unverified bootstrap mention: docs/related-work/state-of-the-art.rst [Curve Thickness, Ropelength, and Tangent-Point/Sobolev Methods]; Unverified bootstrap mention: docs/related-work/state-of-the-art.rst [Position-Based Constraint Projection]; Unverified bootstrap mention: docs/related-work/state-of-the-art.rst [Positioning TrackGen]; Unverified bootstrap mention: docs/related-work/state-of-the-art.rst [Track Generation State of the Art]; Unverified bootstrap mention: docs/superpowers/specs/2026-06-23-gate-sequence-generation-design.md [Goal]; Unverified bootstrap mention: docs/superpowers/specs/2026-06-23-gate-sequence-generation-design.md [Validity]; Unverified bootstrap mention: docs/tutorials/gate-sequences.rst [Generating Gate Sequences for Drone Courses]"
C0062,,Differentiable Robotic Manipulation of Deformable Rope-like Objects Using Compliant Position-based Dynamics,Liu et al.,2022,,,https://arxiv.org/abs/2202.09714,paper,bootstrap,docs/related-work/state-of-the-art.rst,main,candidate,,unverified,Unverified bootstrap mention: docs/related-work/state-of-the-art.rst [Position-Based Constraint Projection]
C0063,,TrackGen,,,,,,software,bootstrap,docs/generators/benchmarks.rst; docs/related-work/prior-art.rst; docs/related-work/state-of-the-art.rst; docs/superpowers/specs/2026-06-23-gate-sequence-generation-design.md; docs/tutorials/gate-sequences.rst,main,candidate,,unverified,"Unverified bootstrap mention: docs/generators/benchmarks.rst [Generator Benchmarks]; Unverified bootstrap mention: docs/generators/benchmarks.rst [Metric Definitions]; Unverified bootstrap mention: docs/related-work/prior-art.rst [1. Constructive segment/tile generators]; Unverified bootstrap mention: docs/related-work/prior-art.rst [2. Search over spline/control-point road geometry]; Unverified bootstrap mention: docs/related-work/prior-art.rst [4. RL, UED, and procedural racing levels]; Unverified bootstrap mention: docs/related-work/prior-art.rst [5. Drone racing and 3D gate-course generation]; Unverified bootstrap mention: docs/related-work/prior-art.rst [6. Autonomous-racing labs, platforms, and downstream consumers]; Unverified bootstrap mention: docs/related-work/prior-art.rst [8. Curve self-avoidance, thickness, and repulsive geometry]; Unverified bootstrap mention: docs/related-work/prior-art.rst [9. PBD / XPBD and constraint projection]; Unverified bootstrap mention: docs/related-work/prior-art.rst [Racetrack Generation Prior Art]; Unverified bootstrap mention: docs/related-work/prior-art.rst [Suggested Positioning Sentence]; Unverified bootstrap mention: docs/related-work/prior-art.rst [What Seems Unique]; Unverified bootstrap mention: docs/related-work/prior-art.rst [Where TrackGen Lands]; Unverified bootstrap mention: docs/related-work/state-of-the-art.rst [3D Gate and Waypoint Course Generators]; Unverified bootstrap mention: docs/related-work/state-of-the-art.rst [Boundary Case: Racing-Line Optimization on Fixed Tracks]; Unverified bootstrap mention: docs/related-work/state-of-the-art.rst [Curve Thickness, Ropelength, and Tangent-Point/Sobolev Methods]; Unverified bootstrap mention: docs/related-work/state-of-the-art.rst [Position-Based Constraint Projection]; Unverified bootstrap mention: docs/related-work/state-of-the-art.rst [Positioning TrackGen]; Unverified bootstrap mention: docs/related-work/state-of-the-art.rst [Search over Splines and Control Points]; Unverified bootstrap mention: docs/superpowers/specs/2026-06-23-gate-sequence-generation-design.md [Gate-Native Registry]; Unverified bootstrap mention: docs/superpowers/specs/2026-06-23-gate-sequence-generation-design.md [Generator Semantics]; Unverified bootstrap mention: docs/superpowers/specs/2026-06-23-gate-sequence-generation-design.md [Goal]; Unverified bootstrap mention: docs/superpowers/specs/2026-06-23-gate-sequence-generation-design.md [Implementation Boundaries]; Unverified bootstrap mention: docs/superpowers/specs/2026-06-23-gate-sequence-generation-design.md [Public API]; Unverified bootstrap mention: docs/superpowers/specs/2026-06-23-gate-sequence-generation-design.md [Testing]; Unverified bootstrap mention: docs/tutorials/gate-sequences.rst [Buffer Reuse and Snapshots]; Unverified bootstrap mention: docs/tutorials/gate-sequences.rst [Building the Gate Config]; Unverified bootstrap mention: docs/tutorials/gate-sequences.rst [Gate Figure]; Unverified bootstrap mention: docs/tutorials/gate-sequences.rst [Generating Gate Sequences for Drone Courses]; Unverified bootstrap mention: docs/tutorials/gate-sequences.rst [Generating the Gate Sequence]; Unverified bootstrap mention: docs/tutorials/gate-sequences.rst [Prerequisites]; Unverified bootstrap mention: docs/tutorials/gate-sequences.rst [The gate_solve_iters Collision Behavior]"
C0064,,NVIDIA Warp,,,,,,software,bootstrap,docs/generators/benchmarks.rst; docs/related-work/prior-art.rst; docs/related-work/state-of-the-art.rst; docs/superpowers/specs/2026-06-23-gate-sequence-generation-design.md; docs/tutorials/gate-sequences.rst,main,candidate,,unverified,Unverified bootstrap mention: docs/generators/benchmarks.rst [Generator Benchmarks]; Unverified bootstrap mention: docs/related-work/prior-art.rst [What Seems Unique]; Unverified bootstrap mention: docs/related-work/prior-art.rst [Where TrackGen Lands]; Unverified bootstrap mention: docs/related-work/state-of-the-art.rst [Positioning TrackGen]; Unverified bootstrap mention: docs/superpowers/specs/2026-06-23-gate-sequence-generation-design.md [Implementation Boundaries]; Unverified bootstrap mention: docs/superpowers/specs/2026-06-23-gate-sequence-generation-design.md [Public API]; Unverified bootstrap mention: docs/superpowers/specs/2026-06-23-gate-sequence-generation-design.md [Testing]; Unverified bootstrap mention: docs/tutorials/gate-sequences.rst [Buffer Reuse and Snapshots]; Unverified bootstrap mention: docs/tutorials/gate-sequences.rst [Building the Gate Config]; Unverified bootstrap mention: docs/tutorials/gate-sequences.rst [Generating the Gate Sequence]
C0065,,CUDA / CUDA Graphs,,,,,,software,bootstrap,docs/related-work/prior-art.rst; docs/related-work/state-of-the-art.rst; docs/superpowers/specs/2026-06-23-gate-sequence-generation-design.md; docs/tutorials/gate-sequences.rst,main,candidate,,unverified,Unverified bootstrap mention: docs/related-work/prior-art.rst [What Seems Unique]; Unverified bootstrap mention: docs/related-work/prior-art.rst [Where TrackGen Lands]; Unverified bootstrap mention: docs/related-work/state-of-the-art.rst [Positioning TrackGen]; Unverified bootstrap mention: docs/superpowers/specs/2026-06-23-gate-sequence-generation-design.md [Implementation Boundaries]; Unverified bootstrap mention: docs/superpowers/specs/2026-06-23-gate-sequence-generation-design.md [Testing]; Unverified bootstrap mention: docs/tutorials/gate-sequences.rst [Generating the Gate Sequence]
C0066,,Go-Explore,,,,,,paper,bootstrap,docs/related-work/prior-art.rst,main,candidate,,unverified,Unverified bootstrap mention: docs/related-work/prior-art.rst [1. Constructive segment/tile generators]
C0067,,Towards Automatic Personalised Content Creation for Racing Games,Julian Togelius; Renzo De Nardi; Simon M. Lucas,2007,IEEE CIG,10.1109/cig.2007.368106,https://doi.org/10.1109/cig.2007.368106,paper,bootstrap,docs/related-work/prior-art.rst,main,candidate,,unverified,Unverified bootstrap mention: docs/related-work/prior-art.rst [2. Search over spline/control-point road geometry]; Unverified bootstrap mention: docs/related-work/prior-art.rst [Suggested Related-Work Buckets]; Identity normalization reference only (Task 5 verification pending): https://doi.org/10.1109/cig.2007.368106; Indirect discovery pointer retained for provenance only (not metadata verification): https://ar5iv.org/html/2408.06346v1
C0068,,Search-Based Procedural Content Generation: A Taxonomy and Survey,Julian Togelius; Georgios N. Yannakakis; Kenneth O. Stanley; Cameron Browne,2011,,10.1109/tciaig.2011.2148116,https://doi.org/10.1109/tciaig.2011.2148116,survey,bootstrap,docs/related-work/prior-art.rst,main,candidate,,unverified,Unverified bootstrap mention: docs/related-work/prior-art.rst [3. Experience-driven and search-based PCG frameworks]; Unverified bootstrap mention: docs/related-work/prior-art.rst [Suggested Related-Work Buckets]; Identity normalization reference only (Task 5 verification pending): https://doi.org/10.1109/tciaig.2011.2148116; Indirect discovery pointer retained for provenance only (not metadata verification): https://ar5iv.org/html/2408.06346v1
C0069,,Experience-Driven Procedural Content Generation,G. N. Yannakakis; J. Togelius,2011,,10.1109/t-affc.2011.6,https://doi.org/10.1109/t-affc.2011.6,paper,bootstrap,docs/related-work/prior-art.rst,main,candidate,,unverified,Unverified bootstrap mention: docs/related-work/prior-art.rst [3. Experience-driven and search-based PCG frameworks]; Unverified bootstrap mention: docs/related-work/prior-art.rst [Suggested Related-Work Buckets]; Identity normalization reference only (Task 5 verification pending): https://doi.org/10.1109/t-affc.2011.6; Indirect discovery pointer retained for provenance only (not metadata verification): https://ar5iv.org/html/2408.06346v1
C0070,,Procedural Content Generation for Games,Mark Hendrikx; Sebastiaan Meijer; Joeri Van Der Velden; Alexandru Iosup,2013,,10.1145/2422956.2422957,https://doi.org/10.1145/2422956.2422957,survey,bootstrap,docs/related-work/prior-art.rst,main,candidate,,unverified,Unverified bootstrap mention: docs/related-work/prior-art.rst [3. Experience-driven and search-based PCG frameworks]; Identity normalization reference only (Task 5 verification pending): https://doi.org/10.1145/2422956.2422957; Indirect discovery pointer retained for provenance only (not metadata verification): https://ar5iv.org/html/2408.06346v1
C0071,,Leveraging Procedural Generation to Benchmark Reinforcement Learning / Procgen,Cobbe et al.,2019,,,https://arxiv.org/abs/1912.01588,paper,bootstrap,docs/related-work/prior-art.rst,main,candidate,,unverified,"Unverified bootstrap mention: docs/related-work/prior-art.rst [4. RL, UED, and procedural racing levels]; Unverified bootstrap mention: docs/related-work/prior-art.rst [Suggested Related-Work Buckets]"
C0073,,Deep Drone Racing: Learning Agile Flight in Dynamic Environments,Kaufmann; Loquercio; Ranftl; Dosovitskiy; Koltun; Scaramuzza,2018,CoRL,,https://arxiv.org/abs/1806.08548,paper,bootstrap,docs/related-work/prior-art.rst,main,candidate,,unverified,Unverified bootstrap mention: docs/related-work/prior-art.rst [5. Drone racing and 3D gate-course generation]
C0074,,Deep Drone Racing: From Simulation to Reality with Domain Randomization,Loquercio; Kaufmann; Ranftl; Dosovitskiy; Koltun; Scaramuzza,2019,,,https://arxiv.org/abs/1905.09727,paper,bootstrap,docs/related-work/prior-art.rst,main,candidate,,unverified,Unverified bootstrap mention: docs/related-work/prior-art.rst [5. Drone racing and 3D gate-course generation]
C0075,,AlphaPilot: Autonomous Drone Racing,Foehn et al.,2020/2021,,,https://arxiv.org/abs/2005.12813,paper,bootstrap,docs/related-work/prior-art.rst,main,candidate,,unverified,Unverified bootstrap mention: docs/related-work/prior-art.rst [5. Drone racing and 3D gate-course generation]; Unverified bootstrap mention: docs/related-work/prior-art.rst [Suggested Related-Work Buckets]
C0076,,Champion-level Drone Racing using Deep Reinforcement Learning / Swift,Kaufmann et al.,2023,Nature,,https://www.nature.com/articles/s41586-023-06419-4,paper,bootstrap,docs/related-work/prior-art.rst,main,candidate,,unverified,Unverified bootstrap mention: docs/related-work/prior-art.rst [5. Drone racing and 3D gate-course generation]; Unverified bootstrap mention: docs/related-work/prior-art.rst [Suggested Related-Work Buckets]
C0077,,Reaching the Limit in Autonomous Racing: Optimal Control versus Reinforcement Learning,Song; Romero; Mueller; Koltun; Scaramuzza,2023,Science Robotics,,https://arxiv.org/abs/2310.10943,paper,bootstrap,docs/related-work/prior-art.rst,main,candidate,,unverified,Unverified bootstrap mention: docs/related-work/prior-art.rst [5. Drone racing and 3D gate-course generation]; Unverified bootstrap mention: docs/related-work/prior-art.rst [Suggested Related-Work Buckets]
C0078,,MPCC++: Model Predictive Contouring Control for Time-Optimal Flight with Safety Constraints,Krinner; Romero; Bauersfeld; Zeilinger; Carron; Scaramuzza,2024,RSS,,https://arxiv.org/abs/2403.17551,paper,bootstrap,docs/related-work/prior-art.rst,main,candidate,,unverified,Unverified bootstrap mention: docs/related-work/prior-art.rst [5. Drone racing and 3D gate-course generation]
C0079,,Deep Latent Competition: Learning to Race Using Visual Control Policies in Latent Space,Wilko Schwarting; Tim Seyde; Igor Gilitschenski; Lucas Liebenwein; Ryan Sander; Sertac Karaman; Daniela Rus,2021,,,https://arxiv.org/abs/2102.09812,paper,bootstrap,docs/related-work/prior-art.rst,main,candidate,,unverified,"Unverified bootstrap mention: docs/related-work/prior-art.rst [6. Autonomous-racing labs, platforms, and downstream consumers]; Identity normalization reference only (Task 5 verification pending): https://arxiv.org/abs/2102.09812"
C0080,,Latent Imagination Facilitates Zero-Shot Transfer in Autonomous Racing,Axel Brunnbauer; Luigi Berducci; Andreas Brandstätter; Mathias Lechner; Ramin Hasani; Daniela Rus; Radu Grosu,2021,,,https://arxiv.org/abs/2103.04909,paper,bootstrap,docs/related-work/prior-art.rst,main,candidate,,unverified,"Unverified bootstrap mention: docs/related-work/prior-art.rst [6. Autonomous-racing labs, platforms, and downstream consumers]; Identity normalization reference only (Task 5 verification pending): https://arxiv.org/abs/2103.04909"
C0081,,"VISTA 2.0: An Open, Data-driven Simulator for Multimodal Sensing and Policy Learning for Autonomous Vehicles",Alexander Amini; Tsun-Hsuan Wang; Igor Gilitschenski; Wilko Schwarting; Zhijian Liu; Song Han; Sertac Karaman; Daniela Rus,2021,,,https://arxiv.org/abs/2111.12083,simulator,bootstrap,docs/related-work/prior-art.rst,main,candidate,,unverified,"Unverified bootstrap mention: docs/related-work/prior-art.rst [6. Autonomous-racing labs, platforms, and downstream consumers]; Unverified bootstrap mention: docs/related-work/prior-art.rst [Suggested Related-Work Buckets]; Identity normalization reference only (Task 5 verification pending): https://arxiv.org/abs/2111.12083"
C0082,,MIT RACECAR,,,,,,platform,bootstrap,docs/related-work/prior-art.rst,main,candidate,,unverified,"Unverified bootstrap mention: docs/related-work/prior-art.rst [6. Autonomous-racing labs, platforms, and downstream consumers]; Unverified bootstrap mention: docs/related-work/prior-art.rst [Suggested Related-Work Buckets]"
C0083,,"Unifying F1TENTH Autonomous Racing: Survey, Methods and Benchmarks",Evans et al.,2024,,,https://arxiv.org/abs/2402.18558,survey,bootstrap,docs/related-work/prior-art.rst,main,candidate,,unverified,"Unverified bootstrap mention: docs/related-work/prior-art.rst [6. Autonomous-racing labs, platforms, and downstream consumers]; Unverified bootstrap mention: docs/related-work/prior-art.rst [Racetrack Generation Prior Art]; Unverified bootstrap mention: docs/related-work/prior-art.rst [Suggested Related-Work Buckets]; Unverified bootstrap mention: docs/related-work/prior-art.rst [What Seems Unique]"
C0084,,Advancing Autonomous Racing: A Comprehensive Survey of the RoboRacer (F1TENTH) Platform,Israel Charles; Hossein Maghsoumi; Yaser Fallah,2025,,,https://arxiv.org/abs/2506.15899,survey,bootstrap,docs/related-work/prior-art.rst,main,candidate,,unverified,"Unverified bootstrap mention: docs/related-work/prior-art.rst [6. Autonomous-racing labs, platforms, and downstream consumers]; Unverified bootstrap mention: docs/related-work/prior-art.rst [Racetrack Generation Prior Art]; Unverified bootstrap mention: docs/related-work/prior-art.rst [Suggested Related-Work Buckets]; Unverified bootstrap mention: docs/related-work/prior-art.rst [What Seems Unique]; Identity normalization reference only (Task 5 verification pending): https://arxiv.org/abs/2506.15899"
C0085,,Optimization-Based Autonomous Racing of 1:43 Scale RC Cars,Liniger; Domahidi; Morari,2015/2017,,,https://arxiv.org/abs/1711.07300,paper,bootstrap,docs/related-work/prior-art.rst,main,candidate,,unverified,"Unverified bootstrap mention: docs/related-work/prior-art.rst [6. Autonomous-racing labs, platforms, and downstream consumers]; Unverified bootstrap mention: docs/related-work/prior-art.rst [Racetrack Generation Prior Art]; Unverified bootstrap mention: docs/related-work/prior-art.rst [Suggested Related-Work Buckets]; Unverified bootstrap mention: docs/related-work/prior-art.rst [What Seems Unique]"
C0086,,TUM autonomous motorsport: An autonomous racing software for the Indy Autonomous Challenge,Johannes Betz; Tobias Betz; Felix Fent; Maximilian Geisslinger; Alexander Heilmeier; Leonhard Hermansdorfer; Thomas Herrmann; Sebastian Huch; Phillip Karle; Markus Lienkamp; Boris Lohmann; Felix Nobis; Levent Ögretmen; Matthias Rowold; Florian Sauerbeck; Tim Stahl; Rainer Trauth; Frederik Werner; Alexander Wischnewski,2022,,,https://arxiv.org/abs/2205.15979,paper,bootstrap,docs/related-work/prior-art.rst,main,candidate,,unverified,"Unverified bootstrap mention: docs/related-work/prior-art.rst [6. Autonomous-racing labs, platforms, and downstream consumers]; Unverified bootstrap mention: docs/related-work/prior-art.rst [Racetrack Generation Prior Art]; Unverified bootstrap mention: docs/related-work/prior-art.rst [Suggested Related-Work Buckets]; Unverified bootstrap mention: docs/related-work/prior-art.rst [What Seems Unique]; Identity normalization reference only (Task 5 verification pending): https://arxiv.org/abs/2205.15979"
C0087,,Indy Autonomous Challenge -- Autonomous Race Cars at the Handling Limits,Alexander Wischnewski; Maximilian Geisslinger; Johannes Betz; Tobias Betz; Felix Fent; Alexander Heilmeier; Leonhard Hermansdorfer; Thomas Herrmann; Sebastian Huch; Phillip Karle; Felix Nobis; Levent Ögretmen; Matthias Rowold; Florian Sauerbeck; Tim Stahl; Rainer Trauth; Markus Lienkamp; Boris Lohmann,2022,,,https://arxiv.org/abs/2202.03807,paper,bootstrap,docs/related-work/prior-art.rst,main,candidate,,unverified,"Unverified bootstrap mention: docs/related-work/prior-art.rst [6. Autonomous-racing labs, platforms, and downstream consumers]; Identity normalization reference only (Task 5 verification pending): https://arxiv.org/abs/2202.03807"
C0088,,Indy Autonomous Challenge,,,,,,competition,bootstrap,docs/related-work/prior-art.rst,main,candidate,,unverified,"Unverified bootstrap mention: docs/related-work/prior-art.rst [6. Autonomous-racing labs, platforms, and downstream consumers]; Unverified bootstrap mention: docs/related-work/prior-art.rst [Suggested Related-Work Buckets]; Unverified bootstrap mention: docs/related-work/prior-art.rst [What Seems Unique]"
C0089,,AutoRally: An Open Platform for Aggressive Autonomous Driving,Goldfain et al.,2018,,,https://arxiv.org/abs/1806.00678,paper,bootstrap,docs/related-work/prior-art.rst,main,candidate,,unverified,"Unverified bootstrap mention: docs/related-work/prior-art.rst [6. Autonomous-racing labs, platforms, and downstream consumers]; Unverified bootstrap mention: docs/related-work/prior-art.rst [Racetrack Generation Prior Art]; Unverified bootstrap mention: docs/related-work/prior-art.rst [Suggested Related-Work Buckets]; Unverified bootstrap mention: docs/related-work/prior-art.rst [What Seems Unique]"
C0090,,CMU Driverless Intelligent Vehicles Lab / DRIVE Lab,,,,,https://www.ri.cmu.edu/robotics-groups/driverless-intelligent-vehicles-lab/,lab,bootstrap,docs/related-work/prior-art.rst,main,candidate,,unverified,"Unverified bootstrap mention: docs/related-work/prior-art.rst [6. Autonomous-racing labs, platforms, and downstream consumers]; Unverified bootstrap mention: docs/related-work/prior-art.rst [Racetrack Generation Prior Art]; Unverified bootstrap mention: docs/related-work/prior-art.rst [Suggested Related-Work Buckets]; Unverified bootstrap mention: docs/related-work/prior-art.rst [What Seems Unique]"
C0091,,AI Racing Tech,,,,,,competition_system,bootstrap,docs/related-work/prior-art.rst,main,candidate,,unverified,"Unverified bootstrap mention: docs/related-work/prior-art.rst [6. Autonomous-racing labs, platforms, and downstream consumers]; Unverified bootstrap mention: docs/related-work/prior-art.rst [Suggested Related-Work Buckets]"
C0092,,Learning Model Predictive Control with Error Dynamics Regression for Autonomous Racing,Xue; Zhu; Dolan; Borrelli,2023,,,https://arxiv.org/abs/2309.10716,paper,bootstrap,docs/related-work/prior-art.rst,main,candidate,,unverified,"Unverified bootstrap mention: docs/related-work/prior-art.rst [6. Autonomous-racing labs, platforms, and downstream consumers]"
C0093,,Towards Safety Assured End-to-End Vision-Based Control for Autonomous Racing,Kalaria; Lin; Dolan,2023,,,https://arxiv.org/abs/2303.02267,paper,bootstrap,docs/related-work/prior-art.rst,main,candidate,,unverified,"Unverified bootstrap mention: docs/related-work/prior-art.rst [6. Autonomous-racing labs, platforms, and downstream consumers]"
C0094,,Adaptive Planning and Control with Time-Varying Tire Models for Autonomous Racing Using Extreme Learning Machine,Kalaria; Lin; Dolan,2023,,,https://arxiv.org/abs/2303.08235,paper,bootstrap,docs/related-work/prior-art.rst,main,candidate,,unverified,"Unverified bootstrap mention: docs/related-work/prior-art.rst [6. Autonomous-racing labs, platforms, and downstream consumers]"
C0095,,LLA-MPC: Fast Adaptive Control for Autonomous Racing,AL-Sunni; Almubarak; Horng; Dolan,2025,,,https://arxiv.org/abs/2505.19512,paper,bootstrap,docs/related-work/prior-art.rst,main,candidate,,unverified,"Unverified bootstrap mention: docs/related-work/prior-art.rst [6. Autonomous-racing labs, platforms, and downstream consumers]"
C0096,,Autonomous Vehicles on the Edge: A Survey on Autonomous Vehicle Racing,Betz et al.,2022,,,https://arxiv.org/abs/2202.07008,survey,bootstrap,docs/related-work/prior-art.rst,main,candidate,,unverified,"Unverified bootstrap mention: docs/related-work/prior-art.rst [6. Autonomous-racing labs, platforms, and downstream consumers]"
C0097,,HDMapGen,,,,,,software,bootstrap,docs/related-work/prior-art.rst,main,candidate,,unverified,Unverified bootstrap mention: docs/related-work/prior-art.rst [7. Procedural road/city network generation]
C0098,,OSM,,,,,,software,bootstrap,docs/related-work/prior-art.rst,main,candidate,,unverified,Unverified bootstrap mention: docs/related-work/prior-art.rst [7. Procedural road/city network generation]
C0099,,Position-Based Multi-Agent Dynamics for Real-Time Crowd Simulation,Weiss et al.,2017/2018,,,https://arxiv.org/abs/1802.02673,paper,bootstrap,docs/related-work/prior-art.rst,main,candidate,,unverified,Unverified bootstrap mention: docs/related-work/prior-art.rst [9. PBD / XPBD and constraint projection]; Unverified bootstrap mention: docs/related-work/prior-art.rst [Suggested Related-Work Buckets]
C0100,,uv,,,,,,software,bootstrap,docs/tutorials/gate-sequences.rst,main,candidate,,unverified,Unverified bootstrap mention: docs/tutorials/gate-sequences.rst [Prerequisites]
