search_id,search_date,stream,agent,query,search_surface,results_screened,candidates_added,notes
S0001,2026-06-29,bootstrap,main,docs/related-work/state-of-the-art.rst,local-corpus,95,65,"Unit: inventoried visible named-mention occurrences in this local file, including repeated heading and summary occurrences; not comparable to or pooled with search-engine result counts."
S0002,2026-06-29,bootstrap,main,docs/related-work/prior-art.rst,local-corpus,188,33,"Unit: inventoried visible named-mention occurrences in this local file, including repeated heading and summary occurrences; not comparable to or pooled with search-engine result counts."
S0003,2026-06-29,bootstrap,main,docs/generators/benchmarks.rst,local-corpus,6,0,"Unit: inventoried visible named-mention occurrences in this local file, including repeated heading and summary occurrences; not comparable to or pooled with search-engine result counts."
S0004,2026-06-29,bootstrap,main,docs/tutorials/gate-sequences.rst,local-corpus,15,1,"Unit: inventoried visible named-mention occurrences in this local file, including repeated heading and summary occurrences; not comparable to or pooled with search-engine result counts."
S0005,2026-06-29,bootstrap,main,docs/superpowers/specs/2026-06-23-gate-sequence-generation-design.md,local-corpus,15,0,"Unit: inventoried visible named-mention occurrences in this local file, including repeated heading and summary occurrences; not comparable to or pooled with search-engine result counts."
S0006,2026-06-29,blind-ground,blind-ground,autonomous racing procedural track generation paper robot,mixed-primary-web,NR,NR,Source: paper/data/agent_runs/blind-ground.md; section: Discovery Queries / Autonomous Racing and Simulators. Per-query screened-hit and candidate-add counts were not captured.
S0007,2026-06-29,blind-ground,blind-ground,F1TENTH procedural track generator paper,mixed-primary-web,NR,NR,Source: paper/data/agent_runs/blind-ground.md; section: Discovery Queries / Autonomous Racing and Simulators. Per-query screened-hit and candidate-add counts were not captured.
S0008,2026-06-29,blind-ground,blind-ground,autonomous race track generation reinforcement learning random tracks paper,mixed-primary-web,NR,NR,Source: paper/data/agent_runs/blind-ground.md; section: Discovery Queries / Autonomous Racing and Simulators. Per-query screened-hit and candidate-add counts were not captured.
S0009,2026-06-29,blind-ground,blind-ground,autonomous racing simulator procedural tracks RaceCarGym paper,mixed-primary-web,NR,NR,Source: paper/data/agent_runs/blind-ground.md; section: Discovery Queries / Autonomous Racing and Simulators. Per-query screened-hit and candidate-add counts were not captured.
S0010,2026-06-29,blind-ground,blind-ground,OpenAI Gym CarRacing random track generation official repository paper,mixed-primary-web,NR,NR,Source: paper/data/agent_runs/blind-ground.md; section: Discovery Queries / Autonomous Racing and Simulators. Per-query screened-hit and candidate-add counts were not captured.
S0011,2026-06-29,blind-ground,blind-ground,procedural road maps driving reinforcement learning simulator random tracks benchmark,mixed-primary-web,NR,NR,Source: paper/data/agent_runs/blind-ground.md; section: Discovery Queries / Autonomous Racing and Simulators. Per-query screened-hit and candidate-add counts were not captured.
S0012,2026-06-29,blind-ground,blind-ground,site:f1tenth-gym.readthedocs.io random track generator OpenAI CarRacing,mixed-primary-web,NR,NR,Source: paper/data/agent_runs/blind-ground.md; section: Discovery Queries / Autonomous Racing and Simulators. Per-query screened-hit and candidate-add counts were not captured.
S0013,2026-06-29,blind-ground,blind-ground,site:github.com/f1tenth f1tenth_gym random track generator,mixed-primary-web,NR,NR,Source: paper/data/agent_runs/blind-ground.md; section: Discovery Queries / Autonomous Racing and Simulators. Per-query screened-hit and candidate-add counts were not captured.
S0014,2026-06-29,blind-ground,blind-ground,F1TENTH gym paper simulation environment official,mixed-primary-web,NR,NR,Source: paper/data/agent_runs/blind-ground.md; section: Discovery Queries / Autonomous Racing and Simulators. Per-query screened-hit and candidate-add counts were not captured.
S0015,2026-06-29,blind-ground,blind-ground,"""random track generator"" F1TENTH",mixed-primary-web,NR,NR,Source: paper/data/agent_runs/blind-ground.md; section: Discovery Queries / Autonomous Racing and Simulators. Per-query screened-hit and candidate-add counts were not captured.
S0016,2026-06-29,blind-ground,blind-ground,Formula Student Driverless random track generator official repository FSSIM paper,mixed-primary-web,NR,NR,Source: paper/data/agent_runs/blind-ground.md; section: Discovery Queries / Autonomous Racing and Simulators. Per-query screened-hit and candidate-add counts were not captured.
S0017,2026-06-29,blind-ground,blind-ground,FSSIM open source autonomous racing simulator track generator paper,mixed-primary-web,NR,NR,Source: paper/data/agent_runs/blind-ground.md; section: Discovery Queries / Autonomous Racing and Simulators. Per-query screened-hit and candidate-add counts were not captured.
S0018,2026-06-29,blind-ground,blind-ground,FSDS simulator procedural track generation Formula Student official,mixed-primary-web,NR,NR,Source: paper/data/agent_runs/blind-ground.md; section: Discovery Queries / Autonomous Racing and Simulators. Per-query screened-hit and candidate-add counts were not captured.
S0019,2026-06-29,blind-ground,blind-ground,Formula Student cone track procedural generation research paper,mixed-primary-web,NR,NR,Source: paper/data/agent_runs/blind-ground.md; section: Discovery Queries / Autonomous Racing and Simulators. Per-query screened-hit and candidate-add counts were not captured.
S0020,2026-06-29,blind-ground,blind-ground,"""procedural pipeline"" ""unique race"" tracks autonomous racing",mixed-primary-web,NR,NR,Source: paper/data/agent_runs/blind-ground.md; section: Discovery Queries / Autonomous Racing and Simulators. Per-query screened-hit and candidate-add counts were not captured.
S0021,2026-06-29,blind-ground,blind-ground,autonomous racing training procedurally generated race tracks sim-to-real paper,mixed-primary-web,NR,NR,Source: paper/data/agent_runs/blind-ground.md; section: Discovery Queries / Autonomous Racing and Simulators. Per-query screened-hit and candidate-add counts were not captured.
S0022,2026-06-29,blind-ground,blind-ground,robot race procedural track generator unseen tracks paper,mixed-primary-web,NR,NR,Source: paper/data/agent_runs/blind-ground.md; section: Discovery Queries / Autonomous Racing and Simulators. Per-query screened-hit and candidate-add counts were not captured.
S0023,2026-06-29,blind-ground,blind-ground,"""procedural race track generation for domain randomization"" Behrens PDF",mixed-primary-web,NR,NR,Source: paper/data/agent_runs/blind-ground.md; section: Discovery Queries / Autonomous Racing and Simulators. Per-query screened-hit and candidate-add counts were not captured.
S0024,2026-06-29,blind-ground,blind-ground,"""Technical Reports in Computing Science"" ""CS-01-2020""",mixed-primary-web,NR,NR,Source: paper/data/agent_runs/blind-ground.md; section: Discovery Queries / Autonomous Racing and Simulators. Per-query screened-hit and candidate-add counts were not captured.
S0025,2026-06-29,blind-ground,blind-ground,site:dl.acm.org racing track procedural generation evolutionary TORCS,mixed-primary-web,NR,NR,Source: paper/data/agent_runs/blind-ground.md; section: Discovery Queries / Racing-Game Geometry Transfer. Per-query screened-hit and candidate-add counts were not captured.
S0026,2026-06-29,blind-ground,blind-ground,site:ieeexplore.ieee.org racing track generation evolutionary computation game,mixed-primary-web,NR,NR,Source: paper/data/agent_runs/blind-ground.md; section: Discovery Queries / Racing-Game Geometry Transfer. Per-query screened-hit and candidate-add counts were not captured.
S0027,2026-06-29,blind-ground,blind-ground,"""procedural generation"" racetracks racing games paper DOI",mixed-primary-web,NR,NR,Source: paper/data/agent_runs/blind-ground.md; section: Discovery Queries / Racing-Game Geometry Transfer. Per-query screened-hit and candidate-add counts were not captured.
S0028,2026-06-29,blind-ground,blind-ground,"""Making Racing Fun Through Player Modeling and Track Evolution""",mixed-primary-web,NR,NR,Source: paper/data/agent_runs/blind-ground.md; section: Discovery Queries / Racing-Game Geometry Transfer. Per-query screened-hit and candidate-add counts were not captured.
S0029,2026-06-29,blind-ground,blind-ground,race track generation entropy curvature speed profiles evolutionary paper,mixed-primary-web,NR,NR,Source: paper/data/agent_runs/blind-ground.md; section: Discovery Queries / Racing-Game Geometry Transfer. Per-query screened-hit and candidate-add counts were not captured.
S0030,2026-06-29,blind-ground,blind-ground,"""Interactive evolution for the procedural generation of tracks"" ACM",mixed-primary-web,NR,NR,Source: paper/data/agent_runs/blind-ground.md; section: Discovery Queries / Racing-Game Geometry Transfer. Per-query screened-hit and candidate-add counts were not captured.
S0031,2026-06-29,blind-ground,blind-ground,"""Making Racing Fun Through Player Modeling and Track Evolution"" Springer",mixed-primary-web,NR,NR,Source: paper/data/agent_runs/blind-ground.md; section: Discovery Queries / Racing-Game Geometry Transfer. Per-query screened-hit and candidate-add counts were not captured.
S0032,2026-06-29,blind-ground,blind-ground,"""Search-based procedural content generation for race tracks"" official journal",mixed-primary-web,NR,NR,Source: paper/data/agent_runs/blind-ground.md; section: Discovery Queries / Racing-Game Geometry Transfer. Per-query screened-hit and candidate-add counts were not captured.
S0033,2026-06-29,blind-ground,blind-ground,"""Automatic Track Generation for High-End Racing Games Using Evolutionary Computation"" DOI",mixed-primary-web,NR,NR,Source: paper/data/agent_runs/blind-ground.md; section: Discovery Queries / Racing-Game Geometry Transfer. Per-query screened-hit and candidate-add counts were not captured.
S0034,2026-06-29,blind-ground,blind-ground,"""Racing Tracks Improvisation"" IEEE official",mixed-primary-web,NR,NR,Source: paper/data/agent_runs/blind-ground.md; section: Discovery Queries / Racing-Game Geometry Transfer. Per-query screened-hit and candidate-add counts were not captured.
S0035,2026-06-29,blind-ground,blind-ground,"site:sbgames.org/proceedings2021 ""Procedural Generation of Isometric Racetracks Using Chain Code""",mixed-primary-web,NR,NR,Source: paper/data/agent_runs/blind-ground.md; section: Discovery Queries / Racing-Game Geometry Transfer. Per-query screened-hit and candidate-add counts were not captured.
S0036,2026-06-29,blind-ground,blind-ground,"""From Generation to Gameplay: Authoring Race Tracks With Repulsive Curves""",mixed-primary-web,NR,NR,Source: paper/data/agent_runs/blind-ground.md; section: Discovery Queries / Racing-Game Geometry Transfer. Per-query screened-hit and candidate-add counts were not captured.
S0037,2026-06-29,blind-ground,blind-ground,autonomous vehicle testing road generation procedural paper AsFault,mixed-primary-web,NR,NR,Source: paper/data/agent_runs/blind-ground.md; section: Discovery Queries / Autonomous-Vehicle Road and Map Generation. Per-query screened-hit and candidate-add counts were not captured.
S0038,2026-06-29,blind-ground,blind-ground,site:dl.acm.org autonomous driving road generation testing DeepHyperion DeepJanus,mixed-primary-web,NR,NR,Source: paper/data/agent_runs/blind-ground.md; section: Discovery Queries / Autonomous-Vehicle Road and Map Generation. Per-query screened-hit and candidate-add counts were not captured.
S0039,2026-06-29,blind-ground,blind-ground,site:ieeexplore.ieee.org procedural road generation autonomous vehicle testing OpenDRIVE,mixed-primary-web,NR,NR,Source: paper/data/agent_runs/blind-ground.md; section: Discovery Queries / Autonomous-Vehicle Road and Map Generation. Per-query screened-hit and candidate-add counts were not captured.
S0040,2026-06-29,blind-ground,blind-ground,JunctionArt procedural generation high-definition road networks official paper,mixed-primary-web,NR,NR,Source: paper/data/agent_runs/blind-ground.md; section: Discovery Queries / Autonomous-Vehicle Road and Map Generation. Per-query screened-hit and candidate-add counts were not captured.
S0041,2026-06-29,blind-ground,blind-ground,RoadGen generating road scenarios autonomous vehicle testing official repository,mixed-primary-web,NR,NR,Source: paper/data/agent_runs/blind-ground.md; section: Discovery Queries / Autonomous-Vehicle Road and Map Generation. Per-query screened-hit and candidate-add counts were not captured.
S0042,2026-06-29,blind-ground,blind-ground,"""DeepHyperion"" autonomous driving road official paper",mixed-primary-web,NR,NR,Source: paper/data/agent_runs/blind-ground.md; section: Discovery Queries / Autonomous-Vehicle Road and Map Generation. Per-query screened-hit and candidate-add counts were not captured.
S0043,2026-06-29,blind-ground,blind-ground,"""DeepJanus"" autonomous driving roads paper official",mixed-primary-web,NR,NR,Source: paper/data/agent_runs/blind-ground.md; section: Discovery Queries / Autonomous-Vehicle Road and Map Generation. Per-query screened-hit and candidate-add counts were not captured.
S0044,2026-06-29,blind-ground,blind-ground,"""Automatically testing self-driving cars"" AsFault official ACM",mixed-primary-web,NR,NR,Source: paper/data/agent_runs/blind-ground.md; section: Discovery Queries / Autonomous-Vehicle Road and Map Generation. Per-query screened-hit and candidate-add counts were not captured.
S0045,2026-06-29,blind-ground,blind-ground,search based road generation autonomous driving BeamNG test generation paper,mixed-primary-web,NR,NR,Source: paper/data/agent_runs/blind-ground.md; section: Discovery Queries / Autonomous-Vehicle Road and Map Generation. Per-query screened-hit and candidate-add counts were not captured.
S0046,2026-06-29,blind-ground,blind-ground,"""A search-based framework for automatic generation of testing environments"" DOI",mixed-primary-web,NR,NR,Source: paper/data/agent_runs/blind-ground.md; section: Discovery Queries / Autonomous-Vehicle Road and Map Generation. Per-query screened-hit and candidate-add counts were not captured.
S0047,2026-06-29,blind-ground,blind-ground,"""Using genetic algorithms for automating automated lane-keeping system testing"" DOI",mixed-primary-web,NR,NR,Source: paper/data/agent_runs/blind-ground.md; section: Discovery Queries / Autonomous-Vehicle Road and Map Generation. Per-query screened-hit and candidate-add counts were not captured.
S0048,2026-06-29,blind-ground,blind-ground,"""Frenetic-lib"" road structures ADS testing paper",mixed-primary-web,NR,NR,Source: paper/data/agent_runs/blind-ground.md; section: Discovery Queries / Autonomous-Vehicle Road and Map Generation. Per-query screened-hit and candidate-add counts were not captured.
S0049,2026-06-29,blind-ground,blind-ground,CRAG combinatorial testing based generator road geometries ADS testing paper,mixed-primary-web,NR,NR,Source: paper/data/agent_runs/blind-ground.md; section: Discovery Queries / Autonomous-Vehicle Road and Map Generation. Per-query screened-hit and candidate-add counts were not captured.
S0050,2026-06-29,blind-ground,blind-ground,"""Wasserstein generative adversarial networks for online test generation""",mixed-primary-web,NR,NR,Source: paper/data/agent_runs/blind-ground.md; section: Discovery Queries / Autonomous-Vehicle Road and Map Generation. Per-query screened-hit and candidate-add counts were not captured.
S0051,2026-06-29,blind-ground,blind-ground,"""Diversity-guided Search Exploration for Self-driving Cars Test Generation through Frenet Space Encoding""",mixed-primary-web,NR,NR,Source: paper/data/agent_runs/blind-ground.md; section: Discovery Queries / Autonomous-Vehicle Road and Map Generation. Per-query screened-hit and candidate-add counts were not captured.
S0052,2026-06-29,blind-ground,blind-ground,"""Procedural Generation of High-Definition Road Networks for Autonomous Vehicle Testing and Traffic Simulations""",mixed-primary-web,NR,NR,Source: paper/data/agent_runs/blind-ground.md; section: Discovery Queries / Autonomous-Vehicle Road and Map Generation. Per-query screened-hit and candidate-add counts were not captured.
S0053,2026-06-29,blind-ground,blind-ground,"""DiffRoad: Realistic and Diverse Road Scenario Generation for Autonomous Vehicle Testing""",mixed-primary-web,NR,NR,Source: paper/data/agent_runs/blind-ground.md; section: Discovery Queries / Autonomous-Vehicle Road and Map Generation. Per-query screened-hit and candidate-add counts were not captured.
S0054,2026-06-29,blind-ground,blind-ground,"""FLYOVER: A Model-Driven Method to Generate Diverse Highway Interchanges for Autonomous Vehicle Testing""",mixed-primary-web,NR,NR,Source: paper/data/agent_runs/blind-ground.md; section: Discovery Queries / Autonomous-Vehicle Road and Map Generation. Per-query screened-hit and candidate-add counts were not captured.
S0055,2026-06-29,blind-ground,blind-ground,"""HDMapGen: A Hierarchical Graph Generative Model of High Definition Maps"" official",mixed-primary-web,NR,NR,Source: paper/data/agent_runs/blind-ground.md; section: Discovery Queries / Autonomous-Vehicle Road and Map Generation. Per-query screened-hit and candidate-add counts were not captured.
S0056,2026-06-29,blind-ground,blind-ground,"""DriveSceneGen: Generating Diverse and Realistic Driving Scenarios from Scratch"" official paper",mixed-primary-web,NR,NR,Source: paper/data/agent_runs/blind-ground.md; section: Discovery Queries / Autonomous-Vehicle Road and Map Generation. Per-query screened-hit and candidate-add counts were not captured.
S0057,2026-06-29,blind-ground,blind-ground,SLEDGE generative simulator road map generation autonomous driving official paper,mixed-primary-web,NR,NR,Source: paper/data/agent_runs/blind-ground.md; section: Discovery Queries / Autonomous-Vehicle Road and Map Generation. Per-query screened-hit and candidate-add counts were not captured.
S0058,2026-06-29,blind-ground,blind-ground,CVPR 2025 driving simulation environment generation vectorized map geometry Scenario Dreamer,mixed-primary-web,NR,NR,Source: paper/data/agent_runs/blind-ground.md; section: Discovery Queries / Autonomous-Vehicle Road and Map Generation. Per-query screened-hit and candidate-add counts were not captured.
S0059,2026-06-29,blind-ground,blind-ground,generative driving simulation environments static map geometry diffusion official paper,mixed-primary-web,NR,NR,Source: paper/data/agent_runs/blind-ground.md; section: Discovery Queries / Autonomous-Vehicle Road and Map Generation. Per-query screened-hit and candidate-add counts were not captured.
S0060,2026-06-29,blind-ground,blind-ground,HD map generation autonomous driving simulation novel road topology paper,mixed-primary-web,NR,NR,Source: paper/data/agent_runs/blind-ground.md; section: Discovery Queries / Autonomous-Vehicle Road and Map Generation. Per-query screened-hit and candidate-add counts were not captured.
S0061,2026-06-29,blind-ground,blind-ground,"""Automatically Generating Content for Testing Autonomous Vehicles from User Descriptions""",mixed-primary-web,NR,NR,Source: paper/data/agent_runs/blind-ground.md; section: Discovery Queries / Autonomous-Vehicle Road and Map Generation. Per-query screened-hit and candidate-add counts were not captured.
S0062,2026-06-29,blind-ground,blind-ground,procedural obstacle course generation quadruped robot reinforcement learning paper,mixed-primary-web,NR,NR,"Source: paper/data/agent_runs/blind-ground.md; section: Discovery Queries / Legged, Parkour, and Open-Ended Terrain. Per-query screened-hit and candidate-add counts were not captured."
S0063,2026-06-29,blind-ground,blind-ground,legged robot parkour procedurally generated obstacle courses curriculum paper,mixed-primary-web,NR,NR,"Source: paper/data/agent_runs/blind-ground.md; section: Discovery Queries / Legged, Parkour, and Open-Ended Terrain. Per-query screened-hit and candidate-add counts were not captured."
S0064,2026-06-29,blind-ground,blind-ground,terrain generation curriculum agile quadruped locomotion official paper,mixed-primary-web,NR,NR,"Source: paper/data/agent_runs/blind-ground.md; section: Discovery Queries / Legged, Parkour, and Open-Ended Terrain. Per-query screened-hit and candidate-add counts were not captured."
S0065,2026-06-29,blind-ground,blind-ground,open ended environment generation BipedalWalker obstacle courses POET PAIRED,mixed-primary-web,NR,NR,"Source: paper/data/agent_runs/blind-ground.md; section: Discovery Queries / Legged, Parkour, and Open-Ended Terrain. Per-query screened-hit and candidate-add counts were not captured."
S0066,2026-06-29,blind-ground,blind-ground,"""Learning to Walk in Minutes"" terrain curriculum procedural terrain official",mixed-primary-web,NR,NR,"Source: paper/data/agent_runs/blind-ground.md; section: Discovery Queries / Legged, Parkour, and Open-Ended Terrain. Per-query screened-hit and candidate-add counts were not captured."
S0067,2026-06-29,blind-ground,blind-ground,"""Learning robust perceptive locomotion"" procedural terrains official paper",mixed-primary-web,NR,NR,"Source: paper/data/agent_runs/blind-ground.md; section: Discovery Queries / Legged, Parkour, and Open-Ended Terrain. Per-query screened-hit and candidate-add counts were not captured."
S0068,2026-06-29,blind-ground,blind-ground,"""Eurekaverse"" terrain generation quadruped official paper",mixed-primary-web,NR,NR,"Source: paper/data/agent_runs/blind-ground.md; section: Discovery Queries / Legged, Parkour, and Open-Ended Terrain. Per-query screened-hit and candidate-add counts were not captured."
S0069,2026-06-29,blind-ground,blind-ground,"""Robot Parkour Learning"" terrain generation obstacle curriculum",mixed-primary-web,NR,NR,"Source: paper/data/agent_runs/blind-ground.md; section: Discovery Queries / Legged, Parkour, and Open-Ended Terrain. Per-query screened-hit and candidate-add counts were not captured."
S0070,2026-06-29,blind-ground,blind-ground,site:proceedings.mlr.press POET open ended environments BipedalWalker,mixed-primary-web,NR,NR,"Source: paper/data/agent_runs/blind-ground.md; section: Discovery Queries / Legged, Parkour, and Open-Ended Terrain. Per-query screened-hit and candidate-add counts were not captured."
S0071,2026-06-29,blind-ground,blind-ground,site:proceedings.neurips.cc PAIRED environment generation BipedalWalker,mixed-primary-web,NR,NR,"Source: paper/data/agent_runs/blind-ground.md; section: Discovery Queries / Legged, Parkour, and Open-Ended Terrain. Per-query screened-hit and candidate-add counts were not captured."
S0072,2026-06-29,blind-ground,blind-ground,site:proceedings.mlr.press ACCEL environment design BipedalWalker,mixed-primary-web,NR,NR,"Source: paper/data/agent_runs/blind-ground.md; section: Discovery Queries / Legged, Parkour, and Open-Ended Terrain. Per-query screened-hit and candidate-add counts were not captured."
S0073,2026-06-29,blind-ground,blind-ground,"""Adversarially Compounding Complexity by Editing Levels"" paper",mixed-primary-web,NR,NR,"Source: paper/data/agent_runs/blind-ground.md; section: Discovery Queries / Legged, Parkour, and Open-Ended Terrain. Per-query screened-hit and candidate-add counts were not captured."
S0074,2026-06-29,blind-ground,blind-ground,"""Paired Open-Ended Trailblazer"" GECCO official DOI",mixed-primary-web,NR,NR,"Source: paper/data/agent_runs/blind-ground.md; section: Discovery Queries / Legged, Parkour, and Open-Ended Terrain. Per-query screened-hit and candidate-add counts were not captured."
S0075,2026-06-29,blind-ground,blind-ground,site:arxiv.org/abs/1901.01753 POET,mixed-primary-web,NR,NR,"Source: paper/data/agent_runs/blind-ground.md; section: Discovery Queries / Legged, Parkour, and Open-Ended Terrain. Per-query screened-hit and candidate-add counts were not captured."
S0076,2026-06-29,blind-ground,blind-ground,"""RIGAA"" road topology generation autonomous vehicle",mixed-primary-web,NR,NR,Source: paper/data/agent_runs/blind-ground.md; section: Formal Refinement and Saturation / Round 1: Named Testing-Tool Refinement. Per-query screened-hit and candidate-add counts were not captured.
S0077,2026-06-29,blind-ground,blind-ground,"""RoadSign"" failure-revealing roads self-driving cars",mixed-primary-web,NR,NR,Source: paper/data/agent_runs/blind-ground.md; section: Formal Refinement and Saturation / Round 1: Named Testing-Tool Refinement. Per-query screened-hit and candidate-add counts were not captured.
S0078,2026-06-29,blind-ground,blind-ground,"""Spirale"" lane keeping road generation SBFT 2023",mixed-primary-web,NR,NR,Source: paper/data/agent_runs/blind-ground.md; section: Formal Refinement and Saturation / Round 1: Named Testing-Tool Refinement. Per-query screened-hit and candidate-add counts were not captured.
S0079,2026-06-29,blind-ground,blind-ground,"""GenRL"" road topology generation SBST 2022",mixed-primary-web,NR,NR,Source: paper/data/agent_runs/blind-ground.md; section: Formal Refinement and Saturation / Round 1: Named Testing-Tool Refinement. Per-query screened-hit and candidate-add counts were not captured.
S0080,2026-06-29,blind-ground,blind-ground,"""procedural tunnel geometry"" quadruped robot course generation",mixed-primary-web,NR,NR,Source: paper/data/agent_runs/blind-ground.md; section: Formal Refinement and Saturation / Round 2: Ground-Course Representation Refinement. Per-query screened-hit and candidate-add counts were not captured.
S0081,2026-06-29,blind-ground,blind-ground,"""cone course generator"" Formula Student Driverless simulation official",mixed-primary-web,NR,NR,Source: paper/data/agent_runs/blind-ground.md; section: Formal Refinement and Saturation / Round 2: Ground-Course Representation Refinement. Per-query screened-hit and candidate-add counts were not captured.
S0082,2026-06-29,blind-ground,blind-ground,"""Frenet road generator"" autonomous driving testing 2024 2025",mixed-primary-web,NR,NR,Source: paper/data/agent_runs/blind-ground.md; section: Formal Refinement and Saturation / Round 2: Ground-Course Representation Refinement. Per-query screened-hit and candidate-add counts were not captured.
S0083,2026-06-29,blind-ground,blind-ground,"""LLM terrain curriculum"" quadruped obstacle course generation",mixed-primary-web,NR,NR,Source: paper/data/agent_runs/blind-ground.md; section: Formal Refinement and Saturation / Round 2: Ground-Course Representation Refinement. Per-query screened-hit and candidate-add counts were not captured.
S0084,2026-06-29,blind-ground,blind-ground,"""lane graph generation"" autonomous driving simulator novel road topology",mixed-primary-web,NR,NR,Source: paper/data/agent_runs/blind-ground.md; section: Formal Refinement and Saturation / Round 3: Topology and Serialization Refinement. Per-query screened-hit and candidate-add counts were not captured.
S0085,2026-06-29,blind-ground,blind-ground,"""racetrack generator"" robot racing benchmark procedural geometry",mixed-primary-web,NR,NR,Source: paper/data/agent_runs/blind-ground.md; section: Formal Refinement and Saturation / Round 3: Topology and Serialization Refinement. Per-query screened-hit and candidate-add counts were not captured.
S0086,2026-06-29,blind-ground,blind-ground,"""obstacle course distribution"" legged robot reinforcement learning generator",mixed-primary-web,NR,NR,Source: paper/data/agent_runs/blind-ground.md; section: Formal Refinement and Saturation / Round 3: Topology and Serialization Refinement. Per-query screened-hit and candidate-add counts were not captured.
S0087,2026-06-29,blind-ground,blind-ground,"""OpenDRIVE generator"" autonomous vehicle testing procedural geometry",mixed-primary-web,NR,NR,Source: paper/data/agent_runs/blind-ground.md; section: Formal Refinement and Saturation / Round 3: Topology and Serialization Refinement. Per-query screened-hit and candidate-add counts were not captured.
S0088,2026-06-29,blind-ground,blind-ground,RUN-SUMMARY:paper/data/agent_runs/blind-ground.md,documented-agent-run,NR,45,"Source: paper/data/agent_runs/blind-ground.md; 45 retained, 0 excluded; final saturation arithmetic: 1/45 = 2.22% and 0/45 = 0.00%. Total screened-hit count was not captured."
S0089,2026-06-29,blind-aerial-maritime,blind-aerial-maritime,"""drone racing"" randomized tracks gate sequence reinforcement learning",mixed-primary-web,NR,NR,Source: paper/data/agent_runs/blind-aerial-maritime.md; section: Exact query log / Round 1: broad thesis terms. Per-query screened-hit and candidate-add counts were not captured.
S0090,2026-06-29,blind-aerial-maritime,blind-aerial-maritime,"quadrotor ""procedurally generated"" obstacle course simulator",mixed-primary-web,NR,NR,Source: paper/data/agent_runs/blind-aerial-maritime.md; section: Exact query log / Round 1: broad thesis terms. Per-query screened-hit and candidate-add counts were not captured.
S0091,2026-06-29,blind-aerial-maritime,blind-aerial-maritime,"""Virtual RobotX"" course generation buoy",mixed-primary-web,NR,NR,Source: paper/data/agent_runs/blind-aerial-maritime.md; section: Exact query log / Round 1: broad thesis terms. Per-query screened-hit and candidate-add counts were not captured.
S0092,2026-06-29,blind-aerial-maritime,blind-aerial-maritime,autonomous surface vessel reinforcement learning random waypoint course buoys simulator,mixed-primary-web,NR,NR,Source: paper/data/agent_runs/blind-aerial-maritime.md; section: Exact query log / Round 1: broad thesis terms. Per-query screened-hit and candidate-add counts were not captured.
S0093,2026-06-29,blind-aerial-maritime,blind-aerial-maritime,site:microsoft.com AirSim Drone Racing Lab generation racing tracks paper,mixed-primary-web,NR,NR,Source: paper/data/agent_runs/blind-aerial-maritime.md; section: Exact query log / Round 2: system and official competition surfaces. Per-query screened-hit and candidate-add counts were not captured.
S0094,2026-06-29,blind-aerial-maritime,blind-aerial-maritime,site:github.com/ntnu-arl aerial_gym procedurally generated environments paper,mixed-primary-web,NR,NR,Source: paper/data/agent_runs/blind-aerial-maritime.md; section: Exact query log / Round 2: system and official competition surfaces. Per-query screened-hit and candidate-add counts were not captured.
S0095,2026-06-29,blind-aerial-maritime,blind-aerial-maritime,site:uzh.ch Flightmare random racing tracks gates simulator paper,mixed-primary-web,NR,NR,Source: paper/data/agent_runs/blind-aerial-maritime.md; section: Exact query log / Round 2: system and official competition surfaces. Per-query screened-hit and candidate-add counts were not captured.
S0096,2026-06-29,blind-aerial-maritime,blind-aerial-maritime,site:arxiv.org quadrotor procedural obstacle environments agile flight random obstacles,mixed-primary-web,NR,NR,Source: paper/data/agent_runs/blind-aerial-maritime.md; section: Exact query log / Round 2: system and official competition surfaces. Per-query screened-hit and candidate-add counts were not captured.
S0097,2026-06-29,blind-aerial-maritime,blind-aerial-maritime,site:openrobotics.org VRX Virtual RobotX paper course buoy world generation,mixed-primary-web,NR,NR,Source: paper/data/agent_runs/blind-aerial-maritime.md; section: Exact query log / Round 2: system and official competition surfaces. Per-query screened-hit and candidate-add counts were not captured.
S0098,2026-06-29,blind-aerial-maritime,blind-aerial-maritime,site:github.com/osrf/vrx world generation buoy course task documentation,mixed-primary-web,NR,NR,Source: paper/data/agent_runs/blind-aerial-maritime.md; section: Exact query log / Round 2: system and official competition surfaces. Per-query screened-hit and candidate-add counts were not captured.
S0099,2026-06-29,blind-aerial-maritime,blind-aerial-maritime,site:robotx.org rules course buoys RobotX Maritime Challenge PDF,mixed-primary-web,NR,NR,Source: paper/data/agent_runs/blind-aerial-maritime.md; section: Exact query log / Round 2: system and official competition surfaces. Per-query screened-hit and candidate-add counts were not captured.
S0100,2026-06-29,blind-aerial-maritime,blind-aerial-maritime,site:robotx.org Virtual RobotX competition task descriptions buoy course,mixed-primary-web,NR,NR,Source: paper/data/agent_runs/blind-aerial-maritime.md; section: Exact query log / Round 2: system and official competition surfaces. Per-query screened-hit and candidate-add counts were not captured.
S0101,2026-06-29,blind-aerial-maritime,blind-aerial-maritime,site:arxiv.org Flightmare flexible quadrotor simulator gates random environments,mixed-primary-web,NR,NR,"Source: paper/data/agent_runs/blind-aerial-maritime.md; section: Exact query log / Round 3: simulators, obstacle distributions, and competition families. Per-query screened-hit and candidate-add counts were not captured."
S0102,2026-06-29,blind-aerial-maritime,blind-aerial-maritime,site:arxiv.org OmniDrones track task gates procedural environment,mixed-primary-web,NR,NR,"Source: paper/data/agent_runs/blind-aerial-maritime.md; section: Exact query log / Round 3: simulators, obstacle distributions, and competition families. Per-query screened-hit and candidate-add counts were not captured."
S0103,2026-06-29,blind-aerial-maritime,blind-aerial-maritime,site:arxiv.org VisFly simulator drone navigation random obstacles waypoint,mixed-primary-web,NR,NR,"Source: paper/data/agent_runs/blind-aerial-maritime.md; section: Exact query log / Round 3: simulators, obstacle distributions, and competition families. Per-query screened-hit and candidate-add counts were not captured."
S0104,2026-06-29,blind-aerial-maritime,blind-aerial-maritime,site:arxiv.org Air Learning deep reinforcement learning gym aerial robot random obstacle environments,mixed-primary-web,NR,NR,"Source: paper/data/agent_runs/blind-aerial-maritime.md; section: Exact query log / Round 3: simulators, obstacle distributions, and competition families. Per-query screened-hit and candidate-add counts were not captured."
S0105,2026-06-29,blind-aerial-maritime,blind-aerial-maritime,OmniDrones efficient flexible platform reinforcement learning drone control track task official,mixed-primary-web,NR,NR,"Source: paper/data/agent_runs/blind-aerial-maritime.md; section: Exact query log / Round 3: simulators, obstacle distributions, and competition families. Per-query screened-hit and candidate-add counts were not captured."
S0106,2026-06-29,blind-aerial-maritime,blind-aerial-maritime,VisFly efficient versatile simulator learning to fly official paper,mixed-primary-web,NR,NR,"Source: paper/data/agent_runs/blind-aerial-maritime.md; section: Exact query log / Round 3: simulators, obstacle distributions, and competition families. Per-query screened-hit and candidate-add counts were not captured."
S0107,2026-06-29,blind-aerial-maritime,blind-aerial-maritime,AvoidBench benchmark aerial obstacle avoidance environment generation official paper,mixed-primary-web,NR,NR,"Source: paper/data/agent_runs/blind-aerial-maritime.md; section: Exact query log / Round 3: simulators, obstacle distributions, and competition families. Per-query screened-hit and candidate-add counts were not captured."
S0108,2026-06-29,blind-aerial-maritime,blind-aerial-maritime,"""AvoidBench"" aerial robot benchmark obstacle generation",mixed-primary-web,NR,NR,"Source: paper/data/agent_runs/blind-aerial-maritime.md; section: Exact query log / Round 3: simulators, obstacle distributions, and competition families. Per-query screened-hit and candidate-add counts were not captured."
S0109,2026-06-29,blind-aerial-maritime,blind-aerial-maritime,Learning Minimum-Time Flight in Cluttered Environments random obstacle environments official paper,mixed-primary-web,NR,NR,"Source: paper/data/agent_runs/blind-aerial-maritime.md; section: Exact query log / Round 3: simulators, obstacle distributions, and competition families. Per-query screened-hit and candidate-add counts were not captured."
S0110,2026-06-29,blind-aerial-maritime,blind-aerial-maritime,"site:rpg.ifi.uzh.ch ""Learning High-Speed Flight in the Wild"" random environment obstacles",mixed-primary-web,NR,NR,"Source: paper/data/agent_runs/blind-aerial-maritime.md; section: Exact query log / Round 3: simulators, obstacle distributions, and competition families. Per-query screened-hit and candidate-add counts were not captured."
S0111,2026-06-29,blind-aerial-maritime,blind-aerial-maritime,site:robonation.org/app/uploads/sites/3 2026 RoboBoat team handbook task ideas,mixed-primary-web,NR,NR,"Source: paper/data/agent_runs/blind-aerial-maritime.md; section: Exact query log / Round 3: simulators, obstacle distributions, and competition families. Per-query screened-hit and candidate-add counts were not captured."
S0112,2026-06-29,blind-aerial-maritime,blind-aerial-maritime,site:njordchallenge.com rules buoy course autonomous ship challenge PDF,mixed-primary-web,NR,NR,"Source: paper/data/agent_runs/blind-aerial-maritime.md; section: Exact query log / Round 3: simulators, obstacle distributions, and competition families. Per-query screened-hit and candidate-add counts were not captured."
S0113,2026-06-29,blind-aerial-maritime,blind-aerial-maritime,SailBot competition rules autonomous sailboat buoy navigation race official PDF,mixed-primary-web,NR,NR,"Source: paper/data/agent_runs/blind-aerial-maritime.md; section: Exact query log / Round 3: simulators, obstacle distributions, and competition families. Per-query screened-hit and candidate-add counts were not captured."
S0114,2026-06-29,blind-aerial-maritime,blind-aerial-maritime,World Robotic Sailing Championship rules buoy race autonomous sailboat official,mixed-primary-web,NR,NR,"Source: paper/data/agent_runs/blind-aerial-maritime.md; section: Exact query log / Round 3: simulators, obstacle distributions, and competition families. Per-query screened-hit and candidate-add counts were not captured."
S0115,2026-06-29,blind-aerial-maritime,blind-aerial-maritime,"""Environment as Policy: Learning to Race in Unseen Tracks"" ICRA 2025 paper",mixed-primary-web,NR,NR,Source: paper/data/agent_runs/blind-aerial-maritime.md; section: Exact query log / Round 4: direct-title and generator-family closure. Per-query screened-hit and candidate-add counts were not captured.
S0116,2026-06-29,blind-aerial-maritime,blind-aerial-maritime,"""Learning generalizable policy for obstacle-aware autonomous drone racing""",mixed-primary-web,NR,NR,Source: paper/data/agent_runs/blind-aerial-maritime.md; section: Exact query log / Round 4: direct-title and generator-family closure. Per-query screened-hit and candidate-add counts were not captured.
S0117,2026-06-29,blind-aerial-maritime,blind-aerial-maritime,"site:arxiv.org ""obstacle-aware autonomous drone racing"" generalizable policy",mixed-primary-web,NR,NR,Source: paper/data/agent_runs/blind-aerial-maritime.md; section: Exact query log / Round 4: direct-title and generator-family closure. Per-query screened-hit and candidate-add counts were not captured.
S0118,2026-06-29,blind-aerial-maritime,blind-aerial-maritime,"site:github.com ""Learning generalizable policy"" drone racing",mixed-primary-web,NR,NR,Source: paper/data/agent_runs/blind-aerial-maritime.md; section: Exact query log / Round 4: direct-title and generator-family closure. Per-query screened-hit and candidate-add counts were not captured.
S0119,2026-06-29,blind-aerial-maritime,blind-aerial-maritime,"""Learning generalizable policy for obstacle-aware"" DOI",mixed-primary-web,NR,NR,Source: paper/data/agent_runs/blind-aerial-maritime.md; section: Exact query log / Round 4: direct-title and generator-family closure. Per-query screened-hit and candidate-add counts were not captured.
S0120,2026-06-29,blind-aerial-maritime,blind-aerial-maritime,"""MAVRL: Learn to Fly in Cluttered Environments with Varying Speed""",mixed-primary-web,NR,NR,Source: paper/data/agent_runs/blind-aerial-maritime.md; section: Exact query log / Round 4: direct-title and generator-family closure. Per-query screened-hit and candidate-add counts were not captured.
S0121,2026-06-29,blind-aerial-maritime,blind-aerial-maritime,"""Reinforcement Learning for Collision-Free Flight Exploiting Deep Collision Encoding""",mixed-primary-web,NR,NR,Source: paper/data/agent_runs/blind-aerial-maritime.md; section: Exact query log / Round 4: direct-title and generator-family closure. Per-query screened-hit and candidate-add counts were not captured.
S0122,2026-06-29,blind-aerial-maritime,blind-aerial-maritime,"""Learning vision-based agile flight via differentiable physics"" random obstacles",mixed-primary-web,NR,NR,Source: paper/data/agent_runs/blind-aerial-maritime.md; section: Exact query log / Round 4: direct-title and generator-family closure. Per-query screened-hit and candidate-add counts were not captured.
S0123,2026-06-29,blind-aerial-maritime,blind-aerial-maritime,"""Learning speed adaptation for flight in clutter""",mixed-primary-web,NR,NR,Source: paper/data/agent_runs/blind-aerial-maritime.md; section: Exact query log / Round 4: direct-title and generator-family closure. Per-query screened-hit and candidate-add counts were not captured.
S0124,2026-06-29,blind-aerial-maritime,blind-aerial-maritime,"site:arxiv.org ""Mastering Diverse, Unknown, and Cluttered Tracks""",mixed-primary-web,NR,NR,Source: paper/data/agent_runs/blind-aerial-maritime.md; section: Exact query log / Round 4: direct-title and generator-family closure. Per-query screened-hit and candidate-add counts were not captured.
S0125,2026-06-29,blind-aerial-maritime,blind-aerial-maritime,"""buoy course"" generator autonomous surface vessel simulation",mixed-primary-web,NR,NR,Source: paper/data/agent_runs/blind-aerial-maritime.md; section: Exact query log / Round 4: direct-title and generator-family closure. Per-query screened-hit and candidate-add counts were not captured.
S0126,2026-06-29,blind-aerial-maritime,blind-aerial-maritime,"""buoy field"" random generation USV simulator",mixed-primary-web,NR,NR,Source: paper/data/agent_runs/blind-aerial-maritime.md; section: Exact query log / Round 4: direct-title and generator-family closure. Per-query screened-hit and candidate-add counts were not captured.
S0127,2026-06-29,blind-aerial-maritime,blind-aerial-maritime,"""procedurally generated"" waterways autonomous vessel",mixed-primary-web,NR,NR,Source: paper/data/agent_runs/blind-aerial-maritime.md; section: Exact query log / Round 4: direct-title and generator-family closure. Per-query screened-hit and candidate-add counts were not captured.
S0128,2026-06-29,blind-aerial-maritime,blind-aerial-maritime,"""scenario generation"" autonomous surface vessel benchmark waypoints buoys",mixed-primary-web,NR,NR,Source: paper/data/agent_runs/blind-aerial-maritime.md; section: Exact query log / Round 4: direct-title and generator-family closure. Per-query screened-hit and candidate-add counts were not captured.
S0129,2026-06-29,blind-aerial-maritime,blind-aerial-maritime,site:arxiv.org autonomous surface vessel random obstacle scenarios reinforcement learning waypoint distribution,mixed-primary-web,NR,NR,Source: paper/data/agent_runs/blind-aerial-maritime.md; section: Exact query log / Round 4: direct-title and generator-family closure. Per-query screened-hit and candidate-add counts were not captured.
S0130,2026-06-29,blind-aerial-maritime,blind-aerial-maritime,autonomous surface vessel simulator procedurally generated environments reinforcement learning official paper,mixed-primary-web,NR,NR,Source: paper/data/agent_runs/blind-aerial-maritime.md; section: Exact query log / Round 4: direct-title and generator-family closure. Per-query screened-hit and candidate-add counts were not captured.
S0131,2026-06-29,blind-aerial-maritime,blind-aerial-maritime,"""ASVSim"" AirSim Surface Vehicles GitHub official",mixed-primary-web,NR,NR,Source: paper/data/agent_runs/blind-aerial-maritime.md; section: Exact query log / Round 4: direct-title and generator-family closure. Per-query screened-hit and candidate-add counts were not captured.
S0132,2026-06-29,blind-aerial-maritime,blind-aerial-maritime,"""Search-based Generation of Waypoints for Triggering Self-Adaptations"" official",mixed-primary-web,NR,NR,Source: paper/data/agent_runs/blind-aerial-maritime.md; section: Exact query log / Round 4: direct-title and generator-family closure. Per-query screened-hit and candidate-add counts were not captured.
S0133,2026-06-29,blind-aerial-maritime,blind-aerial-maritime,"site:arxiv.org quadrotor ""randomly generated tracks"" gates racing",mixed-primary-web,NR,NR,Source: paper/data/agent_runs/blind-aerial-maritime.md; section: Exact query log / Formal saturation refinement 1. Per-query screened-hit and candidate-add counts were not captured.
S0134,2026-06-29,blind-aerial-maritime,blind-aerial-maritime,"site:ieeexplore.ieee.org drone racing ""track generation"" gates",mixed-primary-web,NR,NR,Source: paper/data/agent_runs/blind-aerial-maritime.md; section: Exact query log / Formal saturation refinement 1. Per-query screened-hit and candidate-add counts were not captured.
S0135,2026-06-29,blind-aerial-maritime,blind-aerial-maritime,"site:github.com autonomous surface vessel simulator ""generated_worlds"" buoy waypoints",mixed-primary-web,NR,NR,Source: paper/data/agent_runs/blind-aerial-maritime.md; section: Exact query log / Formal saturation refinement 1. Per-query screened-hit and candidate-add counts were not captured.
S0136,2026-06-29,blind-aerial-maritime,blind-aerial-maritime,"site:proceedings.mlr.press aerial robot ""procedurally generated"" obstacles navigation",mixed-primary-web,NR,NR,Source: paper/data/agent_runs/blind-aerial-maritime.md; section: Exact query log / Formal saturation refinement 1. Per-query screened-hit and candidate-add counts were not captured.
S0137,2026-06-29,blind-aerial-maritime,blind-aerial-maritime,"""race track generator"" quadrotor gates paper",mixed-primary-web,NR,NR,Source: paper/data/agent_runs/blind-aerial-maritime.md; section: Exact query log / Formal saturation refinement 2. Per-query screened-hit and candidate-add counts were not captured.
S0138,2026-06-29,blind-aerial-maritime,blind-aerial-maritime,"""random gate tracks"" drone racing",mixed-primary-web,NR,NR,Source: paper/data/agent_runs/blind-aerial-maritime.md; section: Exact query log / Formal saturation refinement 2. Per-query screened-hit and candidate-add counts were not captured.
S0139,2026-06-29,blind-aerial-maritime,blind-aerial-maritime,"""autonomous sailboat simulator"" buoy course official",mixed-primary-web,NR,NR,Source: paper/data/agent_runs/blind-aerial-maritime.md; section: Exact query log / Formal saturation refinement 2. Per-query screened-hit and candidate-add counts were not captured.
S0140,2026-06-29,blind-aerial-maritime,blind-aerial-maritime,"""waterway generation"" autonomous ship simulation paper",mixed-primary-web,NR,NR,Source: paper/data/agent_runs/blind-aerial-maritime.md; section: Exact query log / Formal saturation refinement 2. Per-query screened-hit and candidate-add counts were not captured.
S0141,2026-06-29,blind-aerial-maritime,blind-aerial-maritime,"""autonomous vessel"" ""test scenario generation"" AIS sampling paper",mixed-primary-web,NR,NR,Source: paper/data/agent_runs/blind-aerial-maritime.md; section: Exact query log / Boundary audit queries. Per-query screened-hit and candidate-add counts were not captured.
S0142,2026-06-29,blind-aerial-maritime,blind-aerial-maritime,"""dynamic test scenario generation"" autonomous ship simulation",mixed-primary-web,NR,NR,Source: paper/data/agent_runs/blind-aerial-maritime.md; section: Exact query log / Boundary audit queries. Per-query screened-hit and candidate-add counts were not captured.
S0143,2026-06-29,blind-aerial-maritime,blind-aerial-maritime,"""randomly generated virtual test scenarios"" maritime autonomous vessel",mixed-primary-web,NR,NR,Source: paper/data/agent_runs/blind-aerial-maritime.md; section: Exact query log / Boundary audit queries. Per-query screened-hit and candidate-add counts were not captured.
S0144,2026-06-29,blind-aerial-maritime,blind-aerial-maritime,"maritime ""combinatorial test scenario generation"" ship collision avoidance",mixed-primary-web,NR,NR,Source: paper/data/agent_runs/blind-aerial-maritime.md; section: Exact query log / Boundary audit queries. Per-query screened-hit and candidate-add counts were not captured.
S0145,2026-06-29,blind-aerial-maritime,blind-aerial-maritime,"""Ship Encounter Scenario Generation for Collision Avoidance Algorithm Testing Based on AIS Data""",mixed-primary-web,NR,NR,Source: paper/data/agent_runs/blind-aerial-maritime.md; section: Exact query log / Boundary audit queries. Per-query screened-hit and candidate-add counts were not captured.
S0146,2026-06-29,blind-aerial-maritime,blind-aerial-maritime,"""Generation of naturalistic and adversarial sailing environment"" autonomous ships",mixed-primary-web,NR,NR,Source: paper/data/agent_runs/blind-aerial-maritime.md; section: Exact query log / Boundary audit queries. Per-query screened-hit and candidate-add counts were not captured.
S0147,2026-06-29,blind-aerial-maritime,blind-aerial-maritime,"""Interactive testing for evaluating the performance of collision avoidance algorithms in multi-ship encounter scenarios""",mixed-primary-web,NR,NR,Source: paper/data/agent_runs/blind-aerial-maritime.md; section: Exact query log / Boundary audit queries. Per-query screened-hit and candidate-add counts were not captured.
S0148,2026-06-29,blind-aerial-maritime,blind-aerial-maritime,"""Towards Simulation-based Verification of Autonomous Navigation Systems"" DOI",mixed-primary-web,NR,NR,Source: paper/data/agent_runs/blind-aerial-maritime.md; section: Exact query log / Boundary audit queries. Per-query screened-hit and candidate-add counts were not captured.
S0149,2026-06-29,blind-aerial-maritime,blind-aerial-maritime,"""Automatic simulation-based testing of autonomous ships using Gaussian processes and temporal logic"" authors",mixed-primary-web,NR,NR,Source: paper/data/agent_runs/blind-aerial-maritime.md; section: Exact query log / Boundary audit queries. Per-query screened-hit and candidate-add counts were not captured.
S0150,2026-06-29,blind-aerial-maritime,blind-aerial-maritime,"""Testbed Scenario Design Exploiting Traffic Big Data"" DOI",mixed-primary-web,NR,NR,Source: paper/data/agent_runs/blind-aerial-maritime.md; section: Exact query log / Boundary audit queries. Per-query screened-hit and candidate-add counts were not captured.
S0151,2026-06-29,blind-aerial-maritime,blind-aerial-maritime,"""Assessing Scene Generation Techniques for Testing COLREGS-Compliance""",mixed-primary-web,NR,NR,Source: paper/data/agent_runs/blind-aerial-maritime.md; section: Exact query log / Boundary audit queries. Per-query screened-hit and candidate-add counts were not captured.
S0152,2026-06-29,blind-aerial-maritime,blind-aerial-maritime,"""Towards Automated Test Scenario Generation for Assuring COLREGs Compliance""",mixed-primary-web,NR,NR,Source: paper/data/agent_runs/blind-aerial-maritime.md; section: Exact query log / Boundary audit queries. Per-query screened-hit and candidate-add counts were not captured.
S0153,2026-06-29,blind-aerial-maritime,blind-aerial-maritime,RUN-SUMMARY:paper/data/agent_runs/blind-aerial-maritime.md,documented-agent-run,NR,32,"Source: paper/data/agent_runs/blind-aerial-maritime.md; 32 retained, 0 excluded; final saturation arithmetic: 0/31 = 0.000% and 1/32 = 3.125%. Total screened-hit count was not captured."
S0154,2026-06-29,aware-geometry-rl,aware-geometry-rl,procedural race track generation games,mixed-primary-web,NR,NR,Source: paper/data/agent_runs/aware-geometry-rl.md; section: Exact queries / Seed verification and racing-game expansion. Per-query screened-hit and candidate-add counts were not captured.
S0155,2026-06-29,aware-geometry-rl,aware-geometry-rl,racing game track design generation evolutionary,mixed-primary-web,NR,NR,Source: paper/data/agent_runs/aware-geometry-rl.md; section: Exact queries / Seed verification and racing-game expansion. Per-query screened-hit and candidate-add counts were not captured.
S0156,2026-06-29,aware-geometry-rl,aware-geometry-rl,racing game track generation interactive evolution,mixed-primary-web,NR,NR,Source: paper/data/agent_runs/aware-geometry-rl.md; section: Exact queries / Seed verification and racing-game expansion. Per-query screened-hit and candidate-add counts were not captured.
S0157,2026-06-29,aware-geometry-rl,aware-geometry-rl,TrackGen interactive track generator TORCS Speed-Dreams,mixed-primary-web,NR,NR,Source: paper/data/agent_runs/aware-geometry-rl.md; section: Exact queries / Seed verification and racing-game expansion. Per-query screened-hit and candidate-add counts were not captured.
S0158,2026-06-29,aware-geometry-rl,aware-geometry-rl,personalised track design car racing games generator difficulty,mixed-primary-web,NR,NR,Source: paper/data/agent_runs/aware-geometry-rl.md; section: Exact queries / Seed verification and racing-game expansion. Per-query screened-hit and candidate-add counts were not captured.
S0159,2026-06-29,aware-geometry-rl,aware-geometry-rl,procedural generation road paths driving simulation,mixed-primary-web,NR,NR,Source: paper/data/agent_runs/aware-geometry-rl.md; section: Exact queries / Seed verification and racing-game expansion. Per-query screened-hit and candidate-add counts were not captured.
S0160,2026-06-29,aware-geometry-rl,aware-geometry-rl,Learn to Race autonomous racing environment,mixed-primary-web,NR,NR,Source: paper/data/agent_runs/aware-geometry-rl.md; section: Exact queries / Seed verification and racing-game expansion. Per-query screened-hit and candidate-add counts were not captured.
S0161,2026-06-29,aware-geometry-rl,aware-geometry-rl,CommonRoad composable benchmarks road serialization lanelet official,mixed-primary-web,NR,NR,Source: paper/data/agent_runs/aware-geometry-rl.md; section: Exact queries / Seed verification and racing-game expansion. Per-query screened-hit and candidate-add counts were not captured.
S0162,2026-06-29,aware-geometry-rl,aware-geometry-rl,Making Racing Fun Through Player Modeling and Track Evolution,mixed-primary-web,NR,NR,Source: paper/data/agent_runs/aware-geometry-rl.md; section: Exact queries / Seed verification and racing-game expansion. Per-query screened-hit and candidate-add counts were not captured.
S0163,2026-06-29,aware-geometry-rl,aware-geometry-rl,Search-Based Procedural Content Generation for Race Tracks in Video Games,mixed-primary-web,NR,NR,Source: paper/data/agent_runs/aware-geometry-rl.md; section: Exact queries / Seed verification and racing-game expansion. Per-query screened-hit and candidate-add counts were not captured.
S0164,2026-06-29,aware-geometry-rl,aware-geometry-rl,Repulsive Curves Keenan Crane Yu Schumacher,mixed-primary-web,NR,NR,Source: paper/data/agent_runs/aware-geometry-rl.md; section: Exact queries / Seed verification and racing-game expansion. Per-query screened-hit and candidate-add counts were not captured.
S0165,2026-06-29,aware-geometry-rl,aware-geometry-rl,Position Based Dynamics Muller Heidelberger Hennix Ratcliff,mixed-primary-web,NR,NR,Source: paper/data/agent_runs/aware-geometry-rl.md; section: Exact queries / Seed verification and racing-game expansion. Per-query screened-hit and candidate-add counts were not captured.
S0166,2026-06-29,aware-geometry-rl,aware-geometry-rl,autonomous driving road geometry test generation search procedural,mixed-primary-web,NR,NR,Source: paper/data/agent_runs/aware-geometry-rl.md; section: Exact queries / Autonomous-driving road generation and testing. Per-query screened-hit and candidate-add counts were not captured.
S0167,2026-06-29,aware-geometry-rl,aware-geometry-rl,DeepJanus DeepHyperion road generation autonomous driving,mixed-primary-web,NR,NR,Source: paper/data/agent_runs/aware-geometry-rl.md; section: Exact queries / Autonomous-driving road generation and testing. Per-query screened-hit and candidate-add counts were not captured.
S0168,2026-06-29,aware-geometry-rl,aware-geometry-rl,AmbieGen automatic generation testing environments road topology,mixed-primary-web,NR,NR,Source: paper/data/agent_runs/aware-geometry-rl.md; section: Exact queries / Autonomous-driving road generation and testing. Per-query screened-hit and candidate-add counts were not captured.
S0169,2026-06-29,aware-geometry-rl,aware-geometry-rl,road representations search-based testing autonomous driving systems six representations,mixed-primary-web,NR,NR,Source: paper/data/agent_runs/aware-geometry-rl.md; section: Exact queries / Autonomous-driving road generation and testing. Per-query screened-hit and candidate-add counts were not captured.
S0170,2026-06-29,aware-geometry-rl,aware-geometry-rl,path-aware crossover autonomous driving road generation AsFault,mixed-primary-web,NR,NR,Source: paper/data/agent_runs/aware-geometry-rl.md; section: Exact queries / Autonomous-driving road generation and testing. Per-query screened-hit and candidate-add counts were not captured.
S0171,2026-06-29,aware-geometry-rl,aware-geometry-rl,Frenetic-lib road structures ADS testing Bezier Cartesian Kappa Theta,mixed-primary-web,NR,NR,Source: paper/data/agent_runs/aware-geometry-rl.md; section: Exact queries / Autonomous-driving road generation and testing. Per-query screened-hit and candidate-add counts were not captured.
S0172,2026-06-29,aware-geometry-rl,aware-geometry-rl,CRAG combinatorial testing generator road geometries ADS,mixed-primary-web,NR,NR,Source: paper/data/agent_runs/aware-geometry-rl.md; section: Exact queries / Autonomous-driving road generation and testing. Per-query screened-hit and candidate-add counts were not captured.
S0173,2026-06-29,aware-geometry-rl,aware-geometry-rl,critical scenario generation integrating road structures EvoScenario,mixed-primary-web,NR,NR,Source: paper/data/agent_runs/aware-geometry-rl.md; section: Exact queries / Autonomous-driving road generation and testing. Per-query screened-hit and candidate-add counts were not captured.
S0174,2026-06-29,aware-geometry-rl,aware-geometry-rl,reinforcement learning informed evolutionary search road topology generation autonomous testing,mixed-primary-web,NR,NR,Source: paper/data/agent_runs/aware-geometry-rl.md; section: Exact queries / Autonomous-driving road generation and testing. Per-query screened-hit and candidate-add counts were not captured.
S0175,2026-06-29,aware-geometry-rl,aware-geometry-rl,SBST tool competition BeamNG road test generation benchmark,mixed-primary-web,NR,NR,Source: paper/data/agent_runs/aware-geometry-rl.md; section: Exact queries / Autonomous-driving road generation and testing. Per-query screened-hit and candidate-add counts were not captured.
S0176,2026-06-29,aware-geometry-rl,aware-geometry-rl,forward citations ASFault machine learning test selection generated road tests,mixed-primary-web,NR,NR,Source: paper/data/agent_runs/aware-geometry-rl.md; section: Exact queries / Autonomous-driving road generation and testing. Per-query screened-hit and candidate-add counts were not captured.
S0177,2026-06-29,aware-geometry-rl,aware-geometry-rl,autonomous vehicle testing quality metrics oracles road diversity,mixed-primary-web,NR,NR,Source: paper/data/agent_runs/aware-geometry-rl.md; section: Exact queries / Autonomous-driving road generation and testing. Per-query screened-hit and candidate-add counts were not captured.
S0178,2026-06-29,aware-geometry-rl,aware-geometry-rl,complexity controllable road network generation virtual testing autonomous driving,mixed-primary-web,NR,NR,Source: paper/data/agent_runs/aware-geometry-rl.md; section: Exact queries / Autonomous-driving road generation and testing. Per-query screened-hit and candidate-add counts were not captured.
S0179,2026-06-29,aware-geometry-rl,aware-geometry-rl,REPAIRED CarRacing Bezier F1 tracks,mixed-primary-web,NR,NR,"Source: paper/data/agent_runs/aware-geometry-rl.md; section: Exact queries / UED, learned generation, robot-world transfer, and difficulty. Per-query screened-hit and candidate-add counts were not captured."
S0180,2026-06-29,aware-geometry-rl,aware-geometry-rl,CLUTR CarRacing task manifold F1,mixed-primary-web,NR,NR,"Source: paper/data/agent_runs/aware-geometry-rl.md; section: Exact queries / UED, learned generation, robot-world transfer, and difficulty. Per-query screened-hit and candidate-add counts were not captured."
S0181,2026-06-29,aware-geometry-rl,aware-geometry-rl,Prioritized Level Replay task selection,mixed-primary-web,NR,NR,"Source: paper/data/agent_runs/aware-geometry-rl.md; section: Exact queries / UED, learned generation, robot-world transfer, and difficulty. Per-query screened-hit and candidate-add counts were not captured."
S0182,2026-06-29,aware-geometry-rl,aware-geometry-rl,PAIRED unsupervised environment design regret,mixed-primary-web,NR,NR,"Source: paper/data/agent_runs/aware-geometry-rl.md; section: Exact queries / UED, learned generation, robot-world transfer, and difficulty. Per-query screened-hit and candidate-add counts were not captured."
S0183,2026-06-29,aware-geometry-rl,aware-geometry-rl,ACCEL edit levels regret environment design,mixed-primary-web,NR,NR,"Source: paper/data/agent_runs/aware-geometry-rl.md; section: Exact queries / UED, learned generation, robot-world transfer, and difficulty. Per-query screened-hit and candidate-add counts were not captured."
S0184,2026-06-29,aware-geometry-rl,aware-geometry-rl,WOGAN learned test generator cyber physical systems road generation RIGAA baseline,mixed-primary-web,NR,NR,"Source: paper/data/agent_runs/aware-geometry-rl.md; section: Exact queries / UED, learned generation, robot-world transfer, and difficulty. Per-query screened-hit and candidate-add counts were not captured."
S0185,2026-06-29,aware-geometry-rl,aware-geometry-rl,procedural content generation autonomous robot control testing generated worlds,mixed-primary-web,NR,NR,"Source: paper/data/agent_runs/aware-geometry-rl.md; section: Exact queries / UED, learned generation, robot-world transfer, and difficulty. Per-query screened-hit and candidate-add counts were not captured."
S0186,2026-06-29,aware-geometry-rl,aware-geometry-rl,generated virtual worlds robot navigation difficulty level trajectory curves,mixed-primary-web,NR,NR,"Source: paper/data/agent_runs/aware-geometry-rl.md; section: Exact queries / UED, learned generation, robot-world transfer, and difficulty. Per-query screened-hit and candidate-add counts were not captured."
S0187,2026-06-29,aware-geometry-rl,aware-geometry-rl,evolving diverse collection robot path planning problems generated environments,mixed-primary-web,NR,NR,"Source: paper/data/agent_runs/aware-geometry-rl.md; section: Exact queries / UED, learned generation, robot-world transfer, and difficulty. Per-query screened-hit and candidate-add counts were not captured."
S0188,2026-06-29,aware-geometry-rl,aware-geometry-rl,procedural race course synthesis ground vehicle geometry repair projection,mixed-primary-web,NR,NR,Source: paper/data/agent_runs/aware-geometry-rl.md; section: Exact queries / Final residual saturation round. Per-query screened-hit and candidate-add counts were not captured.
S0189,2026-06-29,aware-geometry-rl,aware-geometry-rl,autonomous driving road geometry generation curriculum environment design,mixed-primary-web,NR,NR,Source: paper/data/agent_runs/aware-geometry-rl.md; section: Exact queries / Final residual saturation round. Per-query screened-hit and candidate-add counts were not captured.
S0190,2026-06-29,aware-geometry-rl,aware-geometry-rl,racetrack generator serialization validity TORCS BeamNG CarRacing,mixed-primary-web,NR,NR,Source: paper/data/agent_runs/aware-geometry-rl.md; section: Exact queries / Final residual saturation round. Per-query screened-hit and candidate-add counts were not captured.
S0191,2026-06-29,aware-geometry-rl,aware-geometry-rl,road topology generation reinforcement learning autonomous systems testing,mixed-primary-web,NR,NR,Source: paper/data/agent_runs/aware-geometry-rl.md; section: Exact queries / Final residual saturation round. Per-query screened-hit and candidate-add counts were not captured.
S0192,2026-06-29,aware-geometry-rl,aware-geometry-rl,RUN-SUMMARY:paper/data/agent_runs/aware-geometry-rl.md,documented-agent-run,NR,55,"Source: paper/data/agent_runs/aware-geometry-rl.md; 51 retained, 4 excluded; final saturation arithmetic: 2/49 = 4.08% and 0/51 = 0.00%. Total screened-hit count was not captured."
S0193,2026-06-29,aware-simulation,aware-simulation-benchmarks,site:gymnasium.farama.org CarRacing-v3 random track reset domain_randomize official,mixed-primary-web,NR,NR,Source: paper/data/agent_runs/aware-simulation-benchmarks.md; section: Exact queries by round / Round 1: named-system verification. Per-query screened-hit and candidate-add counts were not captured.
S0194,2026-06-29,aware-simulation,aware-simulation-benchmarks,site:f1tenth-gym.readthedocs.io map yaml reset poses Gymnasium official,mixed-primary-web,NR,NR,Source: paper/data/agent_runs/aware-simulation-benchmarks.md; section: Exact queries by round / Round 1: named-system verification. Per-query screened-hit and candidate-add counts were not captured.
S0195,2026-06-29,aware-simulation,aware-simulation-benchmarks,site:carla.readthedocs.io OpenDRIVE standalone mode coordinate system spawn points official,mixed-primary-web,NR,NR,Source: paper/data/agent_runs/aware-simulation-benchmarks.md; section: Exact queries by round / Round 1: named-system verification. Per-query screened-hit and candidate-add counts were not captured.
S0196,2026-06-29,aware-simulation,aware-simulation-benchmarks,site:asam.net OpenDRIVE coordinate systems units validation official standard,mixed-primary-web,NR,NR,Source: paper/data/agent_runs/aware-simulation-benchmarks.md; section: Exact queries by round / Round 1: named-system verification. Per-query screened-hit and candidate-add counts were not captured.
S0197,2026-06-29,aware-simulation,aware-simulation-benchmarks,site:isaac-sim.github.io/IsaacLab terrain generator curriculum difficulty USD Gymnasium reset,mixed-primary-web,NR,NR,Source: paper/data/agent_runs/aware-simulation-benchmarks.md; section: Exact queries by round / Round 1: named-system verification. Per-query screened-hit and candidate-add counts were not captured.
S0198,2026-06-29,aware-simulation,aware-simulation-benchmarks,site:microsoft.github.io/AirSim drone racing gates coordinate system NED simSpawnObject simLoadLevel reset,mixed-primary-web,NR,NR,Source: paper/data/agent_runs/aware-simulation-benchmarks.md; section: Exact queries by round / Round 1: named-system verification. Per-query screened-hit and candidate-add counts were not captured.
S0199,2026-06-29,aware-simulation,aware-simulation-benchmarks,site:github.com/osrf/vrx world generation yaml SDF competition official,mixed-primary-web,NR,NR,Source: paper/data/agent_runs/aware-simulation-benchmarks.md; section: Exact queries by round / Round 1: named-system verification. Per-query screened-hit and candidate-add counts were not captured.
S0200,2026-06-29,aware-simulation,aware-simulation-benchmarks,site:robotx.org Maritime RobotX Challenge rules buoy course official PDF,mixed-primary-web,NR,NR,Source: paper/data/agent_runs/aware-simulation-benchmarks.md; section: Exact queries by round / Round 1: named-system verification. Per-query screened-hit and candidate-add counts were not captured.
S0201,2026-06-29,aware-simulation,aware-simulation-benchmarks,site:github.com/f1tenth f1tenth_gym maps yaml centerline raceline official repository,mixed-primary-web,NR,NR,Source: paper/data/agent_runs/aware-simulation-benchmarks.md; section: Exact queries by round / Round 2: official citation and format chain. Per-query screened-hit and candidate-add counts were not captured.
S0202,2026-06-29,aware-simulation,aware-simulation-benchmarks,site:github.com/f1tenth f1tenth_racetracks centerline.csv raceline.csv,mixed-primary-web,NR,NR,Source: paper/data/agent_runs/aware-simulation-benchmarks.md; section: Exact queries by round / Round 2: official citation and format chain. Per-query screened-hit and candidate-add counts were not captured.
S0203,2026-06-29,aware-simulation,aware-simulation-benchmarks,site:github.com TUMFTM racetrack-database centerline width raceline official,mixed-primary-web,NR,NR,Source: paper/data/agent_runs/aware-simulation-benchmarks.md; section: Exact queries by round / Round 2: official citation and format chain. Per-query screened-hit and candidate-add counts were not captured.
S0204,2026-06-29,aware-simulation,aware-simulation-benchmarks,site:github.com TUMFTM laptime-simulation track CSV GeoJSON official,mixed-primary-web,NR,NR,Source: paper/data/agent_runs/aware-simulation-benchmarks.md; section: Exact queries by round / Round 2: official citation and format chain. Per-query screened-hit and candidate-add counts were not captured.
S0205,2026-06-29,aware-simulation,aware-simulation-benchmarks,site:leaderboard.carla.org routes xml scenarios json benchmark official,mixed-primary-web,NR,NR,Source: paper/data/agent_runs/aware-simulation-benchmarks.md; section: Exact queries by round / Round 2: official citation and format chain. Per-query screened-hit and candidate-add counts were not captured.
S0206,2026-06-29,aware-simulation,aware-simulation-benchmarks,site:asam.net OpenSCENARIO route trajectory coordinate system file format official,mixed-primary-web,NR,NR,Source: paper/data/agent_runs/aware-simulation-benchmarks.md; section: Exact queries by round / Round 2: official citation and format chain. Per-query screened-hit and candidate-add counts were not captured.
S0207,2026-06-29,aware-simulation,aware-simulation-benchmarks,site:asam.net OpenCRG road surface curved regular grid format official,mixed-primary-web,NR,NR,Source: paper/data/agent_runs/aware-simulation-benchmarks.md; section: Exact queries by round / Round 2: official citation and format chain. Per-query screened-hit and candidate-add counts were not captured.
S0208,2026-06-29,aware-simulation,aware-simulation-benchmarks,site:commonroad.in.tum.de scenario XML lanelet format scenario designer OpenDRIVE official,mixed-primary-web,NR,NR,Source: paper/data/agent_runs/aware-simulation-benchmarks.md; section: Exact queries by round / Round 2: official citation and format chain. Per-query screened-hit and candidate-add counts were not captured.
S0209,2026-06-29,aware-simulation,aware-simulation-benchmarks,site:docs.ros.org lanelet2 map format OSM coordinates units official,mixed-primary-web,NR,NR,Source: paper/data/agent_runs/aware-simulation-benchmarks.md; section: Exact queries by round / Round 2: official citation and format chain. Per-query screened-hit and candidate-add counts were not captured.
S0210,2026-06-29,aware-simulation,aware-simulation-benchmarks,USV reinforcement learning environment random waypoint course generator official GitHub paper,mixed-primary-web,NR,NR,Source: paper/data/agent_runs/aware-simulation-benchmarks.md; section: Exact queries by round / Round 3: aerial and maritime terminology expansion. Per-query screened-hit and candidate-add counts were not captured.
S0211,2026-06-29,aware-simulation,aware-simulation-benchmarks,gym-auv official GitHub randomized paths obstacles autonomous underwater vehicle environment,mixed-primary-web,NR,NR,Source: paper/data/agent_runs/aware-simulation-benchmarks.md; section: Exact queries by round / Round 3: aerial and maritime terminology expansion. Per-query screened-hit and candidate-add counts were not captured.
S0212,2026-06-29,aware-simulation,aware-simulation-benchmarks,quadrotor waypoint Gymnasium environment random targets official repository,mixed-primary-web,NR,NR,Source: paper/data/agent_runs/aware-simulation-benchmarks.md; section: Exact queries by round / Round 3: aerial and maritime terminology expansion. Per-query screened-hit and candidate-add counts were not captured.
S0213,2026-06-29,aware-simulation,aware-simulation-benchmarks,Aerial Gym Simulator procedural environments obstacle generation official GitHub paper,mixed-primary-web,NR,NR,Source: paper/data/agent_runs/aware-simulation-benchmarks.md; section: Exact queries by round / Round 3: aerial and maritime terminology expansion. Per-query screened-hit and candidate-add counts were not captured.
S0214,2026-06-29,aware-simulation,aware-simulation-benchmarks,marine simulator scenario JSON waypoint RL interface official HoloOcean,mixed-primary-web,NR,NR,Source: paper/data/agent_runs/aware-simulation-benchmarks.md; section: Exact queries by round / Round 3: aerial and maritime terminology expansion. Per-query screened-hit and candidate-add counts were not captured.
S0215,2026-06-29,aware-simulation,aware-simulation-benchmarks,site:robonation.org VRX 2022 Technical Guide world course randomization Gazebo,mixed-primary-web,NR,NR,Source: paper/data/agent_runs/aware-simulation-benchmarks.md; section: Exact queries by round / Round 3: aerial and maritime terminology expansion. Per-query screened-hit and candidate-add counts were not captured.
S0216,2026-06-29,aware-simulation,aware-simulation-benchmarks,site:sumo.dlr.de/docs netgenerate random road network XML official,mixed-primary-web,NR,NR,"Source: paper/data/agent_runs/aware-simulation-benchmarks.md; section: Exact queries by round / Round 4: serialization, road-network, and cone-course expansion. Per-query screened-hit and candidate-add counts were not captured."
S0217,2026-06-29,aware-simulation,aware-simulation-benchmarks,site:commonroad.in.tum.de tutorial map conversion OpenDRIVE Lanelet SUMO Scenario Designer,mixed-primary-web,NR,NR,"Source: paper/data/agent_runs/aware-simulation-benchmarks.md; section: Exact queries by round / Round 4: serialization, road-network, and cone-course expansion. Per-query screened-hit and candidate-add counts were not captured."
S0218,2026-06-29,aware-simulation,aware-simulation-benchmarks,site:gazebosim.org SDF world pose collision spawn reset ROS 2 Simulation Interfaces official,mixed-primary-web,NR,NR,"Source: paper/data/agent_runs/aware-simulation-benchmarks.md; section: Exact queries by round / Round 4: serialization, road-network, and cone-course expansion. Per-query screened-hit and candidate-add counts were not captured."
S0219,2026-06-29,aware-simulation,aware-simulation-benchmarks,site:sdformat.org spec world pose frame units collision geometry SDF official,mixed-primary-web,NR,NR,"Source: paper/data/agent_runs/aware-simulation-benchmarks.md; section: Exact queries by round / Round 4: serialization, road-network, and cone-course expansion. Per-query screened-hit and candidate-add counts were not captured."
S0220,2026-06-29,aware-simulation,aware-simulation-benchmarks,Formula Student driverless simulator track CSV cones official GitHub EUFS simulator,mixed-primary-web,NR,NR,"Source: paper/data/agent_runs/aware-simulation-benchmarks.md; section: Exact queries by round / Round 4: serialization, road-network, and cone-course expansion. Per-query screened-hit and candidate-add counts were not captured."
S0221,2026-06-29,aware-simulation,aware-simulation-benchmarks,site:github.com/QUT-Motorsport/eufs_sim track csv cone map generator official,mixed-primary-web,NR,NR,"Source: paper/data/agent_runs/aware-simulation-benchmarks.md; section: Exact queries by round / Round 4: serialization, road-network, and cone-course expansion. Per-query screened-hit and candidate-add counts were not captured."
S0222,2026-06-29,aware-simulation,aware-simulation-benchmarks,site:fs-driverless.github.io Formula Student Driverless Simulator track format cones AirSim official,mixed-primary-web,NR,NR,"Source: paper/data/agent_runs/aware-simulation-benchmarks.md; section: Exact queries by round / Round 4: serialization, road-network, and cone-course expansion. Per-query screened-hit and candidate-add counts were not captured."
S0223,2026-06-29,aware-simulation,aware-simulation-benchmarks,site:github.com/AMZ-Racing/fssim track YAML cone format map official,mixed-primary-web,NR,NR,"Source: paper/data/agent_runs/aware-simulation-benchmarks.md; section: Exact queries by round / Round 4: serialization, road-network, and cone-course expansion. Per-query screened-hit and candidate-add counts were not captured."
S0224,2026-06-29,aware-simulation,aware-simulation-benchmarks,Formula Student random track generator Voronoi FSSIM YAML FSDS CSV GPX official,mixed-primary-web,NR,NR,"Source: paper/data/agent_runs/aware-simulation-benchmarks.md; section: Exact queries by round / Round 4: serialization, road-network, and cone-course expansion. Per-query screened-hit and candidate-add counts were not captured."
S0225,2026-06-29,aware-simulation,aware-simulation-benchmarks,site:github.com/AMZ-Racing/fssim track YAML cone format map official,mixed-primary-web,NR,NR,Source: paper/data/agent_runs/aware-simulation-benchmarks.md; section: Exact queries by round / Round 5: focused FSSIM/FSDS refinement. Per-query screened-hit and candidate-add counts were not captured.
S0226,2026-06-29,aware-simulation,aware-simulation-benchmarks,"site:github.com/AMZ-Driverless/fssim ""track"" "".yaml"" cones",mixed-primary-web,NR,NR,Source: paper/data/agent_runs/aware-simulation-benchmarks.md; section: Exact queries by round / Round 5: focused FSSIM/FSDS refinement. Per-query screened-hit and candidate-add counts were not captured.
S0227,2026-06-29,aware-simulation,aware-simulation-benchmarks,"site:fs-driverless.github.io ""track spline"" ""CSV"" FSDS",mixed-primary-web,NR,NR,Source: paper/data/agent_runs/aware-simulation-benchmarks.md; section: Exact queries by round / Round 5: focused FSSIM/FSDS refinement. Per-query screened-hit and candidate-add counts were not captured.
S0228,2026-06-29,aware-simulation,aware-simulation-benchmarks,site:fs-driverless.github.io track selection cones reset collision FSDS,mixed-primary-web,NR,NR,Source: paper/data/agent_runs/aware-simulation-benchmarks.md; section: Exact queries by round / Round 5: focused FSSIM/FSDS refinement. Per-query screened-hit and candidate-add counts were not captured.
S0229,2026-06-29,aware-simulation,aware-simulation-benchmarks,site:docs.qgroundcontrol.com plan file format mission items geofence rally points JSON,mixed-primary-web,NR,NR,Source: paper/data/agent_runs/aware-simulation-benchmarks.md; section: Exact queries by round / Round 6: portable waypoint/course-format expansion. Per-query screened-hit and candidate-add counts were not captured.
S0230,2026-06-29,aware-simulation,aware-simulation-benchmarks,site:mavlink.io mission protocol waypoint coordinate frames official,mixed-primary-web,NR,NR,Source: paper/data/agent_runs/aware-simulation-benchmarks.md; section: Exact queries by round / Round 6: portable waypoint/course-format expansion. Per-query screened-hit and candidate-add counts were not captured.
S0231,2026-06-29,aware-simulation,aware-simulation-benchmarks,site:ardupilot.org planner waypoint file format WPL 110 official,mixed-primary-web,NR,NR,Source: paper/data/agent_runs/aware-simulation-benchmarks.md; section: Exact queries by round / Round 6: portable waypoint/course-format expansion. Per-query screened-hit and candidate-add counts were not captured.
S0232,2026-06-29,aware-simulation,aware-simulation-benchmarks,site:docs.px4.io mission file format QGroundControl plan official,mixed-primary-web,NR,NR,Source: paper/data/agent_runs/aware-simulation-benchmarks.md; section: Exact queries by round / Round 6: portable waypoint/course-format expansion. Per-query screened-hit and candidate-add counts were not captured.
S0233,2026-06-29,aware-simulation,aware-simulation-benchmarks,site:docs.ros.org nav_msgs Path message header poses frame_id official,mixed-primary-web,NR,NR,Source: paper/data/agent_runs/aware-simulation-benchmarks.md; section: Exact queries by round / Round 6: portable waypoint/course-format expansion. Per-query screened-hit and candidate-add counts were not captured.
S0234,2026-06-29,aware-simulation,aware-simulation-benchmarks,site:ogc.org KML standard waypoint route course official,mixed-primary-web,NR,NR,Source: paper/data/agent_runs/aware-simulation-benchmarks.md; section: Exact queries by round / Round 6: portable waypoint/course-format expansion. Per-query screened-hit and candidate-add counts were not captured.
S0235,2026-06-29,aware-simulation,aware-simulation-benchmarks,site:mavlink.io/en/file_formats mission plain text QGC WPL 110 official,mixed-primary-web,NR,NR,Source: paper/data/agent_runs/aware-simulation-benchmarks.md; section: Exact queries by round / Round 6: portable waypoint/course-format expansion. Per-query screened-hit and candidate-add counts were not captured.
S0236,2026-06-29,aware-simulation,aware-simulation-benchmarks,site:ardupilot.org/copter/docs common-planning-a-mission-with-waypoints-and-events save load mission official,mixed-primary-web,NR,NR,Source: paper/data/agent_runs/aware-simulation-benchmarks.md; section: Exact queries by round / Round 6: portable waypoint/course-format expansion. Per-query screened-hit and candidate-add counts were not captured.
S0237,2026-06-29,aware-simulation,aware-simulation-benchmarks,site:gymnasium.farama.org api env reset seed options terminated truncated official,mixed-primary-web,NR,NR,Source: paper/data/agent_runs/aware-simulation-benchmarks.md; section: Exact queries by round / Non-expansion interface-verification queries. Per-query screened-hit and candidate-add counts were not captured.
S0238,2026-06-29,aware-simulation,aware-simulation-benchmarks,site:gymnasium.farama.org vectorize custom environment official,mixed-primary-web,NR,NR,Source: paper/data/agent_runs/aware-simulation-benchmarks.md; section: Exact queries by round / Non-expansion interface-verification queries. Per-query screened-hit and candidate-add counts were not captured.
S0239,2026-06-29,aware-simulation,aware-simulation-benchmarks,site:pettingzoo.farama.org api parallel reset seed multi agent official,mixed-primary-web,NR,NR,Source: paper/data/agent_runs/aware-simulation-benchmarks.md; section: Exact queries by round / Non-expansion interface-verification queries. Per-query screened-hit and candidate-add counts were not captured.
S0240,2026-06-29,aware-simulation,aware-simulation-benchmarks,RUN-SUMMARY:paper/data/agent_runs/aware-simulation-benchmarks.md,documented-agent-run,NR,30,"Source: paper/data/agent_runs/aware-simulation-benchmarks.md; 30 retained, 0 excluded; final saturation arithmetic: 0/29 = 0.00% and 1/29 = 3.45%. Total screened-hit count was not captured."
S0241,2026-06-29,blind-ground,blind-ground,procedurally generated driving simulator road networks reinforcement learning MetaDrive official paper,mixed-primary-web,NR,NR,Source: paper/data/agent_runs/blind-ground.md; section: Discovery Queries / Autonomous Racing and Simulators. Per-query screened-hit and candidate-add counts were not captured.
S0242,2026-06-29,blind-ground,blind-ground,"""BAYESRACE"" ""random track generator""",mixed-primary-web,NR,NR,Source: paper/data/agent_runs/blind-ground.md; section: Discovery Queries / Autonomous Racing and Simulators. Per-query screened-hit and candidate-add counts were not captured.
S0243,2026-06-29,blind-ground,blind-ground,"""Improving the Generalization of End-to-End Driving through Procedural Generation"" authors",mixed-primary-web,NR,NR,Source: paper/data/agent_runs/blind-ground.md; section: Discovery Queries / Autonomous Racing and Simulators. Per-query screened-hit and candidate-add counts were not captured.
S0244,2026-06-29,blind-ground,blind-ground,"""DeepHyperion: Exploring the Feature Space"" DOI",mixed-primary-web,NR,NR,Source: paper/data/agent_runs/blind-ground.md; section: Discovery Queries / Autonomous-Vehicle Road and Map Generation. Per-query screened-hit and candidate-add counts were not captured.
S0245,2026-06-29,blind-ground,blind-ground,DeepJanus autonomous driving road generation DOI,mixed-primary-web,NR,NR,Source: paper/data/agent_runs/blind-ground.md; section: Discovery Queries / Autonomous-Vehicle Road and Map Generation. Per-query screened-hit and candidate-add counts were not captured.
S0246,2026-06-29,blind-ground,blind-ground,"""Extreme Parkour with Legged Robots"" procedural terrains",mixed-primary-web,NR,NR,"Source: paper/data/agent_runs/blind-ground.md; section: Discovery Queries / Legged, Parkour, and Open-Ended Terrain. Per-query screened-hit and candidate-add counts were not captured."
S0247,2026-06-29,aware-geometry-rl,aware-geometry-rl,autonomous vehicle fuzzing scenario generation road geometry fixed map,mixed-primary-web,NR,NR,Source: paper/data/agent_runs/aware-geometry-rl.md; section: Exact queries / Exclusion-lead verification queries. Per-query screened-hit and candidate-add counts were not captured.
S0248,2026-06-29,aware-geometry-rl,aware-geometry-rl,safety-critical traffic scenario factory road generation fixed road,mixed-primary-web,NR,NR,Source: paper/data/agent_runs/aware-geometry-rl.md; section: Exact queries / Exclusion-lead verification queries. Per-query screened-hit and candidate-add counts were not captured.
S0249,2026-06-29,aware-geometry-rl,aware-geometry-rl,procedural generation race track surroundings iterative level design,mixed-primary-web,NR,NR,Source: paper/data/agent_runs/aware-geometry-rl.md; section: Exact queries / Exclusion-lead verification queries. Per-query screened-hit and candidate-add counts were not captured.
