candidate_id,draft_file,draft_status,draft_criterion,needs_accountable_author_review,input_sha256,snapshot_sha256,primary_snapshot_sha256,assignment_ids,reviewer_ids,raw_access_statuses,trigger_ids,resolved_conflict_ids,conversion_status
C0001,batch-02.md,excluded,exclude-insufficient-detail,false,fa817f7ce2997e0243a704ea2093a7d7fd806059aa3f65554514035896bff488,c0977ed07d0c0bb25ea3a6be52e377f86d10bf3fff91d6bdccd389395e842c07,4c3c7b94db4f0cab66f00e4c2f9ada1198f700b0ad9857f19b8b4fee1dd7f212,A-C0001-03;A-C0001-05,screening-03;screening-05,abstract_only;abstract_only,A3,NR,ready_for_normalization
C0002,batch-02.md,excluded,exclude-insufficient-detail,false,37a7f68b5d591a47bb01c19f8642da699c8d1e39e027ee6e7f48ba6648e88b4b,c0977ed07d0c0bb25ea3a6be52e377f86d10bf3fff91d6bdccd389395e842c07,4c3c7b94db4f0cab66f00e4c2f9ada1198f700b0ad9857f19b8b4fee1dd7f212,A-C0002-01;A-C0002-05,screening-01;screening-05,abstract_only;abstract_only,A3,NR,ready_for_normalization
C0003,batch-02.md,excluded,exclude-insufficient-detail,false,fa3fe81888e5e96dde19749012c09a3dc50d355c1dd1488082e1b633086b4a7c,c0977ed07d0c0bb25ea3a6be52e377f86d10bf3fff91d6bdccd389395e842c07,4c3c7b94db4f0cab66f00e4c2f9ada1198f700b0ad9857f19b8b4fee1dd7f212,A-C0003-05;A-C0003-06,screening-05;screening-06,abstract_only;abstract_only,A3,NR,ready_for_normalization
C0004,batch-02.md,excluded,exclude-insufficient-detail,false,83f5e04c3912f3ad48ad9d2ed1e6a7de26e2c8be6eca0e447171972cae06af59,c0977ed07d0c0bb25ea3a6be52e377f86d10bf3fff91d6bdccd389395e842c07,4c3c7b94db4f0cab66f00e4c2f9ada1198f700b0ad9857f19b8b4fee1dd7f212,A-C0004-02;A-C0004-03,screening-02;screening-03,abstract_only;abstract_only,A3,NR,ready_for_normalization
C0005,batch-02.md,excluded,exclude-insufficient-detail,false,7378d541ddc4bd0ec89fe94126d7cfdc2a0d9ad7190512c008f7c943843dbc05,c0977ed07d0c0bb25ea3a6be52e377f86d10bf3fff91d6bdccd389395e842c07,4c3c7b94db4f0cab66f00e4c2f9ada1198f700b0ad9857f19b8b4fee1dd7f212,A-C0005-03;A-C0005-05,screening-03;screening-05,abstract_only;abstract_only,A3,NR,ready_for_normalization
C0007,batch-02.md,excluded,exclude-insufficient-detail,false,653a075d4d03fcce47d0dcef690e09bcf89ab6e2620be89eda3e7dfc01b0baae,c0977ed07d0c0bb25ea3a6be52e377f86d10bf3fff91d6bdccd389395e842c07,4c3c7b94db4f0cab66f00e4c2f9ada1198f700b0ad9857f19b8b4fee1dd7f212,A-C0007-04;A-C0007-06,screening-04;screening-06,abstract_only;abstract_only,A3,NR,ready_for_normalization
C0012,batch-02.md,excluded,exclude-insufficient-detail,false,f2d916679807edb81c1cf1f7b5cf9822595a3e8926454f15a380bf4d074db277,c0977ed07d0c0bb25ea3a6be52e377f86d10bf3fff91d6bdccd389395e842c07,4c3c7b94db4f0cab66f00e4c2f9ada1198f700b0ad9857f19b8b4fee1dd7f212,A-C0012-01;A-C0012-04,screening-01;screening-04,abstract_only;abstract_only,A3,NR,ready_for_normalization
C0018,batch-02.md,excluded,exclude-insufficient-detail,false,ef5a21936d1f3b2634a8a3611c1c9de32eb7c9cde1ff314c5fce8cd3373de535,c0977ed07d0c0bb25ea3a6be52e377f86d10bf3fff91d6bdccd389395e842c07,4c3c7b94db4f0cab66f00e4c2f9ada1198f700b0ad9857f19b8b4fee1dd7f212,A-C0018-02;A-C0018-04,screening-02;screening-04,abstract_only;abstract_only,A3,NR,ready_for_normalization
C0019,batch-02.md,excluded,exclude-insufficient-detail,false,0fc12f880b010e509d8c8630f0d215ce7ff0966693e92c13a9ed2394095a791f,c0977ed07d0c0bb25ea3a6be52e377f86d10bf3fff91d6bdccd389395e842c07,4c3c7b94db4f0cab66f00e4c2f9ada1198f700b0ad9857f19b8b4fee1dd7f212,A-C0019-03;A-C0019-06,screening-03;screening-06,abstract_only;abstract_only,A3,NR,ready_for_normalization
C0022,batch-02.md,excluded,exclude-insufficient-detail,false,e70e9e97ef2be48c1458f62b9e6cc94fd88ec7e6fff8954fe92d0c1e019d7944,c0977ed07d0c0bb25ea3a6be52e377f86d10bf3fff91d6bdccd389395e842c07,4c3c7b94db4f0cab66f00e4c2f9ada1198f700b0ad9857f19b8b4fee1dd7f212,A-C0022-01;A-C0022-03,screening-01;screening-03,abstract_only;abstract_only,A3,NR,ready_for_normalization
C0026,batch-02.md,excluded,exclude-insufficient-detail,false,17325e8221de27bf18903c0e782272b10985b5825fd1fce5af131c8c3d235e9c,c0977ed07d0c0bb25ea3a6be52e377f86d10bf3fff91d6bdccd389395e842c07,4c3c7b94db4f0cab66f00e4c2f9ada1198f700b0ad9857f19b8b4fee1dd7f212,A-C0026-01;A-C0026-06,screening-01;screening-06,abstract_only;abstract_only,A3,NR,ready_for_normalization
C0027,batch-02.md,excluded,exclude-insufficient-detail,false,4794216b3ad9e41b6d6bdc2e452b71d3c122e5b8c5839ba4af9d34f4a43d975e,c0977ed07d0c0bb25ea3a6be52e377f86d10bf3fff91d6bdccd389395e842c07,4c3c7b94db4f0cab66f00e4c2f9ada1198f700b0ad9857f19b8b4fee1dd7f212,A-C0027-04;A-C0027-05,screening-04;screening-05,abstract_only;abstract_only,A3,NR,ready_for_normalization
C0028,batch-02.md,excluded,exclude-insufficient-detail,false,f6d47e2c66ae9ffcc6b266ba97bc8749458d69ef6eaa01439a86b011d44a3afd,c0977ed07d0c0bb25ea3a6be52e377f86d10bf3fff91d6bdccd389395e842c07,4c3c7b94db4f0cab66f00e4c2f9ada1198f700b0ad9857f19b8b4fee1dd7f212,A-C0028-01;A-C0028-02,screening-01;screening-02,abstract_only;abstract_only,A3,NR,ready_for_normalization
C0029,batch-02.md,excluded,exclude-insufficient-detail,false,04a7d999e2d3de9802d683ca45611a74e737899ab3484d46b783d2c929777c58,c0977ed07d0c0bb25ea3a6be52e377f86d10bf3fff91d6bdccd389395e842c07,4c3c7b94db4f0cab66f00e4c2f9ada1198f700b0ad9857f19b8b4fee1dd7f212,A-C0029-01;A-C0029-04,screening-01;screening-04,abstract_only;abstract_only,A3,NR,ready_for_normalization
C0030,batch-02.md,excluded,exclude-insufficient-detail,false,5dd043717fec86384830a31d59bc9758fe903eca69bfb0e782eb3f567856dee6,c0977ed07d0c0bb25ea3a6be52e377f86d10bf3fff91d6bdccd389395e842c07,4c3c7b94db4f0cab66f00e4c2f9ada1198f700b0ad9857f19b8b4fee1dd7f212,A-C0030-01;A-C0030-06,screening-01;screening-06,abstract_only;abstract_only,A3,NR,ready_for_normalization
C0031,batch-02.md,excluded,exclude-insufficient-detail,false,5b855878b9acbbf217e3b55b894ce970e559c1a2dd441ac8dcbbf51069b1a1fd,c0977ed07d0c0bb25ea3a6be52e377f86d10bf3fff91d6bdccd389395e842c07,4c3c7b94db4f0cab66f00e4c2f9ada1198f700b0ad9857f19b8b4fee1dd7f212,A-C0031-03;A-C0031-06,screening-03;screening-06,abstract_only;abstract_only,A3,NR,ready_for_normalization
C0032,batch-02.md,excluded,exclude-insufficient-detail,false,87af24b751fca26935ea94e4482467be1c54e2ae1b24fa379678a66e2dd3a13e,c0977ed07d0c0bb25ea3a6be52e377f86d10bf3fff91d6bdccd389395e842c07,4c3c7b94db4f0cab66f00e4c2f9ada1198f700b0ad9857f19b8b4fee1dd7f212,A-C0032-01;A-C0032-06,screening-01;screening-06,abstract_only;abstract_only,A3,NR,ready_for_normalization
C0033,batch-02.md,excluded,exclude-insufficient-detail,false,596286dd1d885909eec4632904aca95b03d1a003cf99442f4f4851d11318a45e,c0977ed07d0c0bb25ea3a6be52e377f86d10bf3fff91d6bdccd389395e842c07,4c3c7b94db4f0cab66f00e4c2f9ada1198f700b0ad9857f19b8b4fee1dd7f212,A-C0033-02;A-C0033-06,screening-02;screening-06,abstract_only;abstract_only,A3,NR,ready_for_normalization
C0034,batch-02.md,excluded,exclude-insufficient-detail,false,04f4eaee14a7b681485cfb2e0b3265c6ac6de600f0d57ee896abe900cb9f8f0a,c0977ed07d0c0bb25ea3a6be52e377f86d10bf3fff91d6bdccd389395e842c07,4c3c7b94db4f0cab66f00e4c2f9ada1198f700b0ad9857f19b8b4fee1dd7f212,A-C0034-01;A-C0034-05,screening-01;screening-05,abstract_only;abstract_only,A3,NR,ready_for_normalization
C0035,batch-02.md,excluded,exclude-insufficient-detail,false,f84714299c266c206ace15c225017225ee219ef254c5d6bfb36a994ff3034152,c0977ed07d0c0bb25ea3a6be52e377f86d10bf3fff91d6bdccd389395e842c07,4c3c7b94db4f0cab66f00e4c2f9ada1198f700b0ad9857f19b8b4fee1dd7f212,A-C0035-02;A-C0035-06,screening-02;screening-06,abstract_only;abstract_only,A3,NR,ready_for_normalization
C0036,batch-02.md,excluded,exclude-insufficient-detail,false,ab75449d53b5d05e4ebf1d13eae130d1439a5a70b57e1e23740db7d62a9b5e4c,c0977ed07d0c0bb25ea3a6be52e377f86d10bf3fff91d6bdccd389395e842c07,4c3c7b94db4f0cab66f00e4c2f9ada1198f700b0ad9857f19b8b4fee1dd7f212,A-C0036-03;A-C0036-04,screening-03;screening-04,abstract_only;abstract_only,A3,NR,ready_for_normalization
C0037,batch-02.md,excluded,exclude-insufficient-detail,false,3cd07ec91b02ece117fd50e3a7e9a267ce7d22110115290d91c44bfaee124fc7,c0977ed07d0c0bb25ea3a6be52e377f86d10bf3fff91d6bdccd389395e842c07,4c3c7b94db4f0cab66f00e4c2f9ada1198f700b0ad9857f19b8b4fee1dd7f212,A-C0037-01;A-C0037-02,screening-01;screening-02,abstract_only;abstract_only,A3,NR,ready_for_normalization
C0038,batch-02.md,excluded,exclude-insufficient-detail,false,323b38ef6efa3ca395f319ee5672f29db32c448d1a20d48175eff51d99e48f00,c0977ed07d0c0bb25ea3a6be52e377f86d10bf3fff91d6bdccd389395e842c07,4c3c7b94db4f0cab66f00e4c2f9ada1198f700b0ad9857f19b8b4fee1dd7f212,A-C0038-04;A-C0038-05,screening-04;screening-05,abstract_only;abstract_only,A3,NR,ready_for_normalization
C0039,batch-02.md,excluded,exclude-insufficient-detail,false,c35f5e7233b83bdbdbc684fb9bea98ad46262af2a0411f759f7b5c2ef2bc44e6,c0977ed07d0c0bb25ea3a6be52e377f86d10bf3fff91d6bdccd389395e842c07,4c3c7b94db4f0cab66f00e4c2f9ada1198f700b0ad9857f19b8b4fee1dd7f212,A-C0039-01;A-C0039-04,screening-01;screening-04,abstract_only;abstract_only,A3,NR,ready_for_normalization
C0040,batch-02.md,excluded,exclude-insufficient-detail,false,4dce1734f331cf4a1216150b77f510964f7e105b6ee73097c331e0e8ce0f7ad2,c0977ed07d0c0bb25ea3a6be52e377f86d10bf3fff91d6bdccd389395e842c07,4c3c7b94db4f0cab66f00e4c2f9ada1198f700b0ad9857f19b8b4fee1dd7f212,A-C0040-02;A-C0040-06,screening-02;screening-06,abstract_only;abstract_only,A3,NR,ready_for_normalization
C0041,batch-02.md,excluded,exclude-insufficient-detail,false,ed54d2e8be7cd6d86bb3cd2c3a09ef23987d2ee74323f23dccc2bd30030d0270,c0977ed07d0c0bb25ea3a6be52e377f86d10bf3fff91d6bdccd389395e842c07,4c3c7b94db4f0cab66f00e4c2f9ada1198f700b0ad9857f19b8b4fee1dd7f212,A-C0041-03;A-C0041-05,screening-03;screening-05,abstract_only;abstract_only,A3,NR,ready_for_normalization
C0042,batch-02.md,excluded,exclude-insufficient-detail,false,6b6c66a333c327450e58836d10b4b2fb15a3f674bcaf816f91b40ff317027bb8,c0977ed07d0c0bb25ea3a6be52e377f86d10bf3fff91d6bdccd389395e842c07,4c3c7b94db4f0cab66f00e4c2f9ada1198f700b0ad9857f19b8b4fee1dd7f212,A-C0042-02;A-C0042-05,screening-02;screening-05,abstract_only;abstract_only,A3,NR,ready_for_normalization
C0043,batch-02.md,excluded,exclude-insufficient-detail,false,1732b3987d8047f6a767af2c688341c280c868694fec3d32c715b6c1eba20e11,c0977ed07d0c0bb25ea3a6be52e377f86d10bf3fff91d6bdccd389395e842c07,4c3c7b94db4f0cab66f00e4c2f9ada1198f700b0ad9857f19b8b4fee1dd7f212,A-C0043-02;A-C0043-06,screening-02;screening-06,abstract_only;abstract_only,A3,NR,ready_for_normalization
C0044,batch-02.md,excluded,exclude-insufficient-detail,false,5f494b88653a849ca9ed7a987daf8c8405e874b26ceb90ad063323c270e113fc,c0977ed07d0c0bb25ea3a6be52e377f86d10bf3fff91d6bdccd389395e842c07,4c3c7b94db4f0cab66f00e4c2f9ada1198f700b0ad9857f19b8b4fee1dd7f212,A-C0044-01;A-C0044-06,screening-01;screening-06,abstract_only;abstract_only,A3,NR,ready_for_normalization
C0045,batch-02.md,excluded,exclude-insufficient-detail,false,c9e9cc6bb81a454fd2094c3bb5a67a9309b44acc60e816f1e22378b9128507bc,c0977ed07d0c0bb25ea3a6be52e377f86d10bf3fff91d6bdccd389395e842c07,4c3c7b94db4f0cab66f00e4c2f9ada1198f700b0ad9857f19b8b4fee1dd7f212,A-C0045-02;A-C0045-05,screening-02;screening-05,abstract_only;abstract_only,A3,NR,ready_for_normalization
C0046,batch-02.md,excluded,exclude-insufficient-detail,true,828a9557ee0299024f4776f385d6ba0a8165b379ee26b80c2a1c7496f31e4fca,c0977ed07d0c0bb25ea3a6be52e377f86d10bf3fff91d6bdccd389395e842c07,4c3c7b94db4f0cab66f00e4c2f9ada1198f700b0ad9857f19b8b4fee1dd7f212,A-C0046-03;A-C0046-04,screening-03;screening-04,full_text;full_text,A3,NR,requires_accountable_author_review
C0048,batch-03.md,excluded,exclude-insufficient-detail,false,bcde21f04cb492556c5087c0521d75370c39458f7d4a099b664c57637d290ea8,c0977ed07d0c0bb25ea3a6be52e377f86d10bf3fff91d6bdccd389395e842c07,4c3c7b94db4f0cab66f00e4c2f9ada1198f700b0ad9857f19b8b4fee1dd7f212,A-C0048-02;A-C0048-05,screening-02;screening-05,abstract_only;abstract_only,A3,NR,ready_for_normalization
C0053,batch-03.md,excluded,exclude-insufficient-detail,false,a48a2375c8a91879edaac0ac0e46c01f26c9805dbb770cb3530211eec98c8c17,c0977ed07d0c0bb25ea3a6be52e377f86d10bf3fff91d6bdccd389395e842c07,4c3c7b94db4f0cab66f00e4c2f9ada1198f700b0ad9857f19b8b4fee1dd7f212,A-C0053-05;A-C0053-06,screening-05;screening-06,abstract_only;abstract_only,A3,NR,ready_for_normalization
C0055,batch-03.md,excluded,exclude-insufficient-detail,false,d110e7b411eb4932f7e1f878b632ab8c1a98e78215dcb86d9c0d27608660b4fa,c0977ed07d0c0bb25ea3a6be52e377f86d10bf3fff91d6bdccd389395e842c07,4c3c7b94db4f0cab66f00e4c2f9ada1198f700b0ad9857f19b8b4fee1dd7f212,A-C0055-01;A-C0055-02,screening-01;screening-02,abstract_only;abstract_only,A3,NR,ready_for_normalization
C0056,batch-03.md,excluded,exclude-insufficient-detail,false,f158305a6e3f7515ca6e060f23e5d221862f78b6f7f9bd98995359382924e619,c0977ed07d0c0bb25ea3a6be52e377f86d10bf3fff91d6bdccd389395e842c07,4c3c7b94db4f0cab66f00e4c2f9ada1198f700b0ad9857f19b8b4fee1dd7f212,A-C0056-02;A-C0056-04,screening-02;screening-04,abstract_only;abstract_only,A3,NR,ready_for_normalization
C0057,batch-03.md,excluded,exclude-insufficient-detail,false,155621ac88cec28ad26fb454de58b3bc961b5c076d221dfbb116d19c016d2a3f,c0977ed07d0c0bb25ea3a6be52e377f86d10bf3fff91d6bdccd389395e842c07,4c3c7b94db4f0cab66f00e4c2f9ada1198f700b0ad9857f19b8b4fee1dd7f212,A-C0057-01;A-C0057-02,screening-01;screening-02,abstract_only;abstract_only,A3,NR,ready_for_normalization
C0058,batch-03.md,excluded,exclude-insufficient-detail,false,c6152a74e070cd716162a4660a39b6ac8bf5b5fe05df6d9383a15104697e4ecc,c0977ed07d0c0bb25ea3a6be52e377f86d10bf3fff91d6bdccd389395e842c07,4c3c7b94db4f0cab66f00e4c2f9ada1198f700b0ad9857f19b8b4fee1dd7f212,A-C0058-03;A-C0058-04,screening-03;screening-04,abstract_only;abstract_only,A3,NR,ready_for_normalization
C0059,batch-03.md,excluded,exclude-insufficient-detail,false,80f83feb6f321b0c8183f354611878a3c48ef2ca6d3afac677b72b4796a250b1,c0977ed07d0c0bb25ea3a6be52e377f86d10bf3fff91d6bdccd389395e842c07,4c3c7b94db4f0cab66f00e4c2f9ada1198f700b0ad9857f19b8b4fee1dd7f212,A-C0059-01;A-C0059-03,screening-01;screening-03,abstract_only;abstract_only,A3,NR,ready_for_normalization
C0060,batch-03.md,excluded,exclude-insufficient-detail,false,a19d8413d12ad77aaa924c7abe50b2a915f5009ac8979fb1fdc84bacd795edac,c0977ed07d0c0bb25ea3a6be52e377f86d10bf3fff91d6bdccd389395e842c07,4c3c7b94db4f0cab66f00e4c2f9ada1198f700b0ad9857f19b8b4fee1dd7f212,A-C0060-01;A-C0060-04,screening-01;screening-04,abstract_only;abstract_only,A3,NR,ready_for_normalization
C0061,batch-03.md,excluded,exclude-out-of-scope,false,70ac570bc6190e430af01c80c7da830f3ba253774c776589e1dde8c3566520ed,c0977ed07d0c0bb25ea3a6be52e377f86d10bf3fff91d6bdccd389395e842c07,4c3c7b94db4f0cab66f00e4c2f9ada1198f700b0ad9857f19b8b4fee1dd7f212,A-C0061-04;A-C0061-05,screening-04;screening-05,full_text;full_text,A3,NR,ready_for_normalization
C0062,batch-03.md,excluded,exclude-insufficient-detail,false,52d27c1fd5b28d91dc70e5b7935724845cde490a2a42c25c29d78e0c269b4fe3,c0977ed07d0c0bb25ea3a6be52e377f86d10bf3fff91d6bdccd389395e842c07,4c3c7b94db4f0cab66f00e4c2f9ada1198f700b0ad9857f19b8b4fee1dd7f212,A-C0062-01;A-C0062-06,screening-01;screening-06,abstract_only;abstract_only,A3,NR,ready_for_normalization
C0064,batch-03.md,excluded,exclude-insufficient-detail,false,64635318837edf9c6d6553709b9d2ba8712905398ab55c66071bb94cce3f3ebe,c0977ed07d0c0bb25ea3a6be52e377f86d10bf3fff91d6bdccd389395e842c07,4c3c7b94db4f0cab66f00e4c2f9ada1198f700b0ad9857f19b8b4fee1dd7f212,A-C0064-03;A-C0064-06,screening-03;screening-06,abstract_only;abstract_only,A3,NR,ready_for_normalization
C0065,batch-03.md,excluded,exclude-insufficient-detail,false,12191f9f7cd84ca0492562e8a55d4ef6a18e2c5da7bf8769b24ce2791d33f267,c0977ed07d0c0bb25ea3a6be52e377f86d10bf3fff91d6bdccd389395e842c07,4c3c7b94db4f0cab66f00e4c2f9ada1198f700b0ad9857f19b8b4fee1dd7f212,A-C0065-01;A-C0065-02,screening-01;screening-02,abstract_only;abstract_only,A3,NR,ready_for_normalization
C0066,batch-03.md,excluded,exclude-insufficient-detail,false,9588bfdaf7c4fecda8e7b4d18726cfd24dc393f4fd9ed7292a2121947ac36f69,c0977ed07d0c0bb25ea3a6be52e377f86d10bf3fff91d6bdccd389395e842c07,4c3c7b94db4f0cab66f00e4c2f9ada1198f700b0ad9857f19b8b4fee1dd7f212,A-C0066-01;A-C0066-03,screening-01;screening-03,abstract_only;abstract_only,A3,NR,ready_for_normalization
C0067,batch-03.md,excluded,exclude-insufficient-detail,false,21aa645980f3f67d1af56d1b01840dea5cc01ae483a2a3792d8daa58db6dde59,c0977ed07d0c0bb25ea3a6be52e377f86d10bf3fff91d6bdccd389395e842c07,4c3c7b94db4f0cab66f00e4c2f9ada1198f700b0ad9857f19b8b4fee1dd7f212,A-C0067-03;A-C0067-04,screening-03;screening-04,abstract_only;abstract_only,A3,NR,ready_for_normalization
C0068,batch-03.md,excluded,exclude-insufficient-detail,false,ab20c6fbd75eeb118a148b64d840ea3ed6cbdbcbaea4f738b6388b262be94258,c0977ed07d0c0bb25ea3a6be52e377f86d10bf3fff91d6bdccd389395e842c07,4c3c7b94db4f0cab66f00e4c2f9ada1198f700b0ad9857f19b8b4fee1dd7f212,A-C0068-02;A-C0068-05,screening-02;screening-05,abstract_only;abstract_only,A3,NR,ready_for_normalization
C0070,batch-03.md,excluded,exclude-insufficient-detail,false,43ac481a5c4036226f20324be419ed8d76caf04f2b900471be7ac33f95680cbb,c0977ed07d0c0bb25ea3a6be52e377f86d10bf3fff91d6bdccd389395e842c07,4c3c7b94db4f0cab66f00e4c2f9ada1198f700b0ad9857f19b8b4fee1dd7f212,A-C0070-01;A-C0070-03,screening-01;screening-03,abstract_only;abstract_only,A3,NR,ready_for_normalization
C0073,batch-01.md,excluded,exclude-insufficient-detail,false,a39c55a6670c95ae63c5e4e3c6e2f7b71e88bebde12e3c9fade3fb0c3e8e8714,c0977ed07d0c0bb25ea3a6be52e377f86d10bf3fff91d6bdccd389395e842c07,4c3c7b94db4f0cab66f00e4c2f9ada1198f700b0ad9857f19b8b4fee1dd7f212,A-C0073-01;A-C0073-04,screening-01;screening-04,full_text;full_text,A2,NR,ready_for_normalization
C0074,batch-03.md,excluded,exclude-insufficient-detail,false,92712d25617af6970c90ecf93f719efe026e0a40fc2e6fc316411c4f93bdc713,c0977ed07d0c0bb25ea3a6be52e377f86d10bf3fff91d6bdccd389395e842c07,4c3c7b94db4f0cab66f00e4c2f9ada1198f700b0ad9857f19b8b4fee1dd7f212,A-C0074-01;A-C0074-03,screening-01;screening-03,abstract_only;abstract_only,A3,NR,ready_for_normalization
C0075,batch-03.md,excluded,exclude-insufficient-detail,false,b76c69256f72deb062fdf621784a4fc67c14d3cf9d6a9a54e7e3367cc49e5dbe,c0977ed07d0c0bb25ea3a6be52e377f86d10bf3fff91d6bdccd389395e842c07,4c3c7b94db4f0cab66f00e4c2f9ada1198f700b0ad9857f19b8b4fee1dd7f212,A-C0075-02;A-C0075-03,screening-02;screening-03,abstract_only;abstract_only,A3,NR,ready_for_normalization
C0076,batch-03.md,excluded,exclude-insufficient-detail,false,086cd858b90826252be920c2eb4d4ba6ddf543dd60b1a51bd4208ad9dc3c77d3,c0977ed07d0c0bb25ea3a6be52e377f86d10bf3fff91d6bdccd389395e842c07,4c3c7b94db4f0cab66f00e4c2f9ada1198f700b0ad9857f19b8b4fee1dd7f212,A-C0076-01;A-C0076-05,screening-01;screening-05,abstract_only;abstract_only,A3,NR,ready_for_normalization
C0077,batch-03.md,excluded,exclude-insufficient-detail,false,2eb5f22f49b917431f2ce29709899b2e230531559f4ab8e6aa5bbc2d15aae508,c0977ed07d0c0bb25ea3a6be52e377f86d10bf3fff91d6bdccd389395e842c07,4c3c7b94db4f0cab66f00e4c2f9ada1198f700b0ad9857f19b8b4fee1dd7f212,A-C0077-02;A-C0077-06,screening-02;screening-06,abstract_only;abstract_only,A3,NR,ready_for_normalization
C0078,batch-03.md,excluded,exclude-insufficient-detail,false,cf104034f2d7ae570da97063a1dfcc82c64b9788d108356655cce3c5e6142046,c0977ed07d0c0bb25ea3a6be52e377f86d10bf3fff91d6bdccd389395e842c07,4c3c7b94db4f0cab66f00e4c2f9ada1198f700b0ad9857f19b8b4fee1dd7f212,A-C0078-02;A-C0078-03,screening-02;screening-03,abstract_only;abstract_only,A3,NR,ready_for_normalization
C0079,batch-03.md,excluded,exclude-insufficient-detail,false,b8320dd87b89d40a95ddeee6cbec0674f962b77068a2e35b6ebbdc2455740cf3,c0977ed07d0c0bb25ea3a6be52e377f86d10bf3fff91d6bdccd389395e842c07,4c3c7b94db4f0cab66f00e4c2f9ada1198f700b0ad9857f19b8b4fee1dd7f212,A-C0079-02;A-C0079-05,screening-02;screening-05,abstract_only;abstract_only,A3,NR,ready_for_normalization
C0080,batch-03.md,excluded,exclude-insufficient-detail,false,d4091c6d42b899e79e001138e5dcf00ac42e8540c7bfeb365a11731fdf9570c2,c0977ed07d0c0bb25ea3a6be52e377f86d10bf3fff91d6bdccd389395e842c07,4c3c7b94db4f0cab66f00e4c2f9ada1198f700b0ad9857f19b8b4fee1dd7f212,A-C0080-02;A-C0080-05,screening-02;screening-05,abstract_only;abstract_only,A3,NR,ready_for_normalization
C0081,batch-03.md,excluded,exclude-insufficient-detail,false,8e4c020039ebb22fd55a7e8ea04eb087103139fc6a7c6462719eb84408b0d665,c0977ed07d0c0bb25ea3a6be52e377f86d10bf3fff91d6bdccd389395e842c07,4c3c7b94db4f0cab66f00e4c2f9ada1198f700b0ad9857f19b8b4fee1dd7f212,A-C0081-02;A-C0081-03,screening-02;screening-03,abstract_only;abstract_only,A3,NR,ready_for_normalization
C0082,batch-03.md,excluded,exclude-insufficient-detail,false,067fa272a3b9046c9c081a8d0534efe2674b93c6fda11d9e96ff95446d260c6d,c0977ed07d0c0bb25ea3a6be52e377f86d10bf3fff91d6bdccd389395e842c07,4c3c7b94db4f0cab66f00e4c2f9ada1198f700b0ad9857f19b8b4fee1dd7f212,A-C0082-05;A-C0082-06,screening-05;screening-06,abstract_only;abstract_only,A3,NR,ready_for_normalization
C0083,batch-03.md,excluded,exclude-insufficient-detail,false,d8d4d1bf995f837226123a916715e62565b3edda458901fbfff22639594adca9,c0977ed07d0c0bb25ea3a6be52e377f86d10bf3fff91d6bdccd389395e842c07,4c3c7b94db4f0cab66f00e4c2f9ada1198f700b0ad9857f19b8b4fee1dd7f212,A-C0083-02;A-C0083-03,screening-02;screening-03,abstract_only;abstract_only,A3,NR,ready_for_normalization
C0084,batch-03.md,excluded,exclude-insufficient-detail,false,b16343ba216f83fe9c09966c6129327587b3b665e260e91a183194ec7c4f5c65,c0977ed07d0c0bb25ea3a6be52e377f86d10bf3fff91d6bdccd389395e842c07,4c3c7b94db4f0cab66f00e4c2f9ada1198f700b0ad9857f19b8b4fee1dd7f212,A-C0084-03;A-C0084-06,screening-03;screening-06,abstract_only;abstract_only,A3,NR,ready_for_normalization
C0085,batch-03.md,excluded,exclude-insufficient-detail,false,fd4536fe56093f4509ed2b942f54447d3d212f4a5855c19297ead07d379dddfd,c0977ed07d0c0bb25ea3a6be52e377f86d10bf3fff91d6bdccd389395e842c07,4c3c7b94db4f0cab66f00e4c2f9ada1198f700b0ad9857f19b8b4fee1dd7f212,A-C0085-04;A-C0085-06,screening-04;screening-06,abstract_only;abstract_only,A3,NR,ready_for_normalization
C0086,batch-03.md,excluded,exclude-insufficient-detail,false,e0755d9a59c32be14bf4b080697bdafa930b28b11d74ec9b272ea169eb7d0237,c0977ed07d0c0bb25ea3a6be52e377f86d10bf3fff91d6bdccd389395e842c07,4c3c7b94db4f0cab66f00e4c2f9ada1198f700b0ad9857f19b8b4fee1dd7f212,A-C0086-02;A-C0086-06,screening-02;screening-06,abstract_only;abstract_only,A3,NR,ready_for_normalization
C0087,batch-03.md,excluded,exclude-insufficient-detail,false,435d4a88445f91e391b451cb92fb1b21c311e6436f26a544c5e28a7c0a6e0904,c0977ed07d0c0bb25ea3a6be52e377f86d10bf3fff91d6bdccd389395e842c07,4c3c7b94db4f0cab66f00e4c2f9ada1198f700b0ad9857f19b8b4fee1dd7f212,A-C0087-04;A-C0087-06,screening-04;screening-06,abstract_only;abstract_only,A3,NR,ready_for_normalization
C0089,batch-03.md,excluded,exclude-insufficient-detail,false,50a6e19fc2d451aefdb2d0da1ae48479fcd29eede1733072a42d3b2123ad482a,c0977ed07d0c0bb25ea3a6be52e377f86d10bf3fff91d6bdccd389395e842c07,4c3c7b94db4f0cab66f00e4c2f9ada1198f700b0ad9857f19b8b4fee1dd7f212,A-C0089-01;A-C0089-06,screening-01;screening-06,abstract_only;abstract_only,A3,NR,ready_for_normalization
C0090,batch-04.md,excluded,exclude-out-of-scope,false,f25a40070edba2783c3255f87a0938efcc1a5844f0324ba6d2ad82a5157997aa,c0977ed07d0c0bb25ea3a6be52e377f86d10bf3fff91d6bdccd389395e842c07,4c3c7b94db4f0cab66f00e4c2f9ada1198f700b0ad9857f19b8b4fee1dd7f212,A-C0090-02;A-C0090-04,screening-02;screening-04,official_documentation;official_documentation,A3,NR,ready_for_normalization
C0091,batch-04.md,excluded,exclude-insufficient-detail,false,da87b4861aac8f4a7787d280e9ca5165a9d59265c4f32db3ab6acf7a10747f98,c0977ed07d0c0bb25ea3a6be52e377f86d10bf3fff91d6bdccd389395e842c07,4c3c7b94db4f0cab66f00e4c2f9ada1198f700b0ad9857f19b8b4fee1dd7f212,A-C0091-01;A-C0091-04,screening-01;screening-04,abstract_only;abstract_only,A3,NR,ready_for_normalization
C0092,batch-04.md,excluded,exclude-insufficient-detail,false,d0d4e1d3ceb080ca4dd67f12216d69813e9eebc304ba87cfa812e5dc7b89dec5,c0977ed07d0c0bb25ea3a6be52e377f86d10bf3fff91d6bdccd389395e842c07,4c3c7b94db4f0cab66f00e4c2f9ada1198f700b0ad9857f19b8b4fee1dd7f212,A-C0092-04;A-C0092-05,screening-04;screening-05,abstract_only;abstract_only,A3,NR,ready_for_normalization
C0093,batch-04.md,excluded,exclude-insufficient-detail,false,9382c493b51a4e7e0b40f65f7c9eed60d8863587ea15502315d3d64d2fb582c5,c0977ed07d0c0bb25ea3a6be52e377f86d10bf3fff91d6bdccd389395e842c07,4c3c7b94db4f0cab66f00e4c2f9ada1198f700b0ad9857f19b8b4fee1dd7f212,A-C0093-01;A-C0093-04,screening-01;screening-04,abstract_only;abstract_only,A3,NR,ready_for_normalization
C0094,batch-04.md,excluded,exclude-insufficient-detail,false,7e375e8cf8fc3c097f672726eb96c601de3fc7a6b906b07348158186d662a470,c0977ed07d0c0bb25ea3a6be52e377f86d10bf3fff91d6bdccd389395e842c07,4c3c7b94db4f0cab66f00e4c2f9ada1198f700b0ad9857f19b8b4fee1dd7f212,A-C0094-01;A-C0094-05,screening-01;screening-05,abstract_only;abstract_only,A3,NR,ready_for_normalization
C0095,batch-04.md,excluded,exclude-insufficient-detail,false,d5e211f4515a3e640157de6a2049eae2c2385ea41b25ae06ea173b10efc70ce6,c0977ed07d0c0bb25ea3a6be52e377f86d10bf3fff91d6bdccd389395e842c07,4c3c7b94db4f0cab66f00e4c2f9ada1198f700b0ad9857f19b8b4fee1dd7f212,A-C0095-01;A-C0095-06,screening-01;screening-06,abstract_only;abstract_only,A3,NR,ready_for_normalization
C0096,batch-04.md,excluded,exclude-insufficient-detail,false,71580b3ca6fb23cbd19c06bcd563cbf13673fa58b701ba69bde36b6f71441647,c0977ed07d0c0bb25ea3a6be52e377f86d10bf3fff91d6bdccd389395e842c07,4c3c7b94db4f0cab66f00e4c2f9ada1198f700b0ad9857f19b8b4fee1dd7f212,A-C0096-04;A-C0096-06,screening-04;screening-06,abstract_only;abstract_only,A3,NR,ready_for_normalization
C0098,batch-01.md,excluded,exclude-out-of-scope,false,e3f0657df14bf1555b173f7982ef6a4ff60618c4e335f2d56f5db0ac9cfeb19d,c0977ed07d0c0bb25ea3a6be52e377f86d10bf3fff91d6bdccd389395e842c07,4c3c7b94db4f0cab66f00e4c2f9ada1198f700b0ad9857f19b8b4fee1dd7f212,A-C0098-03;A-C0098-04,screening-03;screening-04,official_documentation;official_documentation,A2,NR,ready_for_normalization
C0099,batch-04.md,excluded,exclude-insufficient-detail,false,3f80944903bcafed531ab4d20606d035d534255d26c41265385f0bb67b5f2ef2,c0977ed07d0c0bb25ea3a6be52e377f86d10bf3fff91d6bdccd389395e842c07,4c3c7b94db4f0cab66f00e4c2f9ada1198f700b0ad9857f19b8b4fee1dd7f212,A-C0099-03;A-C0099-05,screening-03;screening-05,abstract_only;abstract_only,A3,NR,ready_for_normalization
C0100,batch-04.md,excluded,exclude-insufficient-detail,false,4d859b24d53e42a0456e9f21012dc5d70324e89c93467059f8eed53bbb8e7ee0,c0977ed07d0c0bb25ea3a6be52e377f86d10bf3fff91d6bdccd389395e842c07,4c3c7b94db4f0cab66f00e4c2f9ada1198f700b0ad9857f19b8b4fee1dd7f212,A-C0100-03;A-C0100-05,screening-03;screening-05,abstract_only;abstract_only,A3,NR,ready_for_normalization
C0101,batch-04.md,excluded,exclude-insufficient-detail,false,b70d933eead435e9c5c5c2cce51e890f3500749a3866e7c1d1601b4fe84fc51a,c0977ed07d0c0bb25ea3a6be52e377f86d10bf3fff91d6bdccd389395e842c07,4c3c7b94db4f0cab66f00e4c2f9ada1198f700b0ad9857f19b8b4fee1dd7f212,A-C0101-04;A-C0101-06,screening-04;screening-06,abstract_only;abstract_only,A3,NR,ready_for_normalization
C0103,batch-04.md,excluded,exclude-insufficient-detail,false,249407af9385a25fd91226a5576efca519f18a071cc89e6e92798265d1c430ab,c0977ed07d0c0bb25ea3a6be52e377f86d10bf3fff91d6bdccd389395e842c07,4c3c7b94db4f0cab66f00e4c2f9ada1198f700b0ad9857f19b8b4fee1dd7f212,A-C0103-02;A-C0103-04,screening-02;screening-04,abstract_only;abstract_only,A3,NR,ready_for_normalization
C0104,batch-04.md,excluded,exclude-insufficient-detail,false,9044f371e3a462514df11fbdd7223e5911ec1bfae4adbf97c06d56b07695327f,c0977ed07d0c0bb25ea3a6be52e377f86d10bf3fff91d6bdccd389395e842c07,4c3c7b94db4f0cab66f00e4c2f9ada1198f700b0ad9857f19b8b4fee1dd7f212,A-C0104-03;A-C0104-04,screening-03;screening-04,abstract_only;abstract_only,A3,NR,ready_for_normalization
C0106,batch-04.md,excluded,exclude-insufficient-detail,false,b77bffbb98e79dff417e91e4443abf429fe0e02aeb3d7f798e96f3039ec9d67c,c0977ed07d0c0bb25ea3a6be52e377f86d10bf3fff91d6bdccd389395e842c07,4c3c7b94db4f0cab66f00e4c2f9ada1198f700b0ad9857f19b8b4fee1dd7f212,A-C0106-02;A-C0106-06,screening-02;screening-06,abstract_only;abstract_only,A3,NR,ready_for_normalization
C0108,batch-04.md,excluded,exclude-insufficient-detail,false,3168e257f9cf68f2ebe77419228b0a1689d4a3c1eb9b98749a0459447389fd75,c0977ed07d0c0bb25ea3a6be52e377f86d10bf3fff91d6bdccd389395e842c07,4c3c7b94db4f0cab66f00e4c2f9ada1198f700b0ad9857f19b8b4fee1dd7f212,A-C0108-02;A-C0108-03,screening-02;screening-03,abstract_only;abstract_only,A3,NR,ready_for_normalization
C0109,batch-04.md,excluded,exclude-insufficient-detail,false,74041be3e1706a2547df0eb1080f0cad4f0acfba7c21735dbf8900aa475520d7,c0977ed07d0c0bb25ea3a6be52e377f86d10bf3fff91d6bdccd389395e842c07,4c3c7b94db4f0cab66f00e4c2f9ada1198f700b0ad9857f19b8b4fee1dd7f212,A-C0109-03;A-C0109-05,screening-03;screening-05,abstract_only;abstract_only,A3,NR,ready_for_normalization
C0111,batch-04.md,excluded,exclude-insufficient-detail,false,30b2c8362ac751e4efbc873968b98ddf089563b83933d17a3ffb6ef0afcf0b6f,c0977ed07d0c0bb25ea3a6be52e377f86d10bf3fff91d6bdccd389395e842c07,4c3c7b94db4f0cab66f00e4c2f9ada1198f700b0ad9857f19b8b4fee1dd7f212,A-C0111-04;A-C0111-05,screening-04;screening-05,abstract_only;abstract_only,A3,NR,ready_for_normalization
C0112,batch-04.md,excluded,exclude-insufficient-detail,false,ace7e6229f20699c952c493c45e6b30a8a4dc22c17040a7c3411b9e4f85be36a,c0977ed07d0c0bb25ea3a6be52e377f86d10bf3fff91d6bdccd389395e842c07,4c3c7b94db4f0cab66f00e4c2f9ada1198f700b0ad9857f19b8b4fee1dd7f212,A-C0112-01;A-C0112-02,screening-01;screening-02,abstract_only;abstract_only,A3,NR,ready_for_normalization
C0113,batch-04.md,excluded,exclude-insufficient-detail,false,3126896692d1e0fa80a7fe1008500a5984a2762cabee06921434353b0e48a774,c0977ed07d0c0bb25ea3a6be52e377f86d10bf3fff91d6bdccd389395e842c07,4c3c7b94db4f0cab66f00e4c2f9ada1198f700b0ad9857f19b8b4fee1dd7f212,A-C0113-04;A-C0113-05,screening-04;screening-05,abstract_only;abstract_only,A3,NR,ready_for_normalization
C0114,batch-04.md,excluded,exclude-insufficient-detail,false,890e6c2c24a7452c958d2722579fe36ad3b970c748302a3a630afa0bd68babc7,c0977ed07d0c0bb25ea3a6be52e377f86d10bf3fff91d6bdccd389395e842c07,4c3c7b94db4f0cab66f00e4c2f9ada1198f700b0ad9857f19b8b4fee1dd7f212,A-C0114-03;A-C0114-06,screening-03;screening-06,abstract_only;abstract_only,A3,NR,ready_for_normalization
C0115,batch-04.md,excluded,exclude-insufficient-detail,false,8c1eae977ae799ce173bafcf2431daf97a1ca0661ee1d4cdc9042cac13031539,c0977ed07d0c0bb25ea3a6be52e377f86d10bf3fff91d6bdccd389395e842c07,4c3c7b94db4f0cab66f00e4c2f9ada1198f700b0ad9857f19b8b4fee1dd7f212,A-C0115-03;A-C0115-04,screening-03;screening-04,abstract_only;abstract_only,A3,NR,ready_for_normalization
C0116,batch-04.md,excluded,exclude-insufficient-detail,false,09a1c888d99af13d5c5af20f7a22989335e015aa18a37a8d34e2761068459a9c,c0977ed07d0c0bb25ea3a6be52e377f86d10bf3fff91d6bdccd389395e842c07,4c3c7b94db4f0cab66f00e4c2f9ada1198f700b0ad9857f19b8b4fee1dd7f212,A-C0116-02;A-C0116-05,screening-02;screening-05,abstract_only;abstract_only,A3,NR,ready_for_normalization
C0120,batch-04.md,excluded,exclude-insufficient-detail,false,40c7feb3304e151c02f19a4014a003e67daeaef572210e927ec438c547afa164,c0977ed07d0c0bb25ea3a6be52e377f86d10bf3fff91d6bdccd389395e842c07,4c3c7b94db4f0cab66f00e4c2f9ada1198f700b0ad9857f19b8b4fee1dd7f212,A-C0120-01;A-C0120-02,screening-01;screening-02,abstract_only;abstract_only,A3,NR,ready_for_normalization
C0123,batch-04.md,excluded,exclude-insufficient-detail,false,4eee3f1a88002798ebb1c783296dcc87563b5fda9d1fa76debadfe6d1d2dc43f,c0977ed07d0c0bb25ea3a6be52e377f86d10bf3fff91d6bdccd389395e842c07,4c3c7b94db4f0cab66f00e4c2f9ada1198f700b0ad9857f19b8b4fee1dd7f212,A-C0123-03;A-C0123-04,screening-03;screening-04,abstract_only;abstract_only,A3,NR,ready_for_normalization
C0124,batch-04.md,excluded,exclude-insufficient-detail,false,8d7a82393131096bb56fd676b7898cdd88ca176b682a0a5c06f55f8c3473c15c,c0977ed07d0c0bb25ea3a6be52e377f86d10bf3fff91d6bdccd389395e842c07,4c3c7b94db4f0cab66f00e4c2f9ada1198f700b0ad9857f19b8b4fee1dd7f212,A-C0124-01;A-C0124-03,screening-01;screening-03,abstract_only;abstract_only,A3,NR,ready_for_normalization
C0125,batch-04.md,excluded,exclude-insufficient-detail,false,c6fde12f58022986e73f4079f274d999dcf7708167445284ea2a8888db5c5761,c0977ed07d0c0bb25ea3a6be52e377f86d10bf3fff91d6bdccd389395e842c07,4c3c7b94db4f0cab66f00e4c2f9ada1198f700b0ad9857f19b8b4fee1dd7f212,A-C0125-03;A-C0125-06,screening-03;screening-06,abstract_only;abstract_only,A3,NR,ready_for_normalization
C0127,batch-04.md,excluded,exclude-insufficient-detail,false,d8aff3b9007a45f7d9ffad207bd81dd34b27909cf0d025492fd6d1dd04b684b4,c0977ed07d0c0bb25ea3a6be52e377f86d10bf3fff91d6bdccd389395e842c07,4c3c7b94db4f0cab66f00e4c2f9ada1198f700b0ad9857f19b8b4fee1dd7f212,A-C0127-01;A-C0127-06,screening-01;screening-06,abstract_only;abstract_only,A3,NR,ready_for_normalization
C0129,batch-04.md,excluded,exclude-insufficient-detail,false,ba6d36662a157a6e409b9f15a838c1604cc71318f15e9d8d35e6b790c1d34991,c0977ed07d0c0bb25ea3a6be52e377f86d10bf3fff91d6bdccd389395e842c07,4c3c7b94db4f0cab66f00e4c2f9ada1198f700b0ad9857f19b8b4fee1dd7f212,A-C0129-01;A-C0129-04,screening-01;screening-04,abstract_only;abstract_only,A3,NR,ready_for_normalization
C0130,batch-04.md,excluded,exclude-out-of-scope,false,45af938660217557fe8d3af1a24f1bcfb0a19d58b15df5df874ff8ffe7b57bf8,c0977ed07d0c0bb25ea3a6be52e377f86d10bf3fff91d6bdccd389395e842c07,4c3c7b94db4f0cab66f00e4c2f9ada1198f700b0ad9857f19b8b4fee1dd7f212,A-C0130-01;A-C0130-05,screening-01;screening-05,full_text;full_text,A3,NR,ready_for_normalization
C0131,batch-01.md,included,include-relevant,false,650909ec33a0048c1346ffcd70e0ed11b8c54d64a701e0c56eb9cadec45c6bec,c0977ed07d0c0bb25ea3a6be52e377f86d10bf3fff91d6bdccd389395e842c07,4c3c7b94db4f0cab66f00e4c2f9ada1198f700b0ad9857f19b8b4fee1dd7f212,A-C0131-02;A-C0131-04,screening-02;screening-04,official_documentation;official_documentation,A1;A2,NR,ready_for_normalization
C0133,batch-04.md,excluded,exclude-insufficient-detail,false,ef399b87770a9e1ab65cb1ff46216155d9a9657cbb67d0ff2bc0645cf845a031,c0977ed07d0c0bb25ea3a6be52e377f86d10bf3fff91d6bdccd389395e842c07,4c3c7b94db4f0cab66f00e4c2f9ada1198f700b0ad9857f19b8b4fee1dd7f212,A-C0133-03;A-C0133-06,screening-03;screening-06,abstract_only;abstract_only,A3,NR,ready_for_normalization
C0135,batch-04.md,excluded,exclude-insufficient-detail,false,23e94cb43900179ea528e7993eaf7d9341b362dc5a84c4cc32d20a2923b5e0ad,c0977ed07d0c0bb25ea3a6be52e377f86d10bf3fff91d6bdccd389395e842c07,4c3c7b94db4f0cab66f00e4c2f9ada1198f700b0ad9857f19b8b4fee1dd7f212,A-C0135-01;A-C0135-06,screening-01;screening-06,abstract_only;abstract_only,A3,NR,ready_for_normalization
C0138,batch-04.md,excluded,exclude-insufficient-detail,false,87fcc5c4cf644dc09830ed22ec7e2dc6d8fa7b0947d4362c91f2d0e1b161da96,c0977ed07d0c0bb25ea3a6be52e377f86d10bf3fff91d6bdccd389395e842c07,4c3c7b94db4f0cab66f00e4c2f9ada1198f700b0ad9857f19b8b4fee1dd7f212,A-C0138-04;A-C0138-06,screening-04;screening-06,abstract_only;abstract_only,A3,NR,ready_for_normalization
C0139,batch-05.md,excluded,exclude-insufficient-detail,false,cb2392010d74b33631c453cf872f08b79c593b0b15d6a7912175633f34679eea,c0977ed07d0c0bb25ea3a6be52e377f86d10bf3fff91d6bdccd389395e842c07,4c3c7b94db4f0cab66f00e4c2f9ada1198f700b0ad9857f19b8b4fee1dd7f212,A-C0139-03;A-C0139-05,screening-03;screening-05,abstract_only;abstract_only,A3,NR,ready_for_normalization
C0140,batch-01.md,included,include-relevant,false,f3e8eba599c3d9ec3570f5feacad61cf226eb5d0e92d0eec62fe1ecf9d2fbb65,c0977ed07d0c0bb25ea3a6be52e377f86d10bf3fff91d6bdccd389395e842c07,4c3c7b94db4f0cab66f00e4c2f9ada1198f700b0ad9857f19b8b4fee1dd7f212,A-C0140-01;A-C0140-05,screening-01;screening-05,full_text;full_text,A1;A2,NR,ready_for_normalization
C0141,batch-05.md,excluded,exclude-insufficient-detail,false,d6d4890b46cacaa5e6410efe21013749b44cb03ded09669aa29b734e3b0fa537,c0977ed07d0c0bb25ea3a6be52e377f86d10bf3fff91d6bdccd389395e842c07,4c3c7b94db4f0cab66f00e4c2f9ada1198f700b0ad9857f19b8b4fee1dd7f212,A-C0141-02;A-C0141-03,screening-02;screening-03,abstract_only;abstract_only,A3,NR,ready_for_normalization
C0142,batch-05.md,excluded,exclude-insufficient-detail,false,ff70f0604cc909c7f1ce77acf8737079e72482f427de6a2eca80896fe3ceb9b4,c0977ed07d0c0bb25ea3a6be52e377f86d10bf3fff91d6bdccd389395e842c07,4c3c7b94db4f0cab66f00e4c2f9ada1198f700b0ad9857f19b8b4fee1dd7f212,A-C0142-01;A-C0142-06,screening-01;screening-06,abstract_only;abstract_only,A3,NR,ready_for_normalization
C0143,batch-01.md,included,include-relevant,false,efb402cd3856f8f21483b758dc068d35771916cf0c1b0e47b2e02317271e9bc6,c0977ed07d0c0bb25ea3a6be52e377f86d10bf3fff91d6bdccd389395e842c07,4c3c7b94db4f0cab66f00e4c2f9ada1198f700b0ad9857f19b8b4fee1dd7f212,A-C0143-02;A-C0143-06,screening-02;screening-06,full_text;full_text,A4,X57B57E64E501,ready_for_normalization
C0144,batch-05.md,excluded,exclude-insufficient-detail,false,c75c81aaa496dd64780206bcae5ee94140f8cd0214cda53a00c3644ddf09b878,c0977ed07d0c0bb25ea3a6be52e377f86d10bf3fff91d6bdccd389395e842c07,4c3c7b94db4f0cab66f00e4c2f9ada1198f700b0ad9857f19b8b4fee1dd7f212,A-C0144-02;A-C0144-06,screening-02;screening-06,abstract_only;abstract_only,A3,NR,ready_for_normalization
C0149,batch-05.md,excluded,exclude-insufficient-detail,false,8fc2a263a9e2f6c15e3112f2e3b0c91d946bebfd9bfeebba129737bac2ae13e0,c0977ed07d0c0bb25ea3a6be52e377f86d10bf3fff91d6bdccd389395e842c07,4c3c7b94db4f0cab66f00e4c2f9ada1198f700b0ad9857f19b8b4fee1dd7f212,A-C0149-03;A-C0149-04,screening-03;screening-04,abstract_only;abstract_only,A3,NR,ready_for_normalization
C0151,batch-05.md,excluded,exclude-insufficient-detail,false,9a6b063dc3088c0fae6c7077f77d712b302cf66d360cfc9851696b54579c0897,c0977ed07d0c0bb25ea3a6be52e377f86d10bf3fff91d6bdccd389395e842c07,4c3c7b94db4f0cab66f00e4c2f9ada1198f700b0ad9857f19b8b4fee1dd7f212,A-C0151-01;A-C0151-05,screening-01;screening-05,abstract_only;abstract_only,A3,NR,ready_for_normalization
C0153,batch-05.md,excluded,exclude-insufficient-detail,false,f6ea157a9132dd15101aee0fb57fc584e76ee88bb12acecbfca19593b2840dbc,c0977ed07d0c0bb25ea3a6be52e377f86d10bf3fff91d6bdccd389395e842c07,4c3c7b94db4f0cab66f00e4c2f9ada1198f700b0ad9857f19b8b4fee1dd7f212,A-C0153-05;A-C0153-06,screening-05;screening-06,abstract_only;abstract_only,A3,NR,ready_for_normalization
C0155,batch-05.md,excluded,exclude-insufficient-detail,false,53fb16f805f44b8d105fa0afd0f5cb8b6e287dd567f99237458001893c1615d6,c0977ed07d0c0bb25ea3a6be52e377f86d10bf3fff91d6bdccd389395e842c07,4c3c7b94db4f0cab66f00e4c2f9ada1198f700b0ad9857f19b8b4fee1dd7f212,A-C0155-04;A-C0155-06,screening-04;screening-06,abstract_only;abstract_only,A3,NR,ready_for_normalization
C0157,batch-05.md,excluded,exclude-insufficient-detail,false,e3f1b858e1839aaf32ab840e4265d1acef24f9f28367a5605b5bba42eb84ed03,c0977ed07d0c0bb25ea3a6be52e377f86d10bf3fff91d6bdccd389395e842c07,4c3c7b94db4f0cab66f00e4c2f9ada1198f700b0ad9857f19b8b4fee1dd7f212,A-C0157-02;A-C0157-03,screening-02;screening-03,abstract_only;abstract_only,A3,NR,ready_for_normalization
C0159,batch-05.md,excluded,exclude-insufficient-detail,false,5c127f6e57c7317e10866a0cdb1d940b3bc4c1d37f7dca50a0e51d0d0b8d0d27,c0977ed07d0c0bb25ea3a6be52e377f86d10bf3fff91d6bdccd389395e842c07,4c3c7b94db4f0cab66f00e4c2f9ada1198f700b0ad9857f19b8b4fee1dd7f212,A-C0159-02;A-C0159-03,screening-02;screening-03,abstract_only;abstract_only,A3,NR,ready_for_normalization
C0160,batch-05.md,excluded,exclude-insufficient-detail,false,3d12d4f247937d0f29160d43d8ea4339daba598085d7a5901f8557de8a7f77a8,c0977ed07d0c0bb25ea3a6be52e377f86d10bf3fff91d6bdccd389395e842c07,4c3c7b94db4f0cab66f00e4c2f9ada1198f700b0ad9857f19b8b4fee1dd7f212,A-C0160-03;A-C0160-06,screening-03;screening-06,abstract_only;abstract_only,A3,NR,ready_for_normalization
C0166,batch-05.md,excluded,exclude-insufficient-detail,false,d57a89f1f9b6d13070bc42abcf0ba70de9dd38aca13b42ef01eef76e718e35d9,c0977ed07d0c0bb25ea3a6be52e377f86d10bf3fff91d6bdccd389395e842c07,4c3c7b94db4f0cab66f00e4c2f9ada1198f700b0ad9857f19b8b4fee1dd7f212,A-C0166-05;A-C0166-06,screening-05;screening-06,abstract_only;abstract_only,A3,NR,ready_for_normalization
C0167,batch-05.md,excluded,exclude-insufficient-detail,false,565e170e9af01db08d1fb2cbe415b6588cb8bee5c47ea55c7692900ffe1cb471,c0977ed07d0c0bb25ea3a6be52e377f86d10bf3fff91d6bdccd389395e842c07,4c3c7b94db4f0cab66f00e4c2f9ada1198f700b0ad9857f19b8b4fee1dd7f212,A-C0167-01;A-C0167-02,screening-01;screening-02,abstract_only;abstract_only,A3,NR,ready_for_normalization
C0169,batch-05.md,excluded,exclude-insufficient-detail,false,0fe9c80e837046eccab8b1ada12e83e25fdd65458457083270d7af268df3974b,c0977ed07d0c0bb25ea3a6be52e377f86d10bf3fff91d6bdccd389395e842c07,4c3c7b94db4f0cab66f00e4c2f9ada1198f700b0ad9857f19b8b4fee1dd7f212,A-C0169-01;A-C0169-05,screening-01;screening-05,abstract_only;abstract_only,A3,NR,ready_for_normalization
C0170,batch-05.md,excluded,exclude-insufficient-detail,false,30362de47a21440db13be82cb792e6d89d5afdbade696da74e31595c0f133b8a,c0977ed07d0c0bb25ea3a6be52e377f86d10bf3fff91d6bdccd389395e842c07,4c3c7b94db4f0cab66f00e4c2f9ada1198f700b0ad9857f19b8b4fee1dd7f212,A-C0170-01;A-C0170-03,screening-01;screening-03,abstract_only;abstract_only,A3,NR,ready_for_normalization
C0171,batch-05.md,excluded,exclude-insufficient-detail,false,82b72591185212c65a788c134c90d930f7556798c0328249037df98d8cc7e007,c0977ed07d0c0bb25ea3a6be52e377f86d10bf3fff91d6bdccd389395e842c07,4c3c7b94db4f0cab66f00e4c2f9ada1198f700b0ad9857f19b8b4fee1dd7f212,A-C0171-01;A-C0171-05,screening-01;screening-05,abstract_only;abstract_only,A3,NR,ready_for_normalization
C0173,batch-05.md,excluded,exclude-insufficient-detail,true,dc572d58116e36524d44904a55aa476d334b4be284334857b31ef3020de86828,c0977ed07d0c0bb25ea3a6be52e377f86d10bf3fff91d6bdccd389395e842c07,4c3c7b94db4f0cab66f00e4c2f9ada1198f700b0ad9857f19b8b4fee1dd7f212,A-C0173-04;A-C0173-05,screening-04;screening-05,full_text;full_text,A3,NR,requires_accountable_author_review
C0184,batch-05.md,excluded,exclude-insufficient-detail,false,ae4622473c59f30c53b60051463d86c181a05e81164b2cf2b49626ed46896a6a,c0977ed07d0c0bb25ea3a6be52e377f86d10bf3fff91d6bdccd389395e842c07,4c3c7b94db4f0cab66f00e4c2f9ada1198f700b0ad9857f19b8b4fee1dd7f212,A-C0184-04;A-C0184-05,screening-04;screening-05,abstract_only;abstract_only,A3,NR,ready_for_normalization
C0185,batch-05.md,excluded,exclude-insufficient-detail,false,33d5696b8da190f7f65e66830f262e64837f6ddc887da3c34a4bda5ee720c42b,c0977ed07d0c0bb25ea3a6be52e377f86d10bf3fff91d6bdccd389395e842c07,4c3c7b94db4f0cab66f00e4c2f9ada1198f700b0ad9857f19b8b4fee1dd7f212,A-C0185-01;A-C0185-03,screening-01;screening-03,abstract_only;abstract_only,A3,NR,ready_for_normalization
C0187,batch-01.md,excluded,exclude-out-of-scope,false,92d86d20559409f5ed826e11f8dc0c7a1d2a06fd37521890816800b6b420ea22,c0977ed07d0c0bb25ea3a6be52e377f86d10bf3fff91d6bdccd389395e842c07,4c3c7b94db4f0cab66f00e4c2f9ada1198f700b0ad9857f19b8b4fee1dd7f212,A-C0187-02;A-C0187-04,screening-02;screening-04,official_documentation;official_documentation,A1;A2,NR,ready_for_normalization
C0188,batch-01.md,included,include-relevant,false,b77c5f90dc49df8d4633bfbd084023ce847eebcee223f3d2eb0a154b81d1219c,c0977ed07d0c0bb25ea3a6be52e377f86d10bf3fff91d6bdccd389395e842c07,4c3c7b94db4f0cab66f00e4c2f9ada1198f700b0ad9857f19b8b4fee1dd7f212,A-C0188-02;A-C0188-05,screening-02;screening-05,official_documentation;official_documentation,A1;A2,NR,ready_for_normalization
C0189,batch-05.md,excluded,exclude-insufficient-detail,false,1e59aea3a8f04a96a76f979e28954bfad2105b12747b0b33448aa067a5bc3577,c0977ed07d0c0bb25ea3a6be52e377f86d10bf3fff91d6bdccd389395e842c07,4c3c7b94db4f0cab66f00e4c2f9ada1198f700b0ad9857f19b8b4fee1dd7f212,A-C0189-03;A-C0189-04,screening-03;screening-04,abstract_only;abstract_only,A3,NR,ready_for_normalization
C0190,batch-05.md,excluded,exclude-insufficient-detail,false,dc9e85e74c706929780de166f7b420051f784ac44f928d4931795897749bf121,c0977ed07d0c0bb25ea3a6be52e377f86d10bf3fff91d6bdccd389395e842c07,4c3c7b94db4f0cab66f00e4c2f9ada1198f700b0ad9857f19b8b4fee1dd7f212,A-C0190-04;A-C0190-05,screening-04;screening-05,abstract_only;abstract_only,A3,NR,ready_for_normalization
C0192,batch-05.md,excluded,exclude-insufficient-detail,false,29b2f6d0d43e0506e6b6cd75d02d37a6dc7a54bb2824a753be997f3755ec4ab4,c0977ed07d0c0bb25ea3a6be52e377f86d10bf3fff91d6bdccd389395e842c07,4c3c7b94db4f0cab66f00e4c2f9ada1198f700b0ad9857f19b8b4fee1dd7f212,A-C0192-02;A-C0192-04,screening-02;screening-04,abstract_only;abstract_only,A3,NR,ready_for_normalization
C0193,batch-05.md,excluded,exclude-insufficient-detail,false,190507be3e2d48284326a1936548ac61047e510ee9e2e07c7ac2d73ca2ad8d8c,c0977ed07d0c0bb25ea3a6be52e377f86d10bf3fff91d6bdccd389395e842c07,4c3c7b94db4f0cab66f00e4c2f9ada1198f700b0ad9857f19b8b4fee1dd7f212,A-C0193-01;A-C0193-02,screening-01;screening-02,abstract_only;abstract_only,A3,NR,ready_for_normalization
C0199,batch-05.md,excluded,exclude-insufficient-detail,false,deafa0fdc72ba5573e6cf1ecc93509f0a1d3425846c997532b5b7cb74afed3cf,c0977ed07d0c0bb25ea3a6be52e377f86d10bf3fff91d6bdccd389395e842c07,4c3c7b94db4f0cab66f00e4c2f9ada1198f700b0ad9857f19b8b4fee1dd7f212,A-C0199-01;A-C0199-03,screening-01;screening-03,abstract_only;abstract_only,A3,NR,ready_for_normalization
C0200,batch-05.md,excluded,exclude-insufficient-detail,false,928d59c23a4b57f634f5df96ef1acb422b7d7b7f40cdcb093ab6aae542fce809,c0977ed07d0c0bb25ea3a6be52e377f86d10bf3fff91d6bdccd389395e842c07,4c3c7b94db4f0cab66f00e4c2f9ada1198f700b0ad9857f19b8b4fee1dd7f212,A-C0200-01;A-C0200-04,screening-01;screening-04,abstract_only;abstract_only,A3,NR,ready_for_normalization
C0201,batch-05.md,excluded,exclude-insufficient-detail,false,998cfb6fbe1d351d8be3ede415982b9a7390b454ca794b8535161845ec4997b5,c0977ed07d0c0bb25ea3a6be52e377f86d10bf3fff91d6bdccd389395e842c07,4c3c7b94db4f0cab66f00e4c2f9ada1198f700b0ad9857f19b8b4fee1dd7f212,A-C0201-01;A-C0201-03,screening-01;screening-03,abstract_only;abstract_only,A3,NR,ready_for_normalization
C0203,batch-01.md,included,include-relevant,false,5ea86ffb191b9180dcebab390b2880aadf9b83e1dabbcf40cc53220384831d18,c0977ed07d0c0bb25ea3a6be52e377f86d10bf3fff91d6bdccd389395e842c07,4c3c7b94db4f0cab66f00e4c2f9ada1198f700b0ad9857f19b8b4fee1dd7f212,A-C0203-01;A-C0203-04,screening-01;screening-04,official_documentation;official_documentation,A1;A2,NR,ready_for_normalization
C0204,batch-05.md,excluded,exclude-insufficient-detail,false,1913a494b08bf1889d6c8a1f86c81d8f602b920ed1de977b7b57ac4c135a1236,c0977ed07d0c0bb25ea3a6be52e377f86d10bf3fff91d6bdccd389395e842c07,4c3c7b94db4f0cab66f00e4c2f9ada1198f700b0ad9857f19b8b4fee1dd7f212,A-C0204-02;A-C0204-04,screening-02;screening-04,abstract_only;abstract_only,A3,NR,ready_for_normalization
C0206,batch-05.md,excluded,exclude-insufficient-detail,false,5ea269dcd44aa22b771eb6e0a595f9e804e6b0fd17cdd2da8cdc15e3e0fd7b3c,c0977ed07d0c0bb25ea3a6be52e377f86d10bf3fff91d6bdccd389395e842c07,4c3c7b94db4f0cab66f00e4c2f9ada1198f700b0ad9857f19b8b4fee1dd7f212,A-C0206-04;A-C0206-05,screening-04;screening-05,abstract_only;abstract_only,A3,NR,ready_for_normalization
C0207,batch-05.md,excluded,exclude-insufficient-detail,false,3a4f3732e12cc729059854ce2db02d79518be141f2e8824881e9e074b1228b6a,c0977ed07d0c0bb25ea3a6be52e377f86d10bf3fff91d6bdccd389395e842c07,4c3c7b94db4f0cab66f00e4c2f9ada1198f700b0ad9857f19b8b4fee1dd7f212,A-C0207-03;A-C0207-05,screening-03;screening-05,abstract_only;abstract_only,A3,NR,ready_for_normalization
C0209,batch-05.md,excluded,exclude-insufficient-detail,false,c36aa7113d79012a4fa6acf92bbb1ec9478002e8eb33a0eccf092cc536dc0f69,c0977ed07d0c0bb25ea3a6be52e377f86d10bf3fff91d6bdccd389395e842c07,4c3c7b94db4f0cab66f00e4c2f9ada1198f700b0ad9857f19b8b4fee1dd7f212,A-C0209-02;A-C0209-04,screening-02;screening-04,abstract_only;abstract_only,A3,NR,ready_for_normalization
C0210,batch-05.md,excluded,exclude-insufficient-detail,false,b085a47dfae1d65c0b3f13c29af1055fe2c604f6e7187c3bc51d543d97680958,c0977ed07d0c0bb25ea3a6be52e377f86d10bf3fff91d6bdccd389395e842c07,4c3c7b94db4f0cab66f00e4c2f9ada1198f700b0ad9857f19b8b4fee1dd7f212,A-C0210-01;A-C0210-04,screening-01;screening-04,abstract_only;abstract_only,A3,NR,ready_for_normalization
